curve_id,point_index,path_output_kw,efficiency_ratio,pdf_page_1based,pdf_x,pdf_y,source_id,evidence_status,claim_scope
AC2BAT_STANDARD,0,0.1559895762318183,0.8999881360311446,64,480.3170471191406,253.98861694335938,SRC-B07-HTW-SAX-REFERENCE-2026,DER,PUBLISHED_FITTED_CURVE_REFERENCE
AC2BAT_STANDARD,1,0.16003497128190522,0.9022762289986368,64,480.4063720703125,250.49842834472656,SRC-B07-HTW-SAX-REFERENCE-2026,DER,PUBLISHED_FITTED_CURVE_REFERENCE
AC2BAT_STANDARD,2,0.16998191633673113,0.907426416335114,64,480.6260070800781,242.64248657226562,SRC-B07-HTW-SAX-REFERENCE-2026,DER,PUBLISHED_FITTED_CURVE_REFERENCE
AC2BAT_STANDARD,3,0.18003804697712478,0.9120500280842959,64,480.8480529785156,235.5897674560547,SRC-B07-HTW-SAX-REFERENCE-2026,DER,PUBLISHED_FITTED_CURVE_REFERENCE
AC2BAT_STANDARD,4,0.1899863741279705,0.9162245700906045,64,481.0677185058594,229.2220458984375,SRC-B07-HTW-SAX-REFERENCE-2026,DER,PUBLISHED_FITTED_CURVE_REFERENCE
AC2BAT_STANDARD,5,0.20004250476836416,0.9200117029148317,64,481.2897644042969,223.4452667236328,SRC-B07-HTW-SAX-REFERENCE-2026,DER,PUBLISHED_FITTED_CURVE_REFERENCE
AC2BAT_STANDARD,6,0.20998944982319004,0.9234620234285682,64,481.5093994140625,218.1822509765625,SRC-B07-HTW-SAX-REFERENCE-2026,DER,PUBLISHED_FITTED_CURVE_REFERENCE
AC2BAT_STANDARD,7,0.22004696255960354,0.9266198163986256,64,481.7314758300781,213.36544799804688,SRC-B07-HTW-SAX-REFERENCE-2026,DER,PUBLISHED_FITTED_CURVE_REFERENCE
AC2BAT_STANDARD,8,0.22999390761442945,0.9295182728926071,64,481.95111083984375,208.94422912597656,SRC-B07-HTW-SAX-REFERENCE-2026,DER,PUBLISHED_FITTED_CURVE_REFERENCE
AC2BAT_STANDARD,9,0.24005142035084298,0.9321890334610945,64,482.1731872558594,204.87033081054688,SRC-B07-HTW-SAX-REFERENCE-2026,DER,PUBLISHED_FITTED_CURVE_REFERENCE
AC2BAT_STANDARD,10,0.24999836540566886,0.9346573765332119,64,482.392822265625,201.10519409179688,SRC-B07-HTW-SAX-REFERENCE-2026,DER,PUBLISHED_FITTED_CURVE_REFERENCE
AC2BAT_STANDARD,11,0.2600544960460625,0.9369454695007041,64,482.6148681640625,197.61500549316406,SRC-B07-HTW-SAX-REFERENCE-2026,DER,PUBLISHED_FITTED_CURVE_REFERENCE
AC2BAT_STANDARD,12,0.2700028231969082,0.9390722686845803,64,482.83453369140625,194.370849609375,SRC-B07-HTW-SAX-REFERENCE-2026,DER,PUBLISHED_FITTED_CURVE_REFERENCE
AC2BAT_STANDARD,13,0.2799497682517341,0.9410520188347702,64,483.0541687011719,191.3509979248047,SRC-B07-HTW-SAX-REFERENCE-2026,DER,PUBLISHED_FITTED_CURVE_REFERENCE
AC2BAT_STANDARD,14,0.2900072809881476,0.9429021057485901,64,483.2762451171875,188.5289306640625,SRC-B07-HTW-SAX-REFERENCE-2026,DER,PUBLISHED_FITTED_CURVE_REFERENCE
AC2BAT_STANDARD,15,0.2999542260429735,0.9446335831119055,64,483.4958801269531,185.88778686523438,SRC-B07-HTW-SAX-REFERENCE-2026,DER,PUBLISHED_FITTED_CURVE_REFERENCE
AC2BAT_STANDARD,16,0.3100103566833672,0.9462575446239244,64,483.7179260253906,183.41064453125,SRC-B07-HTW-SAX-REFERENCE-2026,DER,PUBLISHED_FITTED_CURVE_REFERENCE
AC2BAT_STANDARD,17,0.3199586838342129,0.9477818829164548,64,483.9375915527344,181.08546447753906,SRC-B07-HTW-SAX-REFERENCE-2026,DER,PUBLISHED_FITTED_CURVE_REFERENCE
AC2BAT_STANDARD,18,0.33001481447460657,0.9492176716820335,64,484.1596374511719,178.89535522460938,SRC-B07-HTW-SAX-REFERENCE-2026,DER,PUBLISHED_FITTED_CURVE_REFERENCE
AC2BAT_STANDARD,19,0.3399617595294324,0.9505696525017467,64,484.3792724609375,176.8330841064453,SRC-B07-HTW-SAX-REFERENCE-2026,DER,PUBLISHED_FITTED_CURVE_REFERENCE
AC2BAT_STANDARD,20,0.35001927226584595,0.9518473085377669,64,484.6013488769531,174.88418579101562,SRC-B07-HTW-SAX-REFERENCE-2026,DER,PUBLISHED_FITTED_CURVE_REFERENCE
AC2BAT_STANDARD,21,0.3599662173206718,0.9530554013778515,64,484.82098388671875,173.04139709472656,SRC-B07-HTW-SAX-REFERENCE-2026,DER,PUBLISHED_FITTED_CURVE_REFERENCE
AC2BAT_STANDARD,22,0.37002373005708533,0.9542002331234442,64,485.0430603027344,171.29510498046875,SRC-B07-HTW-SAX-REFERENCE-2026,DER,PUBLISHED_FITTED_CURVE_REFERENCE
AC2BAT_STANDARD,23,0.37997067511191124,0.9552849848352736,64,485.2626953125,169.6404571533203,SRC-B07-HTW-SAX-REFERENCE-2026,DER,PUBLISHED_FITTED_CURVE_REFERENCE
AC2BAT_STANDARD,24,0.39002680575230486,0.9563143880910904,64,485.4847412109375,168.0702362060547,SRC-B07-HTW-SAX-REFERENCE-2026,DER,PUBLISHED_FITTED_CURVE_REFERENCE
AC2BAT_STANDARD,25,0.3999751329031506,0.9572931944753164,64,485.70440673828125,166.5771942138672,SRC-B07-HTW-SAX-REFERENCE-2026,DER,PUBLISHED_FITTED_CURVE_REFERENCE
AC2BAT_STANDARD,26,0.4100312635435443,0.9582245550386734,64,485.92645263671875,165.15652465820312,SRC-B07-HTW-SAX-REFERENCE-2026,DER,PUBLISHED_FITTED_CURVE_REFERENCE
AC2BAT_STANDARD,27,0.41997959069439,0.9591116508418903,64,486.1461181640625,163.80337524414062,SRC-B07-HTW-SAX-REFERENCE-2026,DER,PUBLISHED_FITTED_CURVE_REFERENCE
AC2BAT_STANDARD,28,0.4300357213347836,0.9599576329356888,64,486.3681640625,162.512939453125,SRC-B07-HTW-SAX-REFERENCE-2026,DER,PUBLISHED_FITTED_CURVE_REFERENCE
AC2BAT_STANDARD,29,0.4399826663896096,0.9607656523707908,64,486.5877990722656,161.28041076660156,SRC-B07-HTW-SAX-REFERENCE-2026,DER,PUBLISHED_FITTED_CURVE_REFERENCE
AC2BAT_STANDARD,30,0.45004017912602307,0.9615373096808962,64,486.80987548828125,160.1033477783203,SRC-B07-HTW-SAX-REFERENCE-2026,DER,PUBLISHED_FITTED_CURVE_REFERENCE
AC2BAT_STANDARD,31,0.459987124180849,0.9622741853930339,64,487.0295104980469,158.97933959960938,SRC-B07-HTW-SAX-REFERENCE-2026,DER,PUBLISHED_FITTED_CURVE_REFERENCE
AC2BAT_STANDARD,32,0.4700446369172625,0.9629810010816187,64,487.2515869140625,157.90118408203125,SRC-B07-HTW-SAX-REFERENCE-2026,DER,PUBLISHED_FITTED_CURVE_REFERENCE
AC2BAT_STANDARD,33,0.47999158197208835,0.9636577867566575,64,487.4712219238281,156.86883544921875,SRC-B07-HTW-SAX-REFERENCE-2026,DER,PUBLISHED_FITTED_CURVE_REFERENCE
AC2BAT_STANDARD,34,0.49004909470850183,0.9643061029385077,64,487.69329833984375,155.87991333007812,SRC-B07-HTW-SAX-REFERENCE-2026,DER,PUBLISHED_FITTED_CURVE_REFERENCE
AC2BAT_STANDARD,35,0.4999960397633278,0.9649291306878983,64,487.9129333496094,154.9295654296875,SRC-B07-HTW-SAX-REFERENCE-2026,DER,PUBLISHED_FITTED_CURVE_REFERENCE
AC2BAT_STANDARD,36,0.5099429848181536,0.9655252594677934,64,488.132568359375,154.02024841308594,SRC-B07-HTW-SAX-REFERENCE-2026,DER,PUBLISHED_FITTED_CURVE_REFERENCE
AC2BAT_STANDARD,37,0.5200004975545671,0.9660992608692863,64,488.3546447753906,153.14468383789062,SRC-B07-HTW-SAX-REFERENCE-2026,DER,PUBLISHED_FITTED_CURVE_REFERENCE
AC2BAT_STANDARD,38,0.5299474426093931,0.9666511148857057,64,488.57427978515625,152.3029022216797,SRC-B07-HTW-SAX-REFERENCE-2026,DER,PUBLISHED_FITTED_CURVE_REFERENCE
AC2BAT_STANDARD,39,0.5400035732497868,0.9671824220507514,64,488.79632568359375,151.49246215820312,SRC-B07-HTW-SAX-REFERENCE-2026,DER,PUBLISHED_FITTED_CURVE_REFERENCE
AC2BAT_STANDARD,40,0.5499519004006324,0.967693172361088,64,489.0159912109375,150.71337890625,SRC-B07-HTW-SAX-REFERENCE-2026,DER,PUBLISHED_FITTED_CURVE_REFERENCE
AC2BAT_STANDARD,41,0.560008031041026,0.9681849363404085,64,489.238037109375,149.9632568359375,SRC-B07-HTW-SAX-REFERENCE-2026,DER,PUBLISHED_FITTED_CURVE_REFERENCE
AC2BAT_STANDARD,42,0.5699563581918718,0.9686593245257485,64,489.45770263671875,149.23963928222656,SRC-B07-HTW-SAX-REFERENCE-2026,DER,PUBLISHED_FITTED_CURVE_REFERENCE
AC2BAT_STANDARD,43,0.5800124888322655,0.9691163169104368,64,489.67974853515625,148.5425567626953,SRC-B07-HTW-SAX-REFERENCE-2026,DER,PUBLISHED_FITTED_CURVE_REFERENCE
AC2BAT_STANDARD,44,0.5899594338870913,0.9695559034911377,64,489.8993835449219,147.8720245361328,SRC-B07-HTW-SAX-REFERENCE-2026,DER,PUBLISHED_FITTED_CURVE_REFERENCE
AC2BAT_STANDARD,45,0.6000169466235048,0.9699828458556089,64,490.1214599609375,147.2207794189453,SRC-B07-HTW-SAX-REFERENCE-2026,DER,PUBLISHED_FITTED_CURVE_REFERENCE
AC2BAT_STANDARD,46,0.6099638916783308,0.970393972946457,64,490.3410949707031,146.59365844726562,SRC-B07-HTW-SAX-REFERENCE-2026,DER,PUBLISHED_FITTED_CURVE_REFERENCE
AC2BAT_STANDARD,47,0.6200214044147443,0.9707908752940465,64,490.56317138671875,145.9882354736328,SRC-B07-HTW-SAX-REFERENCE-2026,DER,PUBLISHED_FITTED_CURVE_REFERENCE
AC2BAT_STANDARD,48,0.6299683494695701,0.9711735428950417,64,490.7828063964844,145.40452575683594,SRC-B07-HTW-SAX-REFERENCE-2026,DER,PUBLISHED_FITTED_CURVE_REFERENCE
AC2BAT_STANDARD,49,0.6400258622059837,0.9715451368035002,64,491.0048828125,144.83770751953125,SRC-B07-HTW-SAX-REFERENCE-2026,DER,PUBLISHED_FITTED_CURVE_REFERENCE
AC2BAT_STANDARD,50,0.6499728072608095,0.9719040864957288,64,491.2245178222656,144.29017639160156,SRC-B07-HTW-SAX-REFERENCE-2026,DER,PUBLISHED_FITTED_CURVE_REFERENCE
AC2BAT_STANDARD,51,0.6600289379012032,0.9722519624954206,64,491.4465637207031,143.75953674316406,SRC-B07-HTW-SAX-REFERENCE-2026,DER,PUBLISHED_FITTED_CURVE_REFERENCE
AC2BAT_STANDARD,52,0.6699772650520489,0.9725871942788825,64,491.6662292480469,143.24818420410156,SRC-B07-HTW-SAX-REFERENCE-2026,DER,PUBLISHED_FITTED_CURVE_REFERENCE
AC2BAT_STANDARD,53,0.6800333956924426,0.9729129328968364,64,491.8882751464844,142.75131225585938,SRC-B07-HTW-SAX-REFERENCE-2026,DER,PUBLISHED_FITTED_CURVE_REFERENCE
AC2BAT_STANDARD,54,0.6899817228432883,0.9732291783492822,64,492.1079406738281,142.2689208984375,SRC-B07-HTW-SAX-REFERENCE-2026,DER,PUBLISHED_FITTED_CURVE_REFERENCE
AC2BAT_STANDARD,55,0.700037853483682,0.9735343701158625,64,492.3299865722656,141.8033905029297,SRC-B07-HTW-SAX-REFERENCE-2026,DER,PUBLISHED_FITTED_CURVE_REFERENCE
AC2BAT_STANDARD,56,0.7099847985385079,0.9738316492439636,64,492.54962158203125,141.3499298095703,SRC-B07-HTW-SAX-REFERENCE-2026,DER,PUBLISHED_FITTED_CURVE_REFERENCE
AC2BAT_STANDARD,57,0.7199331256893536,0.9741178546795278,64,492.769287109375,140.91336059570312,SRC-B07-HTW-SAX-REFERENCE-2026,DER,PUBLISHED_FITTED_CURVE_REFERENCE
AC2BAT_STANDARD,58,0.7299892563297472,0.9743977380069772,64,492.9913330078125,140.48643493652344,SRC-B07-HTW-SAX-REFERENCE-2026,DER,PUBLISHED_FITTED_CURVE_REFERENCE
AC2BAT_STANDARD,59,0.739937583480593,0.9746681381722541,64,493.21099853515625,140.073974609375,SRC-B07-HTW-SAX-REFERENCE-2026,DER,PUBLISHED_FITTED_CURVE_REFERENCE
AC2BAT_STANDARD,60,0.7499937141209867,0.9749306256990516,64,493.43304443359375,139.673583984375,SRC-B07-HTW-SAX-REFERENCE-2026,DER,PUBLISHED_FITTED_CURVE_REFERENCE
AC2BAT_STANDARD,61,0.7599406591758125,0.9751867911177343,64,493.6526794433594,139.2828369140625,SRC-B07-HTW-SAX-REFERENCE-2026,DER,PUBLISHED_FITTED_CURVE_REFERENCE
AC2BAT_STANDARD,62,0.7699981719122261,0.975433463370909,64,493.874755859375,138.9065704345703,SRC-B07-HTW-SAX-REFERENCE-2026,DER,PUBLISHED_FITTED_CURVE_REFERENCE
AC2BAT_STANDARD,63,0.7799451169670519,0.9756754040463329,64,494.0943908691406,138.5375213623047,SRC-B07-HTW-SAX-REFERENCE-2026,DER,PUBLISHED_FITTED_CURVE_REFERENCE
AC2BAT_STANDARD,64,0.7900026297034655,0.975909422079942,64,494.31646728515625,138.18055725097656,SRC-B07-HTW-SAX-REFERENCE-2026,DER,PUBLISHED_FITTED_CURVE_REFERENCE
AC2BAT_STANDARD,65,0.7999495747582913,0.9761355474817431,64,494.5361022949219,137.83563232421875,SRC-B07-HTW-SAX-REFERENCE-2026,DER,PUBLISHED_FITTED_CURVE_REFERENCE
AC2BAT_STANDARD,66,0.810005705398685,0.9763569313024579,64,494.7581481933594,137.49794006347656,SRC-B07-HTW-SAX-REFERENCE-2026,DER,PUBLISHED_FITTED_CURVE_REFERENCE
AC2BAT_STANDARD,67,0.8199540325495308,0.9765719830117222,64,494.9778137207031,137.16990661621094,SRC-B07-HTW-SAX-REFERENCE-2026,DER,PUBLISHED_FITTED_CURVE_REFERENCE
AC2BAT_STANDARD,68,0.8300101631899245,0.9767822931399003,64,495.1998596191406,136.84910583496094,SRC-B07-HTW-SAX-REFERENCE-2026,DER,PUBLISHED_FITTED_CURVE_REFERENCE
AC2BAT_STANDARD,69,0.8399571082447503,0.9769862711566278,64,495.41949462890625,136.5379638671875,SRC-B07-HTW-SAX-REFERENCE-2026,DER,PUBLISHED_FITTED_CURVE_REFERENCE
AC2BAT_STANDARD,70,0.8500146209811638,0.977183937068576,64,495.6415710449219,136.2364501953125,SRC-B07-HTW-SAX-REFERENCE-2026,DER,PUBLISHED_FITTED_CURVE_REFERENCE
AC2BAT_STANDARD,71,0.8599615660359896,0.9773768413927667,64,495.8612060546875,135.94219970703125,SRC-B07-HTW-SAX-REFERENCE-2026,DER,PUBLISHED_FITTED_CURVE_REFERENCE
AC2BAT_STANDARD,72,0.8700190787724031,0.9775650141392069,64,496.0832824707031,135.65516662597656,SRC-B07-HTW-SAX-REFERENCE-2026,DER,PUBLISHED_FITTED_CURVE_REFERENCE
AC2BAT_STANDARD,73,0.879966023827229,0.9777468647775321,64,496.30291748046875,135.37777709960938,SRC-B07-HTW-SAX-REFERENCE-2026,DER,PUBLISHED_FITTED_CURVE_REFERENCE
AC2BAT_STANDARD,74,0.8900235365636425,0.9779255443584642,64,496.5249938964844,135.105224609375,SRC-B07-HTW-SAX-REFERENCE-2026,DER,PUBLISHED_FITTED_CURVE_REFERENCE
AC2BAT_STANDARD,75,0.8999704816184685,0.9780994823583101,64,496.74462890625,134.83990478515625,SRC-B07-HTW-SAX-REFERENCE-2026,DER,PUBLISHED_FITTED_CURVE_REFERENCE
AC2BAT_STANDARD,76,0.9100266122588622,0.9782670982500411,64,496.9666748046875,134.584228515625,SRC-B07-HTW-SAX-REFERENCE-2026,DER,PUBLISHED_FITTED_CURVE_REFERENCE
AC2BAT_STANDARD,77,0.9199749394097079,0.9784331236114077,64,497.18634033203125,134.3309783935547,SRC-B07-HTW-SAX-REFERENCE-2026,DER,PUBLISHED_FITTED_CURVE_REFERENCE
AC2BAT_STANDARD,78,0.9299218844645337,0.978592836867995,64,497.4059753417969,134.0873565673828,SRC-B07-HTW-SAX-REFERENCE-2026,DER,PUBLISHED_FITTED_CURVE_REFERENCE
AC2BAT_STANDARD,79,0.9399793972009471,0.9787493790671892,64,497.6280517578125,133.84857177734375,SRC-B07-HTW-SAX-REFERENCE-2026,DER,PUBLISHED_FITTED_CURVE_REFERENCE
AC2BAT_STANDARD,80,0.9499263422557732,0.9789027602123259,64,497.8476867675781,133.61460876464844,SRC-B07-HTW-SAX-REFERENCE-2026,DER,PUBLISHED_FITTED_CURVE_REFERENCE
AC2BAT_STANDARD,81,0.9599824728961669,0.9790514097797121,64,498.0697326660156,133.3878631591797,SRC-B07-HTW-SAX-REFERENCE-2026,DER,PUBLISHED_FITTED_CURVE_REFERENCE
AC2BAT_STANDARD,82,0.9699308000470126,0.9791968782863695,64,498.2893981933594,133.1659698486328,SRC-B07-HTW-SAX-REFERENCE-2026,DER,PUBLISHED_FITTED_CURVE_REFERENCE
AC2BAT_STANDARD,83,0.9799869306874062,0.9793376152152763,64,498.5114440917969,132.9512939453125,SRC-B07-HTW-SAX-REFERENCE-2026,DER,PUBLISHED_FITTED_CURVE_REFERENCE
AC2BAT_STANDARD,84,0.9899352578382519,0.97947518108679,64,498.7311096191406,132.741455078125,SRC-B07-HTW-SAX-REFERENCE-2026,DER,PUBLISHED_FITTED_CURVE_REFERENCE
AC2BAT_STANDARD,85,0.9999913884786455,0.9796111764346106,64,498.9531555175781,132.5340118408203,SRC-B07-HTW-SAX-REFERENCE-2026,DER,PUBLISHED_FITTED_CURVE_REFERENCE
AC2BAT_STANDARD,86,1.0099383335334713,0.9797424101946738,64,499.17279052734375,132.33383178710938,SRC-B07-HTW-SAX-REFERENCE-2026,DER,PUBLISHED_FITTED_CURVE_REFERENCE
AC2BAT_STANDARD,87,1.0199958462698848,0.9798704929040152,64,499.3948669433594,132.13845825195312,SRC-B07-HTW-SAX-REFERENCE-2026,DER,PUBLISHED_FITTED_CURVE_REFERENCE
AC2BAT_STANDARD,88,1.029942791324711,0.9799954245626347,64,499.614501953125,131.94789123535156,SRC-B07-HTW-SAX-REFERENCE-2026,DER,PUBLISHED_FITTED_CURVE_REFERENCE
AC2BAT_STANDARD,89,1.0400003040611243,0.9801171751605254,64,499.8365783691406,131.76217651367188,SRC-B07-HTW-SAX-REFERENCE-2026,DER,PUBLISHED_FITTED_CURVE_REFERENCE
AC2BAT_STANDARD,90,1.0499472491159503,0.980237355234723,64,500.05621337890625,131.578857421875,SRC-B07-HTW-SAX-REFERENCE-2026,DER,PUBLISHED_FITTED_CURVE_REFERENCE
AC2BAT_STANDARD,91,1.060003379756344,0.9803527837244989,64,500.27825927734375,131.4027862548828,SRC-B07-HTW-SAX-REFERENCE-2026,DER,PUBLISHED_FITTED_CURVE_REFERENCE
AC2BAT_STANDARD,92,1.0699517069071895,0.9804666316872459,64,500.4979248046875,131.2291259765625,SRC-B07-HTW-SAX-REFERENCE-2026,DER,PUBLISHED_FITTED_CURVE_REFERENCE
AC2BAT_STANDARD,93,1.0800078375475832,0.9805789091262999,64,500.719970703125,131.057861328125,SRC-B07-HTW-SAX-REFERENCE-2026,DER,PUBLISHED_FITTED_CURVE_REFERENCE
AC2BAT_STANDARD,94,1.089956164698429,0.9806864249775964,64,500.93963623046875,130.89385986328125,SRC-B07-HTW-SAX-REFERENCE-2026,DER,PUBLISHED_FITTED_CURVE_REFERENCE
AC2BAT_STANDARD,95,1.1000122953388227,0.9807923803085354,64,501.16168212890625,130.73223876953125,SRC-B07-HTW-SAX-REFERENCE-2026,DER,PUBLISHED_FITTED_CURVE_REFERENCE
AC2BAT_STANDARD,96,1.1099592403936487,0.9808951545787458,64,501.3813171386719,130.57546997070312,SRC-B07-HTW-SAX-REFERENCE-2026,DER,PUBLISHED_FITTED_CURVE_REFERENCE
AC2BAT_STANDARD,97,1.1200167531300622,0.980996358325263,64,501.6033935546875,130.4210968017578,SRC-B07-HTW-SAX-REFERENCE-2026,DER,PUBLISHED_FITTED_CURVE_REFERENCE
AC2BAT_STANDARD,98,1.129963698184888,0.9810959815447514,64,501.8230285644531,130.26913452148438,SRC-B07-HTW-SAX-REFERENCE-2026,DER,PUBLISHED_FITTED_CURVE_REFERENCE
AC2BAT_STANDARD,99,1.1400212109213015,0.9811924437101824,64,502.04510498046875,130.1219940185547,SRC-B07-HTW-SAX-REFERENCE-2026,DER,PUBLISHED_FITTED_CURVE_REFERENCE
AC2BAT_STANDARD,100,1.1499681559761272,0.9812857348182203,64,502.2647399902344,129.9796905517578,SRC-B07-HTW-SAX-REFERENCE-2026,DER,PUBLISHED_FITTED_CURVE_REFERENCE
AC2BAT_STANDARD,101,1.1599151010309534,0.9813790259262583,64,502.484375,129.83738708496094,SRC-B07-HTW-SAX-REFERENCE-2026,DER,PUBLISHED_FITTED_CURVE_REFERENCE
AC2BAT_STANDARD,102,1.1699726137673667,0.9814691559802387,64,502.7064514160156,129.6999053955078,SRC-B07-HTW-SAX-REFERENCE-2026,DER,PUBLISHED_FITTED_CURVE_REFERENCE
AC2BAT_STANDARD,103,1.1799195588221927,0.9815561249801615,64,502.92608642578125,129.56724548339844,SRC-B07-HTW-SAX-REFERENCE-2026,DER,PUBLISHED_FITTED_CURVE_REFERENCE
AC2BAT_STANDARD,104,1.1899770715586062,0.9816415134530558,64,503.1481628417969,129.43699645996094,SRC-B07-HTW-SAX-REFERENCE-2026,DER,PUBLISHED_FITTED_CURVE_REFERENCE
AC2BAT_STANDARD,105,1.199924016613432,0.98172690192595,64,503.3677978515625,129.30674743652344,SRC-B07-HTW-SAX-REFERENCE-2026,DER,PUBLISHED_FITTED_CURVE_REFERENCE
AC2BAT_STANDARD,106,1.2099815293498455,0.981807548817758,64,503.5898742675781,129.18373107910156,SRC-B07-HTW-SAX-REFERENCE-2026,DER,PUBLISHED_FITTED_CURVE_REFERENCE
AC2BAT_STANDARD,107,1.2199284744046714,0.981888195709566,64,503.80950927734375,129.0607147216797,SRC-B07-HTW-SAX-REFERENCE-2026,DER,PUBLISHED_FITTED_CURVE_REFERENCE
AC2BAT_STANDARD,108,1.2299846050450651,0.9819672520710097,64,504.03155517578125,128.94012451171875,SRC-B07-HTW-SAX-REFERENCE-2026,DER,PUBLISHED_FITTED_CURVE_REFERENCE
AC2BAT_STANDARD,109,1.239932932195911,0.9820431573817315,64,504.251220703125,128.8243408203125,SRC-B07-HTW-SAX-REFERENCE-2026,DER,PUBLISHED_FITTED_CURVE_REFERENCE
AC2BAT_STANDARD,110,1.2499890628363046,0.9821190626924533,64,504.4732666015625,128.70855712890625,SRC-B07-HTW-SAX-REFERENCE-2026,DER,PUBLISHED_FITTED_CURVE_REFERENCE
AC2BAT_STANDARD,111,1.2599373899871502,0.982191796945782,64,504.69293212890625,128.5976104736328,SRC-B07-HTW-SAX-REFERENCE-2026,DER,PUBLISHED_FITTED_CURVE_REFERENCE
AC2BAT_STANDARD,112,1.269993520627544,0.982262950672082,64,504.91497802734375,128.48907470703125,SRC-B07-HTW-SAX-REFERENCE-2026,DER,PUBLISHED_FITTED_CURVE_REFERENCE
AC2BAT_STANDARD,113,1.2799404656823696,0.9823325238713532,64,505.1346130371094,128.38294982910156,SRC-B07-HTW-SAX-REFERENCE-2026,DER,PUBLISHED_FITTED_CURVE_REFERENCE
AC2BAT_STANDARD,114,1.2899979784187832,0.9824005265469313,64,505.356689453125,128.2792205810547,SRC-B07-HTW-SAX-REFERENCE-2026,DER,PUBLISHED_FITTED_CURVE_REFERENCE
AC2BAT_STANDARD,115,1.2999449234736091,0.9824685192191739,64,505.5763244628906,128.17550659179688,SRC-B07-HTW-SAX-REFERENCE-2026,DER,PUBLISHED_FITTED_CURVE_REFERENCE
AC2BAT_STANDARD,116,1.3100024362100227,0.9825333508373588,64,505.79840087890625,128.0766143798828,SRC-B07-HTW-SAX-REFERENCE-2026,DER,PUBLISHED_FITTED_CURVE_REFERENCE
AC2BAT_STANDARD,117,1.3199493812648486,0.9825966019285152,64,506.0180358886719,127.98013305664062,SRC-B07-HTW-SAX-REFERENCE-2026,DER,PUBLISHED_FITTED_CURVE_REFERENCE
AC2BAT_STANDARD,118,1.3300068940012622,0.9826598530196715,64,506.2401123046875,127.88365173339844,SRC-B07-HTW-SAX-REFERENCE-2026,DER,PUBLISHED_FITTED_CURVE_REFERENCE
AC2BAT_STANDARD,119,1.339953839056088,0.982721523583799,64,506.4597473144531,127.78958129882812,SRC-B07-HTW-SAX-REFERENCE-2026,DER,PUBLISHED_FITTED_CURVE_REFERENCE
AC2BAT_STANDARD,120,1.3500099696964816,0.9827800230905335,64,506.6817932128906,127.70034790039062,SRC-B07-HTW-SAX-REFERENCE-2026,DER,PUBLISHED_FITTED_CURVE_REFERENCE
AC2BAT_STANDARD,121,1.3599582968473274,0.9828385326006036,64,506.9014587402344,127.61109924316406,SRC-B07-HTW-SAX-REFERENCE-2026,DER,PUBLISHED_FITTED_CURVE_REFERENCE
AC2BAT_STANDARD,122,1.3699052419021533,0.9828954615836449,64,507.12109375,127.52426147460938,SRC-B07-HTW-SAX-REFERENCE-2026,DER,PUBLISHED_FITTED_CURVE_REFERENCE
AC2BAT_STANDARD,123,1.379961372542547,0.9829508100396576,64,507.3431396484375,127.43983459472656,SRC-B07-HTW-SAX-REFERENCE-2026,DER,PUBLISHED_FITTED_CURVE_REFERENCE
AC2BAT_STANDARD,124,1.3899096996933926,0.9830061484923346,64,507.56280517578125,127.35542297363281,SRC-B07-HTW-SAX-REFERENCE-2026,DER,PUBLISHED_FITTED_CURVE_REFERENCE
AC2BAT_STANDARD,125,1.3999658303337863,0.9830583258909541,64,507.78485107421875,127.27583312988281,SRC-B07-HTW-SAX-REFERENCE-2026,DER,PUBLISHED_FITTED_CURVE_REFERENCE
AC2BAT_STANDARD,126,1.409914157484632,0.9831105132929092,64,508.0045166015625,127.19622802734375,SRC-B07-HTW-SAX-REFERENCE-2026,DER,PUBLISHED_FITTED_CURVE_REFERENCE
AC2BAT_STANDARD,127,1.4199702881250256,0.9831611101645,64,508.2265625,127.11904907226562,SRC-B07-HTW-SAX-REFERENCE-2026,DER,PUBLISHED_FITTED_CURVE_REFERENCE
AC2BAT_STANDARD,128,1.4299186152758714,0.9832117070360907,64,508.44622802734375,127.0418701171875,SRC-B07-HTW-SAX-REFERENCE-2026,DER,PUBLISHED_FITTED_CURVE_REFERENCE
AC2BAT_STANDARD,129,1.439974745916265,0.9832591528569598,64,508.66827392578125,126.96949768066406,SRC-B07-HTW-SAX-REFERENCE-2026,DER,PUBLISHED_FITTED_CURVE_REFERENCE
AC2BAT_STANDARD,130,1.449921690971091,0.983306588674493,64,508.8879089355469,126.89714050292969,SRC-B07-HTW-SAX-REFERENCE-2026,DER,PUBLISHED_FITTED_CURVE_REFERENCE
AC2BAT_STANDARD,131,1.4599792037075046,0.9833540244920264,64,509.1099853515625,126.82478332519531,SRC-B07-HTW-SAX-REFERENCE-2026,DER,PUBLISHED_FITTED_CURVE_REFERENCE
AC2BAT_STANDARD,132,1.4699261487623303,0.9833982992555022,64,509.3296203613281,126.75724792480469,SRC-B07-HTW-SAX-REFERENCE-2026,DER,PUBLISHED_FITTED_CURVE_REFERENCE
AC2BAT_STANDARD,133,1.4799836614987438,0.983442574018978,64,509.55169677734375,126.68971252441406,SRC-B07-HTW-SAX-REFERENCE-2026,DER,PUBLISHED_FITTED_CURVE_REFERENCE
AC2BAT_STANDARD,134,1.4899306065535698,0.9834868487824538,64,509.7713317871094,126.62217712402344,SRC-B07-HTW-SAX-REFERENCE-2026,DER,PUBLISHED_FITTED_CURVE_REFERENCE
AC2BAT_STANDARD,135,1.4999881192899833,0.9835279624918722,64,509.993408203125,126.55946350097656,SRC-B07-HTW-SAX-REFERENCE-2026,DER,PUBLISHED_FITTED_CURVE_REFERENCE
AC2BAT_STANDARD,136,1.509935064344809,0.9835690762012906,64,510.2130432128906,126.49674987792969,SRC-B07-HTW-SAX-REFERENCE-2026,DER,PUBLISHED_FITTED_CURVE_REFERENCE
AC2BAT_STANDARD,137,1.5199911949852027,0.983610189910709,64,510.4350891113281,126.43403625488281,SRC-B07-HTW-SAX-REFERENCE-2026,DER,PUBLISHED_FITTED_CURVE_REFERENCE
AC2BAT_STANDARD,138,1.5299381400400287,0.9836497230930986,64,510.65472412109375,126.37373352050781,SRC-B07-HTW-SAX-REFERENCE-2026,DER,PUBLISHED_FITTED_CURVE_REFERENCE
AC2BAT_STANDARD,139,1.5399956527764422,0.9836876757484595,64,510.8768005371094,126.31584167480469,SRC-B07-HTW-SAX-REFERENCE-2026,DER,PUBLISHED_FITTED_CURVE_REFERENCE
AC2BAT_STANDARD,140,1.549942597831268,0.9837256184004848,64,511.096435546875,126.25796508789062,SRC-B07-HTW-SAX-REFERENCE-2026,DER,PUBLISHED_FITTED_CURVE_REFERENCE
AC2BAT_STANDARD,141,1.5600001105676815,0.983761990528817,64,511.3185119628906,126.20248413085938,SRC-B07-HTW-SAX-REFERENCE-2026,DER,PUBLISHED_FITTED_CURVE_REFERENCE
AC2BAT_STANDARD,142,1.5699470556225075,0.9837967821301205,64,511.53814697265625,126.1494140625,SRC-B07-HTW-SAX-REFERENCE-2026,DER,PUBLISHED_FITTED_CURVE_REFERENCE
AC2BAT_STANDARD,143,1.5798953827733533,0.9838315737314238,64,511.7578125,126.09634399414062,SRC-B07-HTW-SAX-REFERENCE-2026,DER,PUBLISHED_FITTED_CURVE_REFERENCE
AC2BAT_STANDARD,144,1.589951513413747,0.9838663553293917,64,511.9798583984375,126.04328918457031,SRC-B07-HTW-SAX-REFERENCE-2026,DER,PUBLISHED_FITTED_CURVE_REFERENCE
AC2BAT_STANDARD,145,1.5998998405645926,0.9838995664036664,64,512.1995239257812,125.99263000488281,SRC-B07-HTW-SAX-REFERENCE-2026,DER,PUBLISHED_FITTED_CURVE_REFERENCE
AC2BAT_STANDARD,146,1.6099559712049862,0.9839311869475766,64,512.4215698242188,125.94439697265625,SRC-B07-HTW-SAX-REFERENCE-2026,DER,PUBLISHED_FITTED_CURVE_REFERENCE
AC2BAT_STANDARD,147,1.619904298355832,0.9839628174948226,64,512.6412353515625,125.89614868164062,SRC-B07-HTW-SAX-REFERENCE-2026,DER,PUBLISHED_FITTED_CURVE_REFERENCE
AC2BAT_STANDARD,148,1.6299604289962255,0.983994438038733,64,512.86328125,125.84791564941406,SRC-B07-HTW-SAX-REFERENCE-2026,DER,PUBLISHED_FITTED_CURVE_REFERENCE
AC2BAT_STANDARD,149,1.6399059919550316,0.9840244780556145,64,513.0828857421875,125.80209350585938,SRC-B07-HTW-SAX-REFERENCE-2026,DER,PUBLISHED_FITTED_CURVE_REFERENCE
AC2BAT_STANDARD,150,1.649964886787465,0.9840529475488031,64,513.3049926757812,125.7586669921875,SRC-B07-HTW-SAX-REFERENCE-2026,DER,PUBLISHED_FITTED_CURVE_REFERENCE
AC2BAT_STANDARD,151,1.659910449746271,0.984081407038656,64,513.5245971679688,125.71525573730469,SRC-B07-HTW-SAX-REFERENCE-2026,DER,PUBLISHED_FITTED_CURVE_REFERENCE
AC2BAT_STANDARD,152,1.6699693445787047,0.9841098665285088,64,513.7467041015625,125.67184448242188,SRC-B07-HTW-SAX-REFERENCE-2026,DER,PUBLISHED_FITTED_CURVE_REFERENCE
AC2BAT_STANDARD,153,1.6799149075375106,0.9841367554946685,64,513.96630859375,125.63082885742188,SRC-B07-HTW-SAX-REFERENCE-2026,DER,PUBLISHED_FITTED_CURVE_REFERENCE
AC2BAT_STANDARD,154,1.6899738023699438,0.9841636344574927,64,514.1884155273438,125.58982849121094,SRC-B07-HTW-SAX-REFERENCE-2026,DER,PUBLISHED_FITTED_CURVE_REFERENCE
AC2BAT_STANDARD,155,1.6999193653287499,0.9841889328932881,64,514.4080200195312,125.55123901367188,SRC-B07-HTW-SAX-REFERENCE-2026,DER,PUBLISHED_FITTED_CURVE_REFERENCE
AC2BAT_STANDARD,156,1.7099782601611833,0.9842142313290835,64,514.630126953125,125.51264953613281,SRC-B07-HTW-SAX-REFERENCE-2026,DER,PUBLISHED_FITTED_CURVE_REFERENCE
AC2BAT_STANDARD,157,1.7199238231199894,0.9842379492378501,64,514.8497314453125,125.47647094726562,SRC-B07-HTW-SAX-REFERENCE-2026,DER,PUBLISHED_FITTED_CURVE_REFERENCE
AC2BAT_STANDARD,158,1.7299799537603828,0.9842616671466168,64,515.07177734375,125.44029235839844,SRC-B07-HTW-SAX-REFERENCE-2026,DER,PUBLISHED_FITTED_CURVE_REFERENCE
AC2BAT_STANDARD,159,1.7399282809112289,0.984285395058719,64,515.2914428710938,125.40409851074219,SRC-B07-HTW-SAX-REFERENCE-2026,DER,PUBLISHED_FITTED_CURVE_REFERENCE
AC2BAT_STANDARD,160,1.7499844115516223,0.984307532440457,64,515.5134887695312,125.37033081054688,SRC-B07-HTW-SAX-REFERENCE-2026,DER,PUBLISHED_FITTED_CURVE_REFERENCE
AC2BAT_STANDARD,161,1.759932738702468,0.9843296698221949,64,515.733154296875,125.33656311035156,SRC-B07-HTW-SAX-REFERENCE-2026,DER,PUBLISHED_FITTED_CURVE_REFERENCE
AC2BAT_STANDARD,162,1.7699888693428618,0.9843502266769041,64,515.9552001953125,125.30520629882812,SRC-B07-HTW-SAX-REFERENCE-2026,DER,PUBLISHED_FITTED_CURVE_REFERENCE
AC2BAT_STANDARD,163,1.7799371964937074,0.9843707835316133,64,516.1748657226562,125.27384948730469,SRC-B07-HTW-SAX-REFERENCE-2026,DER,PUBLISHED_FITTED_CURVE_REFERENCE
AC2BAT_STANDARD,164,1.789993327134101,0.9843913403863225,64,516.3969116210938,125.24249267578125,SRC-B07-HTW-SAX-REFERENCE-2026,DER,PUBLISHED_FITTED_CURVE_REFERENCE
AC2BAT_STANDARD,165,1.7999416542849471,0.9844103167140029,64,516.6165771484375,125.21354675292969,SRC-B07-HTW-SAX-REFERENCE-2026,DER,PUBLISHED_FITTED_CURVE_REFERENCE
AC2BAT_STANDARD,166,1.809887217243753,0.9844292830383478,64,516.836181640625,125.18461608886719,SRC-B07-HTW-SAX-REFERENCE-2026,DER,PUBLISHED_FITTED_CURVE_REFERENCE
AC2BAT_STANDARD,167,1.8199461120761862,0.9844482593660282,64,517.0582885742188,125.15567016601562,SRC-B07-HTW-SAX-REFERENCE-2026,DER,PUBLISHED_FITTED_CURVE_REFERENCE
AC2BAT_STANDARD,168,1.8298916750349923,0.9844656551666799,64,517.2778930664062,125.12913513183594,SRC-B07-HTW-SAX-REFERENCE-2026,DER,PUBLISHED_FITTED_CURVE_REFERENCE
AC2BAT_STANDARD,169,1.8399505698674257,0.9844830509673317,64,517.5,125.10260009765625,SRC-B07-HTW-SAX-REFERENCE-2026,DER,PUBLISHED_FITTED_CURVE_REFERENCE
AC2BAT_STANDARD,170,1.8498961328262318,0.9844988662409546,64,517.7196044921875,125.07847595214844,SRC-B07-HTW-SAX-REFERENCE-2026,DER,PUBLISHED_FITTED_CURVE_REFERENCE
AC2BAT_STANDARD,171,1.8599522634666252,0.9845162520382708,64,517.941650390625,125.05195617675781,SRC-B07-HTW-SAX-REFERENCE-2026,DER,PUBLISHED_FITTED_CURVE_REFERENCE
AC2BAT_STANDARD,172,1.8699005906174713,0.9845320673118937,64,518.1613159179688,125.02783203125,SRC-B07-HTW-SAX-REFERENCE-2026,DER,PUBLISHED_FITTED_CURVE_REFERENCE
AC2BAT_STANDARD,173,1.8799567212578647,0.9845463020584879,64,518.3833618164062,125.00611877441406,SRC-B07-HTW-SAX-REFERENCE-2026,DER,PUBLISHED_FITTED_CURVE_REFERENCE
AC2BAT_STANDARD,174,1.8899050484087103,0.9845605268017465,64,518.60302734375,124.98442077636719,SRC-B07-HTW-SAX-REFERENCE-2026,DER,PUBLISHED_FITTED_CURVE_REFERENCE
AC2BAT_STANDARD,175,1.8999611790491042,0.9845747615483408,64,518.8250732421875,124.96270751953125,SRC-B07-HTW-SAX-REFERENCE-2026,DER,PUBLISHED_FITTED_CURVE_REFERENCE
AC2BAT_STANDARD,176,1.9099095061999498,0.984588996294935,64,519.0447387695312,124.94099426269531,SRC-B07-HTW-SAX-REFERENCE-2026,DER,PUBLISHED_FITTED_CURVE_REFERENCE
AC2BAT_STANDARD,177,1.9199656368403435,0.9846016405111649,64,519.2667846679688,124.92170715332031,SRC-B07-HTW-SAX-REFERENCE-2026,DER,PUBLISHED_FITTED_CURVE_REFERENCE
AC2BAT_STANDARD,178,1.9299139639911895,0.9846142947307305,64,519.4864501953125,124.90240478515625,SRC-B07-HTW-SAX-REFERENCE-2026,DER,PUBLISHED_FITTED_CURVE_REFERENCE
AC2BAT_STANDARD,179,1.939970094631583,0.9846269389469603,64,519.70849609375,124.88311767578125,SRC-B07-HTW-SAX-REFERENCE-2026,DER,PUBLISHED_FITTED_CURVE_REFERENCE
AC2BAT_STANDARD,180,1.9499184217824286,0.9846380126394971,64,519.9281616210938,124.86622619628906,SRC-B07-HTW-SAX-REFERENCE-2026,DER,PUBLISHED_FITTED_CURVE_REFERENCE
AC2BAT_STANDARD,181,1.9599745524228225,0.984650656855727,64,520.1502075195312,124.84693908691406,SRC-B07-HTW-SAX-REFERENCE-2026,DER,PUBLISHED_FITTED_CURVE_REFERENCE
AC2BAT_STANDARD,182,1.969922879573668,0.984660150021235,64,520.369873046875,124.83245849609375,SRC-B07-HTW-SAX-REFERENCE-2026,DER,PUBLISHED_FITTED_CURVE_REFERENCE
AC2BAT_STANDARD,183,1.9799790102140615,0.9846712137104362,64,520.5919189453125,124.81558227539062,SRC-B07-HTW-SAX-REFERENCE-2026,DER,PUBLISHED_FITTED_CURVE_REFERENCE
AC2BAT_STANDARD,184,1.9899273373649073,0.9846807068759442,64,520.8115844726562,124.80110168457031,SRC-B07-HTW-SAX-REFERENCE-2026,DER,PUBLISHED_FITTED_CURVE_REFERENCE
AC2BAT_STANDARD,185,1.999983468005301,0.9846901900381166,64,521.0336303710938,124.78663635253906,SRC-B07-HTW-SAX-REFERENCE-2026,DER,PUBLISHED_FITTED_CURVE_REFERENCE
AC2BAT_STANDARD,186,2.0099317951561466,0.9846996832036247,64,521.2532958984375,124.77215576171875,SRC-B07-HTW-SAX-REFERENCE-2026,DER,PUBLISHED_FITTED_CURVE_REFERENCE
AC2BAT_STANDARD,187,2.019877358114953,0.9847091763691327,64,521.472900390625,124.75767517089844,SRC-B07-HTW-SAX-REFERENCE-2026,DER,PUBLISHED_FITTED_CURVE_REFERENCE
AC2BAT_STANDARD,188,2.0299334887553466,0.9847170790042764,64,521.6949462890625,124.74562072753906,SRC-B07-HTW-SAX-REFERENCE-2026,DER,PUBLISHED_FITTED_CURVE_REFERENCE
AC2BAT_STANDARD,189,2.039881815906192,0.98472498163942,64,521.9146118164062,124.73356628417969,SRC-B07-HTW-SAX-REFERENCE-2026,DER,PUBLISHED_FITTED_CURVE_REFERENCE
AC2BAT_STANDARD,190,2.049937946546586,0.9847328942778993,64,522.1366577148438,124.72149658203125,SRC-B07-HTW-SAX-REFERENCE-2026,DER,PUBLISHED_FITTED_CURVE_REFERENCE
AC2BAT_STANDARD,191,2.059886273697432,0.9847392163860142,64,522.3563232421875,124.71185302734375,SRC-B07-HTW-SAX-REFERENCE-2026,DER,PUBLISHED_FITTED_CURVE_REFERENCE
AC2BAT_STANDARD,192,2.069942404337825,0.984747119021158,64,522.578369140625,124.69979858398438,SRC-B07-HTW-SAX-REFERENCE-2026,DER,PUBLISHED_FITTED_CURVE_REFERENCE
AC2BAT_STANDARD,193,2.079890731488671,0.9847534511326085,64,522.7980346679688,124.69013977050781,SRC-B07-HTW-SAX-REFERENCE-2026,DER,PUBLISHED_FITTED_CURVE_REFERENCE
AC2BAT_STANDARD,194,2.089946862129065,0.9847597732407235,64,523.0200805664062,124.68049621582031,SRC-B07-HTW-SAX-REFERENCE-2026,DER,PUBLISHED_FITTED_CURVE_REFERENCE
AC2BAT_STANDARD,195,2.0998951892799105,0.9847645148218097,64,523.23974609375,124.67326354980469,SRC-B07-HTW-SAX-REFERENCE-2026,DER,PUBLISHED_FITTED_CURVE_REFERENCE
AC2BAT_STANDARD,196,2.109951319920304,0.9847708369299246,64,523.4617919921875,124.66361999511719,SRC-B07-HTW-SAX-REFERENCE-2026,DER,PUBLISHED_FITTED_CURVE_REFERENCE
AC2BAT_STANDARD,197,2.1198996470711498,0.9847755885143464,64,523.6814575195312,124.6563720703125,SRC-B07-HTW-SAX-REFERENCE-2026,DER,PUBLISHED_FITTED_CURVE_REFERENCE
AC2BAT_STANDARD,198,2.1299557777115434,0.9847803300954326,64,523.9035034179688,124.64913940429688,SRC-B07-HTW-SAX-REFERENCE-2026,DER,PUBLISHED_FITTED_CURVE_REFERENCE
AC2BAT_STANDARD,199,2.139904104862389,0.9847834911494902,64,524.1231689453125,124.64431762695312,SRC-B07-HTW-SAX-REFERENCE-2026,DER,PUBLISHED_FITTED_CURVE_REFERENCE
AC2BAT_STANDARD,200,2.149960235502783,0.9847882327305764,64,524.34521484375,124.6370849609375,SRC-B07-HTW-SAX-REFERENCE-2026,DER,PUBLISHED_FITTED_CURVE_REFERENCE
AC2BAT_STANDARD,201,2.1599085626536287,0.9847913937846338,64,524.5648803710938,124.63226318359375,SRC-B07-HTW-SAX-REFERENCE-2026,DER,PUBLISHED_FITTED_CURVE_REFERENCE
AC2BAT_STANDARD,202,2.1699646932940224,0.9847945648420269,64,524.7869262695312,124.62742614746094,SRC-B07-HTW-SAX-REFERENCE-2026,DER,PUBLISHED_FITTED_CURVE_REFERENCE
AC2BAT_STANDARD,203,2.179913020444868,0.9847977258960844,64,525.006591796875,124.62260437011719,SRC-B07-HTW-SAX-REFERENCE-2026,DER,PUBLISHED_FITTED_CURVE_REFERENCE
AC2BAT_STANDARD,204,2.1899691510852617,0.9848008869501419,64,525.2286376953125,124.61778259277344,SRC-B07-HTW-SAX-REFERENCE-2026,DER,PUBLISHED_FITTED_CURVE_REFERENCE
AC2BAT_STANDARD,205,2.1999147140440676,0.9848024674771706,64,525.4482421875,124.61537170410156,SRC-B07-HTW-SAX-REFERENCE-2026,DER,PUBLISHED_FITTED_CURVE_REFERENCE
AC2BAT_STANDARD,206,2.209973608876501,0.9848040480041993,64,525.6703491210938,124.61296081542969,SRC-B07-HTW-SAX-REFERENCE-2026,DER,PUBLISHED_FITTED_CURVE_REFERENCE
AC2BAT_STANDARD,207,2.2199191718353073,0.9848056285312281,64,525.8899536132812,124.61054992675781,SRC-B07-HTW-SAX-REFERENCE-2026,DER,PUBLISHED_FITTED_CURVE_REFERENCE
AC2BAT_STANDARD,208,2.229867498986153,0.9848072090582568,64,526.109619140625,124.60813903808594,SRC-B07-HTW-SAX-REFERENCE-2026,DER,PUBLISHED_FITTED_CURVE_REFERENCE
AC2BAT_STANDARD,209,2.2399236296265466,0.9848087895852855,64,526.3316650390625,124.60572814941406,SRC-B07-HTW-SAX-REFERENCE-2026,DER,PUBLISHED_FITTED_CURVE_REFERENCE
AC2BAT_STANDARD,210,2.249871956777392,0.9848087895852855,64,526.5513305664062,124.60572814941406,SRC-B07-HTW-SAX-REFERENCE-2026,DER,PUBLISHED_FITTED_CURVE_REFERENCE
AC2BAT_STANDARD,211,2.259928087417786,0.9848103701123143,64,526.7733764648438,124.60331726074219,SRC-B07-HTW-SAX-REFERENCE-2026,DER,PUBLISHED_FITTED_CURVE_REFERENCE
AC2BAT_STANDARD,212,2.2698764145686314,0.9848103701123143,64,526.9930419921875,124.60331726074219,SRC-B07-HTW-SAX-REFERENCE-2026,DER,PUBLISHED_FITTED_CURVE_REFERENCE
AC2BAT_STANDARD,213,2.2799325452090256,0.9848103701123143,64,527.215087890625,124.60331726074219,SRC-B07-HTW-SAX-REFERENCE-2026,DER,PUBLISHED_FITTED_CURVE_REFERENCE
AC2BAT_STANDARD,214,2.289880872359871,0.9848103701123143,64,527.4347534179688,124.60331726074219,SRC-B07-HTW-SAX-REFERENCE-2026,DER,PUBLISHED_FITTED_CURVE_REFERENCE
AC2BAT_STANDARD,215,2.299937003000265,0.9848087895852855,64,527.6567993164062,124.60572814941406,SRC-B07-HTW-SAX-REFERENCE-2026,DER,PUBLISHED_FITTED_CURVE_REFERENCE
AC2BAT_STANDARD,216,2.3098853301511104,0.9848087895852855,64,527.87646484375,124.60572814941406,SRC-B07-HTW-SAX-REFERENCE-2026,DER,PUBLISHED_FITTED_CURVE_REFERENCE
AC2BAT_STANDARD,217,2.319941460791504,0.9848072090582568,64,528.0985107421875,124.60813903808594,SRC-B07-HTW-SAX-REFERENCE-2026,DER,PUBLISHED_FITTED_CURVE_REFERENCE
AC2BAT_STANDARD,218,2.3298897879423497,0.9848056285312281,64,528.3181762695312,124.61054992675781,SRC-B07-HTW-SAX-REFERENCE-2026,DER,PUBLISHED_FITTED_CURVE_REFERENCE
AC2BAT_STANDARD,219,2.3399459185827434,0.9848040480041993,64,528.5402221679688,124.61296081542969,SRC-B07-HTW-SAX-REFERENCE-2026,DER,PUBLISHED_FITTED_CURVE_REFERENCE
AC2BAT_STANDARD,220,2.3498914815415497,0.9848024674771706,64,528.7598266601562,124.61537170410156,SRC-B07-HTW-SAX-REFERENCE-2026,DER,PUBLISHED_FITTED_CURVE_REFERENCE
AC2BAT_STANDARD,221,2.3599503763739826,0.9847993064231131,64,528.98193359375,124.62019348144531,SRC-B07-HTW-SAX-REFERENCE-2026,DER,PUBLISHED_FITTED_CURVE_REFERENCE
AC2BAT_STANDARD,222,2.369895939332789,0.9847977258960844,64,529.2015380859375,124.62260437011719,SRC-B07-HTW-SAX-REFERENCE-2026,DER,PUBLISHED_FITTED_CURVE_REFERENCE
AC2BAT_STANDARD,223,2.3799548341652224,0.9847945648420269,64,529.4236450195312,124.62742614746094,SRC-B07-HTW-SAX-REFERENCE-2026,DER,PUBLISHED_FITTED_CURVE_REFERENCE
AC2BAT_STANDARD,224,2.3899003971240282,0.9847913937846338,64,529.6432495117188,124.63226318359375,SRC-B07-HTW-SAX-REFERENCE-2026,DER,PUBLISHED_FITTED_CURVE_REFERENCE
AC2BAT_STANDARD,225,2.3999592919564616,0.9847882327305764,64,529.8653564453125,124.6370849609375,SRC-B07-HTW-SAX-REFERENCE-2026,DER,PUBLISHED_FITTED_CURVE_REFERENCE
AC2BAT_STANDARD,226,2.409904854915268,0.9847850716765189,64,530.0849609375,124.64190673828125,SRC-B07-HTW-SAX-REFERENCE-2026,DER,PUBLISHED_FITTED_CURVE_REFERENCE
AC2BAT_STANDARD,227,2.419960985555661,0.9847803300954326,64,530.3070068359375,124.64913940429688,SRC-B07-HTW-SAX-REFERENCE-2026,DER,PUBLISHED_FITTED_CURVE_REFERENCE
AC2BAT_STANDARD,228,2.4299093127065072,0.9847771690413751,64,530.5266723632812,124.65396118164062,SRC-B07-HTW-SAX-REFERENCE-2026,DER,PUBLISHED_FITTED_CURVE_REFERENCE
AC2BAT_STANDARD,229,2.439965443346901,0.984772427460289,64,530.7487182617188,124.66119384765625,SRC-B07-HTW-SAX-REFERENCE-2026,DER,PUBLISHED_FITTED_CURVE_REFERENCE
AC2BAT_STANDARD,230,2.4499137704977465,0.9847676758758671,64,530.9683837890625,124.66844177246094,SRC-B07-HTW-SAX-REFERENCE-2026,DER,PUBLISHED_FITTED_CURVE_REFERENCE
AC2BAT_STANDARD,231,2.459862097648592,0.9847629342947809,64,531.1880493164062,124.67567443847656,SRC-B07-HTW-SAX-REFERENCE-2026,DER,PUBLISHED_FITTED_CURVE_REFERENCE
AC2BAT_STANDARD,232,2.4699182282889858,0.9847581927136947,64,531.4100952148438,124.68290710449219,SRC-B07-HTW-SAX-REFERENCE-2026,DER,PUBLISHED_FITTED_CURVE_REFERENCE
AC2BAT_STANDARD,233,2.479866555439832,0.9847534511326085,64,531.6297607421875,124.69013977050781,SRC-B07-HTW-SAX-REFERENCE-2026,DER,PUBLISHED_FITTED_CURVE_REFERENCE
AC2BAT_STANDARD,234,2.489922686080225,0.9847486995481867,64,531.851806640625,124.6973876953125,SRC-B07-HTW-SAX-REFERENCE-2026,DER,PUBLISHED_FITTED_CURVE_REFERENCE
AC2BAT_STANDARD,235,2.4998682490390314,0.9847423774400718,64,532.0714111328125,124.70703125,SRC-B07-HTW-SAX-REFERENCE-2026,DER,PUBLISHED_FITTED_CURVE_REFERENCE
AC2BAT_STANDARD,236,2.5099271438714648,0.9847376358589855,64,532.2935180664062,124.71426391601562,SRC-B07-HTW-SAX-REFERENCE-2026,DER,PUBLISHED_FITTED_CURVE_REFERENCE
AC2BAT_STANDARD,237,2.5198727068302706,0.9847313137508706,64,532.5131225585938,124.72390747070312,SRC-B07-HTW-SAX-REFERENCE-2026,DER,PUBLISHED_FITTED_CURVE_REFERENCE
AC2BAT_STANDARD,238,2.529931601662704,0.98472498163942,64,532.7352294921875,124.73356628417969,SRC-B07-HTW-SAX-REFERENCE-2026,DER,PUBLISHED_FITTED_CURVE_REFERENCE
AC2BAT_STANDARD,239,2.5398771646215104,0.9847186595313051,64,532.954833984375,124.74320983886719,SRC-B07-HTW-SAX-REFERENCE-2026,DER,PUBLISHED_FITTED_CURVE_REFERENCE
AC2BAT_STANDARD,240,2.5499360594539433,0.9847123374231902,64,533.1769409179688,124.75285339355469,SRC-B07-HTW-SAX-REFERENCE-2026,DER,PUBLISHED_FITTED_CURVE_REFERENCE
AC2BAT_STANDARD,241,2.5598816224127496,0.9847060153150752,64,533.3965454101562,124.76249694824219,SRC-B07-HTW-SAX-REFERENCE-2026,DER,PUBLISHED_FITTED_CURVE_REFERENCE
AC2BAT_STANDARD,242,2.569940517245183,0.984698102676596,64,533.61865234375,124.77456665039062,SRC-B07-HTW-SAX-REFERENCE-2026,DER,PUBLISHED_FITTED_CURVE_REFERENCE
AC2BAT_STANDARD,243,2.579886080203989,0.9846917705651453,64,533.8382568359375,124.78422546386719,SRC-B07-HTW-SAX-REFERENCE-2026,DER,PUBLISHED_FITTED_CURVE_REFERENCE
AC2BAT_STANDARD,244,2.5899422108443826,0.9846838679300016,64,534.060302734375,124.79627990722656,SRC-B07-HTW-SAX-REFERENCE-2026,DER,PUBLISHED_FITTED_CURVE_REFERENCE
AC2BAT_STANDARD,245,2.599890537995228,0.984675965294858,64,534.2799682617188,124.80833435058594,SRC-B07-HTW-SAX-REFERENCE-2026,DER,PUBLISHED_FITTED_CURVE_REFERENCE
AC2BAT_STANDARD,246,2.609946668635622,0.9846680526563787,64,534.5020141601562,124.82040405273438,SRC-B07-HTW-SAX-REFERENCE-2026,DER,PUBLISHED_FITTED_CURVE_REFERENCE
AC2BAT_STANDARD,247,2.6198949957864675,0.9846601400178994,64,534.7216796875,124.83247375488281,SRC-B07-HTW-SAX-REFERENCE-2026,DER,PUBLISHED_FITTED_CURVE_REFERENCE
AC2BAT_STANDARD,248,2.6299511264268616,0.9846522373827558,64,534.9437255859375,124.84452819824219,SRC-B07-HTW-SAX-REFERENCE-2026,DER,PUBLISHED_FITTED_CURVE_REFERENCE
AC2BAT_STANDARD,249,2.639899453577707,0.9846443247442764,64,535.1633911132812,124.85659790039062,SRC-B07-HTW-SAX-REFERENCE-2026,DER,PUBLISHED_FITTED_CURVE_REFERENCE
AC2BAT_STANDARD,250,2.649955584218101,0.9846364221091327,64,535.3854370117188,124.86865234375,SRC-B07-HTW-SAX-REFERENCE-2026,DER,PUBLISHED_FITTED_CURVE_REFERENCE
AC2BAT_STANDARD,251,2.6599039113689464,0.9846269289436247,64,535.6051025390625,124.88313293457031,SRC-B07-HTW-SAX-REFERENCE-2026,DER,PUBLISHED_FITTED_CURVE_REFERENCE
AC2BAT_STANDARD,252,2.6698494743277528,0.9846174457814523,64,535.82470703125,124.89759826660156,SRC-B07-HTW-SAX-REFERENCE-2026,DER,PUBLISHED_FITTED_CURVE_REFERENCE
AC2BAT_STANDARD,253,2.6799083691601857,0.9846095431463086,64,536.0468139648438,124.90965270996094,SRC-B07-HTW-SAX-REFERENCE-2026,DER,PUBLISHED_FITTED_CURVE_REFERENCE
AC2BAT_STANDARD,254,2.689853932118992,0.9846000499808005,64,536.2664184570312,124.92413330078125,SRC-B07-HTW-SAX-REFERENCE-2026,DER,PUBLISHED_FITTED_CURVE_REFERENCE
AC2BAT_STANDARD,255,2.6999128269514254,0.9845905668186281,64,536.488525390625,124.9385986328125,SRC-B07-HTW-SAX-REFERENCE-2026,DER,PUBLISHED_FITTED_CURVE_REFERENCE
AC2BAT_STANDARD,256,2.7098583899102313,0.9845810736531201,64,536.7081298828125,124.95307922363281,SRC-B07-HTW-SAX-REFERENCE-2026,DER,PUBLISHED_FITTED_CURVE_REFERENCE
AC2BAT_STANDARD,257,2.719914520550625,0.9845715904909477,64,536.93017578125,124.96754455566406,SRC-B07-HTW-SAX-REFERENCE-2026,DER,PUBLISHED_FITTED_CURVE_REFERENCE
AC2BAT_STANDARD,258,2.7298628477014706,0.9845620973254396,64,537.1498413085938,124.98202514648438,SRC-B07-HTW-SAX-REFERENCE-2026,DER,PUBLISHED_FITTED_CURVE_REFERENCE
AC2BAT_STANDARD,259,2.7399189783418643,0.9845510336362385,64,537.3718872070312,124.9989013671875,SRC-B07-HTW-SAX-REFERENCE-2026,DER,PUBLISHED_FITTED_CURVE_REFERENCE
AC2BAT_STANDARD,260,2.74986730549271,0.9845415504740661,64,537.591552734375,125.01336669921875,SRC-B07-HTW-SAX-REFERENCE-2026,DER,PUBLISHED_FITTED_CURVE_REFERENCE
AC2BAT_STANDARD,261,2.759923436133104,0.9845304767815293,64,537.8135986328125,125.03025817871094,SRC-B07-HTW-SAX-REFERENCE-2026,DER,PUBLISHED_FITTED_CURVE_REFERENCE
AC2BAT_STANDARD,262,2.7698717632839496,0.9845209936193569,64,538.0332641601562,125.04472351074219,SRC-B07-HTW-SAX-REFERENCE-2026,DER,PUBLISHED_FITTED_CURVE_REFERENCE
AC2BAT_STANDARD,263,2.7799278939243433,0.9845099199268201,64,538.2553100585938,125.06161499023438,SRC-B07-HTW-SAX-REFERENCE-2026,DER,PUBLISHED_FITTED_CURVE_REFERENCE
AC2BAT_STANDARD,264,2.789876221075189,0.984498856237619,64,538.4749755859375,125.0784912109375,SRC-B07-HTW-SAX-REFERENCE-2026,DER,PUBLISHED_FITTED_CURVE_REFERENCE
AC2BAT_STANDARD,265,2.7999323517155825,0.9844877825450822,64,538.697021484375,125.09538269042969,SRC-B07-HTW-SAX-REFERENCE-2026,DER,PUBLISHED_FITTED_CURVE_REFERENCE
AC2BAT_STANDARD,266,2.809880678866428,0.9844767188558811,64,538.9166870117188,125.11225891113281,SRC-B07-HTW-SAX-REFERENCE-2026,DER,PUBLISHED_FITTED_CURVE_REFERENCE
AC2BAT_STANDARD,267,2.8199368095068222,0.9844656451633443,64,539.1387329101562,125.129150390625,SRC-B07-HTW-SAX-REFERENCE-2026,DER,PUBLISHED_FITTED_CURVE_REFERENCE
AC2BAT_STANDARD,268,2.829885136657668,0.9844545814741431,64,539.3583984375,125.14602661132812,SRC-B07-HTW-SAX-REFERENCE-2026,DER,PUBLISHED_FITTED_CURVE_REFERENCE
AC2BAT_STANDARD,269,2.839941267298061,0.9844435077816064,64,539.5804443359375,125.16291809082031,SRC-B07-HTW-SAX-REFERENCE-2026,DER,PUBLISHED_FITTED_CURVE_REFERENCE
AC2BAT_STANDARD,270,2.849889594448907,0.9844308535620409,64,539.8001098632812,125.18222045898438,SRC-B07-HTW-SAX-REFERENCE-2026,DER,PUBLISHED_FITTED_CURVE_REFERENCE
AC2BAT_STANDARD,271,2.859945725089301,0.9844197898728397,64,540.0221557617188,125.1990966796875,SRC-B07-HTW-SAX-REFERENCE-2026,DER,PUBLISHED_FITTED_CURVE_REFERENCE
AC2BAT_STANDARD,272,2.8698940522401464,0.9844071356532742,64,540.2418212890625,125.21839904785156,SRC-B07-HTW-SAX-REFERENCE-2026,DER,PUBLISHED_FITTED_CURVE_REFERENCE
AC2BAT_STANDARD,273,2.8798396151989523,0.9843944914370443,64,540.46142578125,125.23768615722656,SRC-B07-HTW-SAX-REFERENCE-2026,DER,PUBLISHED_FITTED_CURVE_REFERENCE
AC2BAT_STANDARD,274,2.8898957458393464,0.9843834177445075,64,540.6834716796875,125.25457763671875,SRC-B07-HTW-SAX-REFERENCE-2026,DER,PUBLISHED_FITTED_CURVE_REFERENCE
AC2BAT_STANDARD,275,2.899844072990192,0.9843707735282776,64,540.9031372070312,125.27386474609375,SRC-B07-HTW-SAX-REFERENCE-2026,DER,PUBLISHED_FITTED_CURVE_REFERENCE
AC2BAT_STANDARD,276,2.9099002036305857,0.9843581193087122,64,541.1251831054688,125.29316711425781,SRC-B07-HTW-SAX-REFERENCE-2026,DER,PUBLISHED_FITTED_CURVE_REFERENCE
AC2BAT_STANDARD,277,2.9198485307814313,0.9843454750924823,64,541.3448486328125,125.31245422363281,SRC-B07-HTW-SAX-REFERENCE-2026,DER,PUBLISHED_FITTED_CURVE_REFERENCE
AC2BAT_STANDARD,278,2.929904661421825,0.9843328208729167,64,541.56689453125,125.33175659179688,SRC-B07-HTW-SAX-REFERENCE-2026,DER,PUBLISHED_FITTED_CURVE_REFERENCE
AC2BAT_STANDARD,279,2.9398529885726705,0.9843201666533512,64,541.7865600585938,125.35105895996094,SRC-B07-HTW-SAX-REFERENCE-2026,DER,PUBLISHED_FITTED_CURVE_REFERENCE
AC2BAT_STANDARD,280,2.949909119213064,0.9843059419100926,64,542.0086059570312,125.37275695800781,SRC-B07-HTW-SAX-REFERENCE-2026,DER,PUBLISHED_FITTED_CURVE_REFERENCE
AC2BAT_STANDARD,281,2.9598574463639102,0.9842932876905272,64,542.228271484375,125.39205932617188,SRC-B07-HTW-SAX-REFERENCE-2026,DER,PUBLISHED_FITTED_CURVE_REFERENCE
AC2BAT_STANDARD,282,2.9699135770043035,0.9842806434742972,64,542.4503173828125,125.41134643554688,SRC-B07-HTW-SAX-REFERENCE-2026,DER,PUBLISHED_FITTED_CURVE_REFERENCE
AC2BAT_STANDARD,283,2.9798619041551495,0.9842663987243674,64,542.6699829101562,125.43307495117188,SRC-B07-HTW-SAX-REFERENCE-2026,DER,PUBLISHED_FITTED_CURVE_REFERENCE
AC2BAT_STANDARD,284,2.989918034795543,0.9842521739811088,64,542.8920288085938,125.45477294921875,SRC-B07-HTW-SAX-REFERENCE-2026,DER,PUBLISHED_FITTED_CURVE_REFERENCE
AC2BAT_STANDARD,285,2.999866361946389,0.9842395197615432,64,543.1116943359375,125.47407531738281,SRC-B07-HTW-SAX-REFERENCE-2026,DER,PUBLISHED_FITTED_CURVE_REFERENCE
AC2BAT_STANDARD,286,3.0099224925867825,0.9842252950182846,64,543.333740234375,125.49577331542969,SRC-B07-HTW-SAX-REFERENCE-2026,DER,PUBLISHED_FITTED_CURVE_REFERENCE
AC2BAT_STANDARD,287,3.0198708197376285,0.9842110602716904,64,543.5534057617188,125.51748657226562,SRC-B07-HTW-SAX-REFERENCE-2026,DER,PUBLISHED_FITTED_CURVE_REFERENCE
AC2BAT_STANDARD,288,3.0299269503780217,0.9841968255250961,64,543.7754516601562,125.53919982910156,SRC-B07-HTW-SAX-REFERENCE-2026,DER,PUBLISHED_FITTED_CURVE_REFERENCE
AC2BAT_STANDARD,289,3.0398752775288673,0.9841826007818375,64,543.9951171875,125.56089782714844,SRC-B07-HTW-SAX-REFERENCE-2026,DER,PUBLISHED_FITTED_CURVE_REFERENCE
AC2BAT_STANDARD,290,3.0499314081692614,0.9841683660352433,64,544.2171630859375,125.58261108398438,SRC-B07-HTW-SAX-REFERENCE-2026,DER,PUBLISHED_FITTED_CURVE_REFERENCE
AC2BAT_STANDARD,291,3.0598769711280673,0.984154131288649,64,544.436767578125,125.60432434082031,SRC-B07-HTW-SAX-REFERENCE-2026,DER,PUBLISHED_FITTED_CURVE_REFERENCE
AC2BAT_STANDARD,292,3.0699358659605007,0.9841399065453904,64,544.6588745117188,125.62602233886719,SRC-B07-HTW-SAX-REFERENCE-2026,DER,PUBLISHED_FITTED_CURVE_REFERENCE
AC2BAT_STANDARD,293,3.0798814289193066,0.9841256717987962,64,544.8784790039062,125.64773559570312,SRC-B07-HTW-SAX-REFERENCE-2026,DER,PUBLISHED_FITTED_CURVE_REFERENCE
AC2BAT_STANDARD,294,3.08994032375174,0.9841098565251731,64,545.1005859375,125.67185974121094,SRC-B07-HTW-SAX-REFERENCE-2026,DER,PUBLISHED_FITTED_CURVE_REFERENCE
AC2BAT_STANDARD,295,3.099885886710546,0.9840956317819145,64,545.3201904296875,125.69355773925781,SRC-B07-HTW-SAX-REFERENCE-2026,DER,PUBLISHED_FITTED_CURVE_REFERENCE
AC2BAT_STANDARD,296,3.109834213861392,0.9840798165082916,64,545.5398559570312,125.71768188476562,SRC-B07-HTW-SAX-REFERENCE-2026,DER,PUBLISHED_FITTED_CURVE_REFERENCE
AC2BAT_STANDARD,297,3.1198903445017856,0.9840655817616973,64,545.7619018554688,125.73939514160156,SRC-B07-HTW-SAX-REFERENCE-2026,DER,PUBLISHED_FITTED_CURVE_REFERENCE
AC2BAT_STANDARD,298,3.129838671652631,0.98404977649141,64,545.9815673828125,125.76350402832031,SRC-B07-HTW-SAX-REFERENCE-2026,DER,PUBLISHED_FITTED_CURVE_REFERENCE
AC2BAT_STANDARD,299,3.139894802293025,0.9840355417448158,64,546.20361328125,125.78521728515625,SRC-B07-HTW-SAX-REFERENCE-2026,DER,PUBLISHED_FITTED_CURVE_REFERENCE
AC2BAT_STANDARD,300,3.149843129443871,0.9840197264711927,64,546.4232788085938,125.80934143066406,SRC-B07-HTW-SAX-REFERENCE-2026,DER,PUBLISHED_FITTED_CURVE_REFERENCE
AC2BAT_STANDARD,301,3.159899260084264,0.9840039212009054,64,546.6453247070312,125.83345031738281,SRC-B07-HTW-SAX-REFERENCE-2026,DER,PUBLISHED_FITTED_CURVE_REFERENCE
AC2BAT_STANDARD,302,3.1698475872351097,0.9839881059272824,64,546.864990234375,125.85757446289062,SRC-B07-HTW-SAX-REFERENCE-2026,DER,PUBLISHED_FITTED_CURVE_REFERENCE
AC2BAT_STANDARD,303,3.179903717875504,0.9839722906536594,64,547.0870361328125,125.88169860839844,SRC-B07-HTW-SAX-REFERENCE-2026,DER,PUBLISHED_FITTED_CURVE_REFERENCE
AC2BAT_STANDARD,304,3.1898520450263494,0.9839564753800365,64,547.3067016601562,125.90582275390625,SRC-B07-HTW-SAX-REFERENCE-2026,DER,PUBLISHED_FITTED_CURVE_REFERENCE
AC2BAT_STANDARD,305,3.199908175666743,0.9839406701097491,64,547.5287475585938,125.929931640625,SRC-B07-HTW-SAX-REFERENCE-2026,DER,PUBLISHED_FITTED_CURVE_REFERENCE
AC2BAT_STANDARD,306,3.2098565028175887,0.9839248548361261,64,547.7484130859375,125.95405578613281,SRC-B07-HTW-SAX-REFERENCE-2026,DER,PUBLISHED_FITTED_CURVE_REFERENCE
AC2BAT_STANDARD,307,3.2199126334579824,0.9839090395625032,64,547.970458984375,125.97817993164062,SRC-B07-HTW-SAX-REFERENCE-2026,DER,PUBLISHED_FITTED_CURVE_REFERENCE
AC2BAT_STANDARD,308,3.2298581964167883,0.9838916437618515,64,548.1900634765625,126.00471496582031,SRC-B07-HTW-SAX-REFERENCE-2026,DER,PUBLISHED_FITTED_CURVE_REFERENCE
AC2BAT_STANDARD,309,3.239917091249222,0.9838758384915641,64,548.4121704101562,126.02882385253906,SRC-B07-HTW-SAX-REFERENCE-2026,DER,PUBLISHED_FITTED_CURVE_REFERENCE
AC2BAT_STANDARD,310,3.249862654208028,0.9838600132146055,64,548.6317749023438,126.05296325683594,SRC-B07-HTW-SAX-REFERENCE-2026,DER,PUBLISHED_FITTED_CURVE_REFERENCE
AC2BAT_STANDARD,311,3.2599215490404614,0.9838426274172893,64,548.8538818359375,126.07948303222656,SRC-B07-HTW-SAX-REFERENCE-2026,DER,PUBLISHED_FITTED_CURVE_REFERENCE
AC2BAT_STANDARD,312,3.2698671119992673,0.9838268121436664,64,549.073486328125,126.10360717773438,SRC-B07-HTW-SAX-REFERENCE-2026,DER,PUBLISHED_FITTED_CURVE_REFERENCE
AC2BAT_STANDARD,313,3.2799232426396605,0.9838094263463503,64,549.2955322265625,126.130126953125,SRC-B07-HTW-SAX-REFERENCE-2026,DER,PUBLISHED_FITTED_CURVE_REFERENCE
AC2BAT_STANDARD,314,3.2898715697905065,0.9837920205423629,64,549.5151977539062,126.15667724609375,SRC-B07-HTW-SAX-REFERENCE-2026,DER,PUBLISHED_FITTED_CURVE_REFERENCE
AC2BAT_STANDARD,315,3.2999277004309007,0.9837762152720756,64,549.7372436523438,126.1807861328125,SRC-B07-HTW-SAX-REFERENCE-2026,DER,PUBLISHED_FITTED_CURVE_REFERENCE
AC2BAT_STANDARD,316,3.309876027581746,0.9837588194714239,64,549.9569091796875,126.20732116699219,SRC-B07-HTW-SAX-REFERENCE-2026,DER,PUBLISHED_FITTED_CURVE_REFERENCE
AC2BAT_STANDARD,317,3.319824354732592,0.9837414236707722,64,550.1765747070312,126.23385620117188,SRC-B07-HTW-SAX-REFERENCE-2026,DER,PUBLISHED_FITTED_CURVE_REFERENCE
AC2BAT_STANDARD,318,3.3298804853729855,0.9837240278701205,64,550.3986206054688,126.26039123535156,SRC-B07-HTW-SAX-REFERENCE-2026,DER,PUBLISHED_FITTED_CURVE_REFERENCE
AC2BAT_STANDARD,319,3.339828812523831,0.9837066420728043,64,550.6182861328125,126.28691101074219,SRC-B07-HTW-SAX-REFERENCE-2026,DER,PUBLISHED_FITTED_CURVE_REFERENCE
AC2BAT_STANDARD,320,3.349884943164225,0.9836892462721527,64,550.84033203125,126.31344604492188,SRC-B07-HTW-SAX-REFERENCE-2026,DER,PUBLISHED_FITTED_CURVE_REFERENCE
AC2BAT_STANDARD,321,3.3598305061230307,0.983671850471501,64,551.0599365234375,126.33998107910156,SRC-B07-HTW-SAX-REFERENCE-2026,DER,PUBLISHED_FITTED_CURVE_REFERENCE
AC2BAT_STANDARD,322,3.369889400955464,0.9836544546708492,64,551.2820434570312,126.36651611328125,SRC-B07-HTW-SAX-REFERENCE-2026,DER,PUBLISHED_FITTED_CURVE_REFERENCE
AC2BAT_STANDARD,323,3.37983496391427,0.9836370588701975,64,551.5016479492188,126.39305114746094,SRC-B07-HTW-SAX-REFERENCE-2026,DER,PUBLISHED_FITTED_CURVE_REFERENCE
BAT2AC_STANDARD,0,0.15391228591399098,0.8999881366785379,64,480.27117919921875,473.63360595703125,SRC-B07-HTW-SAX-REFERENCE-2026,DER,PUBLISHED_FITTED_CURVE_REFERENCE
BAT2AC_STANDARD,1,0.16003497128190522,0.9034605943463654,64,480.4063720703125,468.3368225097656,SRC-B07-HTW-SAX-REFERENCE-2026,DER,PUBLISHED_FITTED_CURVE_REFERENCE
BAT2AC_STANDARD,2,0.16998191633673113,0.9085348860427968,64,480.6260070800781,460.5966491699219,SRC-B07-HTW-SAX-REFERENCE-2026,DER,PUBLISHED_FITTED_CURVE_REFERENCE
BAT2AC_STANDARD,3,0.18003804697712478,0.9130905048210797,64,480.8480529785156,453.64764404296875,SRC-B07-HTW-SAX-REFERENCE-2026,DER,PUBLISHED_FITTED_CURVE_REFERENCE
BAT2AC_STANDARD,4,0.1899863741279705,0.9172033759936297,64,481.0677185058594,447.3739929199219,SRC-B07-HTW-SAX-REFERENCE-2026,DER,PUBLISHED_FITTED_CURVE_REFERENCE
BAT2AC_STANDARD,5,0.20004250476836416,0.9209335795902713,64,481.2897644042969,441.6840515136719,SRC-B07-HTW-SAX-REFERENCE-2026,DER,PUBLISHED_FITTED_CURVE_REFERENCE
BAT2AC_STANDARD,6,0.20998944982319004,0.9243317124792784,64,481.5093994140625,436.5006408691406,SRC-B07-HTW-SAX-REFERENCE-2026,DER,PUBLISHED_FITTED_CURVE_REFERENCE
BAT2AC_STANDARD,7,0.22004696255960354,0.9274404889009689,64,481.7314758300781,431.75860595703125,SRC-B07-HTW-SAX-REFERENCE-2026,DER,PUBLISHED_FITTED_CURVE_REFERENCE
BAT2AC_STANDARD,8,0.22999390761442945,0.9302946804476956,64,481.95111083984375,427.4049072265625,SRC-B07-HTW-SAX-REFERENCE-2026,DER,PUBLISHED_FITTED_CURVE_REFERENCE
BAT2AC_STANDARD,9,0.24005142035084298,0.9329243171310356,64,482.1731872558594,423.39373779296875,SRC-B07-HTW-SAX-REFERENCE-2026,DER,PUBLISHED_FITTED_CURVE_REFERENCE
BAT2AC_STANDARD,10,0.24999836540566886,0.9353547273951308,64,482.392822265625,419.68646240234375,SRC-B07-HTW-SAX-REFERENCE-2026,DER,PUBLISHED_FITTED_CURVE_REFERENCE
BAT2AC_STANDARD,11,0.2600544960460625,0.9376064380833379,64,482.6148681640625,416.25177001953125,SRC-B07-HTW-SAX-REFERENCE-2026,DER,PUBLISHED_FITTED_CURVE_REFERENCE
BAT2AC_STANDARD,12,0.2700028231969082,0.9397000360590232,64,482.83453369140625,413.0582580566406,SRC-B07-HTW-SAX-REFERENCE-2026,DER,PUBLISHED_FITTED_CURVE_REFERENCE
BAT2AC_STANDARD,13,0.2799497682517341,0.9416497460645127,64,483.0541687011719,410.084228515625,SRC-B07-HTW-SAX-REFERENCE-2026,DER,PUBLISHED_FITTED_CURVE_REFERENCE
BAT2AC_STANDARD,14,0.2900058988921278,0.9434713533623879,64,483.2762145996094,407.30560302734375,SRC-B07-HTW-SAX-REFERENCE-2026,DER,PUBLISHED_FITTED_CURVE_REFERENCE
BAT2AC_STANDARD,15,0.2999542260429735,0.9451743811275392,64,483.4958801269531,404.7078552246094,SRC-B07-HTW-SAX-REFERENCE-2026,DER,PUBLISHED_FITTED_CURVE_REFERENCE
BAT2AC_STANDARD,16,0.3100103566833672,0.9467730340956227,64,483.7179260253906,402.2693176269531,SRC-B07-HTW-SAX-REFERENCE-2026,DER,PUBLISHED_FITTED_CURVE_REFERENCE
BAT2AC_STANDARD,17,0.3199586838342129,0.9482736543810091,64,483.9375915527344,399.9803161621094,SRC-B07-HTW-SAX-REFERENCE-2026,DER,PUBLISHED_FITTED_CURVE_REFERENCE
BAT2AC_STANDARD,18,0.33001481447460657,0.9496857251452487,64,484.1596374511719,397.8263854980469,SRC-B07-HTW-SAX-REFERENCE-2026,DER,PUBLISHED_FITTED_CURVE_REFERENCE
BAT2AC_STANDARD,19,0.3399617595294324,0.9510171490229675,64,484.3792724609375,395.79547119140625,SRC-B07-HTW-SAX-REFERENCE-2026,DER,PUBLISHED_FITTED_CURVE_REFERENCE
BAT2AC_STANDARD,20,0.35001927226584595,0.9522742481218658,64,484.6013488769531,393.8779296875,SRC-B07-HTW-SAX-REFERENCE-2026,DER,PUBLISHED_FITTED_CURVE_REFERENCE
BAT2AC_STANDARD,21,0.3599662173206718,0.953463364556314,64,484.82098388671875,392.0640869140625,SRC-B07-HTW-SAX-REFERENCE-2026,DER,PUBLISHED_FITTED_CURVE_REFERENCE
BAT2AC_STANDARD,22,0.37002373005708533,0.9545892199004175,64,485.0430603027344,390.34674072265625,SRC-B07-HTW-SAX-REFERENCE-2026,DER,PUBLISHED_FITTED_CURVE_REFERENCE
BAT2AC_STANDARD,23,0.37997067511191124,0.9556565757416216,64,485.2626953125,388.7186279296875,SRC-B07-HTW-SAX-REFERENCE-2026,DER,PUBLISHED_FITTED_CURVE_REFERENCE
BAT2AC_STANDARD,24,0.39002680575230486,0.9566701736607017,64,485.4847412109375,387.1725158691406,SRC-B07-HTW-SAX-REFERENCE-2026,DER,PUBLISHED_FITTED_CURVE_REFERENCE
BAT2AC_STANDARD,25,0.3999751329031506,0.9576331547048382,64,485.70440673828125,385.70361328125,SRC-B07-HTW-SAX-REFERENCE-2026,DER,PUBLISHED_FITTED_CURVE_REFERENCE
BAT2AC_STANDARD,26,0.4100312635435443,0.9585503004681462,64,485.92645263671875,384.30462646484375,SRC-B07-HTW-SAX-REFERENCE-2026,DER,PUBLISHED_FITTED_CURVE_REFERENCE
BAT2AC_STANDARD,27,0.41997959069439,0.959423151464211,64,486.1461181640625,382.97320556640625,SRC-B07-HTW-SAX-REFERENCE-2026,DER,PUBLISHED_FITTED_CURVE_REFERENCE
BAT2AC_STANDARD,28,0.4300357213347836,0.9602564692804778,64,486.3681640625,381.70208740234375,SRC-B07-HTW-SAX-REFERENCE-2026,DER,PUBLISHED_FITTED_CURVE_REFERENCE
BAT2AC_STANDARD,29,0.4399826663896096,0.9610502739236166,64,486.5877990722656,380.4912414550781,SRC-B07-HTW-SAX-REFERENCE-2026,DER,PUBLISHED_FITTED_CURVE_REFERENCE
BAT2AC_STANDARD,30,0.45004017912602307,0.9618092869677328,64,486.80987548828125,379.3334655761719,SRC-B07-HTW-SAX-REFERENCE-2026,DER,PUBLISHED_FITTED_CURVE_REFERENCE
BAT2AC_STANDARD,31,0.459987124180849,0.9625366694666768,64,487.0295104980469,378.22393798828125,SRC-B07-HTW-SAX-REFERENCE-2026,DER,PUBLISHED_FITTED_CURVE_REFERENCE
BAT2AC_STANDARD,32,0.4700446369172625,0.9632308408935233,64,487.2515869140625,377.1650695800781,SRC-B07-HTW-SAX-REFERENCE-2026,DER,PUBLISHED_FITTED_CURVE_REFERENCE
BAT2AC_STANDARD,33,0.47999158197208835,0.9638965628357177,64,487.4712219238281,376.14959716796875,SRC-B07-HTW-SAX-REFERENCE-2026,DER,PUBLISHED_FITTED_CURVE_REFERENCE
BAT2AC_STANDARD,34,0.49004909470850183,0.9645353758068451,64,487.69329833984375,375.1751708984375,SRC-B07-HTW-SAX-REFERENCE-2026,DER,PUBLISHED_FITTED_CURVE_REFERENCE
BAT2AC_STANDARD,35,0.4999960397633278,0.9651473398269155,64,487.9129333496094,374.24169921875,SRC-B07-HTW-SAX-REFERENCE-2026,DER,PUBLISHED_FITTED_CURVE_REFERENCE
BAT2AC_STANDARD,36,0.5099429848181536,0.9657355759364391,64,488.132568359375,373.34442138671875,SRC-B07-HTW-SAX-REFERENCE-2026,DER,PUBLISHED_FITTED_CURVE_REFERENCE
BAT2AC_STANDARD,37,0.5200004975545671,0.9663000841354159,64,488.3546447753906,372.48333740234375,SRC-B07-HTW-SAX-REFERENCE-2026,DER,PUBLISHED_FITTED_CURVE_REFERENCE
BAT2AC_STANDARD,38,0.5299474426093931,0.9668440254776963,64,488.57427978515625,371.65362548828125,SRC-B07-HTW-SAX-REFERENCE-2026,DER,PUBLISHED_FITTED_CURVE_REFERENCE
BAT2AC_STANDARD,39,0.5400035732497868,0.967365839443025,64,488.79632568359375,370.857666015625,SRC-B07-HTW-SAX-REFERENCE-2026,DER,PUBLISHED_FITTED_CURVE_REFERENCE
BAT2AC_STANDARD,40,0.5499519004006324,0.9678686870852523,64,489.0159912109375,370.09063720703125,SRC-B07-HTW-SAX-REFERENCE-2026,DER,PUBLISHED_FITTED_CURVE_REFERENCE
BAT2AC_STANDARD,41,0.560008031041026,0.9683525684043781,64,489.238037109375,369.3525390625,SRC-B07-HTW-SAX-REFERENCE-2026,DER,PUBLISHED_FITTED_CURVE_REFERENCE
BAT2AC_STANDARD,42,0.5699563581918718,0.9688190439206578,64,489.45770263671875,368.6409912109375,SRC-B07-HTW-SAX-REFERENCE-2026,DER,PUBLISHED_FITTED_CURVE_REFERENCE
BAT2AC_STANDARD,43,0.5800124888322655,0.9692696941610162,64,489.67974853515625,367.9535827636719,SRC-B07-HTW-SAX-REFERENCE-2026,DER,PUBLISHED_FITTED_CURVE_REFERENCE
BAT2AC_STANDARD,44,0.5899594338870913,0.9697029586051983,64,489.8993835449219,367.2926940917969,SRC-B07-HTW-SAX-REFERENCE-2026,DER,PUBLISHED_FITTED_CURVE_REFERENCE
BAT2AC_STANDARD,45,0.6000169466235048,0.9701219983070544,64,490.1214599609375,366.65350341796875,SRC-B07-HTW-SAX-REFERENCE-2026,DER,PUBLISHED_FITTED_CURVE_REFERENCE
BAT2AC_STANDARD,46,0.6099638916783308,0.9705267932599144,64,490.3410949707031,366.0360412597656,SRC-B07-HTW-SAX-REFERENCE-2026,DER,PUBLISHED_FITTED_CURVE_REFERENCE
BAT2AC_STANDARD,47,0.6200214044147443,0.9709173834771183,64,490.56317138671875,365.44024658203125,SRC-B07-HTW-SAX-REFERENCE-2026,DER,PUBLISHED_FITTED_CURVE_REFERENCE
BAT2AC_STANDARD,48,0.6299683494695701,0.9712952894655814,64,490.7828063964844,364.8638000488281,SRC-B07-HTW-SAX-REFERENCE-2026,DER,PUBLISHED_FITTED_CURVE_REFERENCE
BAT2AC_STANDARD,49,0.6400258622059837,0.9716605712453135,64,491.0048828125,364.3066101074219,SRC-B07-HTW-SAX-REFERENCE-2026,DER,PUBLISHED_FITTED_CURVE_REFERENCE
BAT2AC_STANDARD,50,0.6499728072608095,0.9720147693298998,64,491.2245178222656,363.7663269042969,SRC-B07-HTW-SAX-REFERENCE-2026,DER,PUBLISHED_FITTED_CURVE_REFERENCE
BAT2AC_STANDARD,51,0.6600289379012032,0.9723563231990852,64,491.4465637207031,363.2453308105469,SRC-B07-HTW-SAX-REFERENCE-2026,DER,PUBLISHED_FITTED_CURVE_REFERENCE
BAT2AC_STANDARD,52,0.6699772650520489,0.9726868133797946,64,491.6662292480469,362.7412109375,SRC-B07-HTW-SAX-REFERENCE-2026,DER,PUBLISHED_FITTED_CURVE_REFERENCE
BAT2AC_STANDARD,53,0.6800333956924426,0.9730078003922834,64,491.8882751464844,362.2515869140625,SRC-B07-HTW-SAX-REFERENCE-2026,DER,PUBLISHED_FITTED_CURVE_REFERENCE
BAT2AC_STANDARD,54,0.6899817228432883,0.9733193042432216,64,492.1079406738281,361.77642822265625,SRC-B07-HTW-SAX-REFERENCE-2026,DER,PUBLISHED_FITTED_CURVE_REFERENCE
BAT2AC_STANDARD,55,0.700037853483682,0.9736197644123538,64,492.3299865722656,361.318115234375,SRC-B07-HTW-SAX-REFERENCE-2026,DER,PUBLISHED_FITTED_CURVE_REFERENCE
BAT2AC_STANDARD,56,0.7099847985385079,0.9739123019401905,64,492.54962158203125,360.87188720703125,SRC-B07-HTW-SAX-REFERENCE-2026,DER,PUBLISHED_FITTED_CURVE_REFERENCE
BAT2AC_STANDARD,57,0.7199331256893536,0.9741953362998065,64,492.769287109375,360.4401550292969,SRC-B07-HTW-SAX-REFERENCE-2026,DER,PUBLISHED_FITTED_CURVE_REFERENCE
BAT2AC_STANDARD,58,0.7299892563297472,0.974470468024797,64,492.9913330078125,360.0204772949219,SRC-B07-HTW-SAX-REFERENCE-2026,DER,PUBLISHED_FITTED_CURVE_REFERENCE
BAT2AC_STANDARD,59,0.739937583480593,0.9747361365949065,64,493.21099853515625,359.615234375,SRC-B07-HTW-SAX-REFERENCE-2026,DER,PUBLISHED_FITTED_CURVE_REFERENCE
BAT2AC_STANDARD,60,0.7499937141209867,0.9749954630506459,64,493.43304443359375,359.21966552734375,SRC-B07-HTW-SAX-REFERENCE-2026,DER,PUBLISHED_FITTED_CURVE_REFERENCE
BAT2AC_STANDARD,61,0.7599406591758125,0.9752468668650895,64,493.6526794433594,358.836181640625,SRC-B07-HTW-SAX-REFERENCE-2026,DER,PUBLISHED_FITTED_CURVE_REFERENCE
BAT2AC_STANDARD,62,0.7699981719122261,0.9754919685785027,64,493.874755859375,358.4623107910156,SRC-B07-HTW-SAX-REFERENCE-2026,DER,PUBLISHED_FITTED_CURVE_REFERENCE
BAT2AC_STANDARD,63,0.7799451169670519,0.9757291476506204,64,494.0943908691406,358.10052490234375,SRC-B07-HTW-SAX-REFERENCE-2026,DER,PUBLISHED_FITTED_CURVE_REFERENCE
BAT2AC_STANDARD,64,0.7900026297034655,0.9759584440947823,64,494.31646728515625,357.7507629394531,SRC-B07-HTW-SAX-REFERENCE-2026,DER,PUBLISHED_FITTED_CURVE_REFERENCE
BAT2AC_STANDARD,65,0.7999495747582913,0.976182978951499,64,494.5361022949219,357.40826416015625,SRC-B07-HTW-SAX-REFERENCE-2026,DER,PUBLISHED_FITTED_CURVE_REFERENCE
BAT2AC_STANDARD,66,0.810005705398685,0.9764012117071851,64,494.7581481933594,357.07537841796875,SRC-B07-HTW-SAX-REFERENCE-2026,DER,PUBLISHED_FITTED_CURVE_REFERENCE
BAT2AC_STANDARD,67,0.8199540325495308,0.9766130823418309,64,494.9778137207031,356.752197265625,SRC-B07-HTW-SAX-REFERENCE-2026,DER,PUBLISHED_FITTED_CURVE_REFERENCE
BAT2AC_STANDARD,68,0.8300101631899245,0.9768202314023712,64,495.1998596191406,356.43621826171875,SRC-B07-HTW-SAX-REFERENCE-2026,DER,PUBLISHED_FITTED_CURVE_REFERENCE
BAT2AC_STANDARD,69,0.8399571082447503,0.977021058355211,64,495.41949462890625,356.1298828125,SRC-B07-HTW-SAX-REFERENCE-2026,DER,PUBLISHED_FITTED_CURVE_REFERENCE
BAT2AC_STANDARD,70,0.8500146209811638,0.9772155431936805,64,495.6415710449219,355.8332214355469,SRC-B07-HTW-SAX-REFERENCE-2026,DER,PUBLISHED_FITTED_CURVE_REFERENCE
BAT2AC_STANDARD,71,0.8599615660359896,0.9774053064580446,64,495.8612060546875,355.54376220703125,SRC-B07-HTW-SAX-REFERENCE-2026,DER,PUBLISHED_FITTED_CURVE_REFERENCE
BAT2AC_STANDARD,72,0.8700190787724031,0.9775918886618884,64,496.0832824707031,355.2591552734375,SRC-B07-HTW-SAX-REFERENCE-2026,DER,PUBLISHED_FITTED_CURVE_REFERENCE
BAT2AC_STANDARD,73,0.879966023827229,0.9777721487580318,64,496.30291748046875,354.98419189453125,SRC-B07-HTW-SAX-REFERENCE-2026,DER,PUBLISHED_FITTED_CURVE_REFERENCE
BAT2AC_STANDARD,74,0.8900235365636425,0.9779476872800698,64,496.5249938964844,354.7164306640625,SRC-B07-HTW-SAX-REFERENCE-2026,DER,PUBLISHED_FITTED_CURVE_REFERENCE
BAT2AC_STANDARD,75,0.8999704816184685,0.9781184642146624,64,496.74462890625,354.4559326171875,SRC-B07-HTW-SAX-REFERENCE-2026,DER,PUBLISHED_FITTED_CURVE_REFERENCE
BAT2AC_STANDARD,76,0.9100266122588622,0.9782844795618097,64,496.9666748046875,354.20269775390625,SRC-B07-HTW-SAX-REFERENCE-2026,DER,PUBLISHED_FITTED_CURVE_REFERENCE
BAT2AC_STANDARD,77,0.9199749394097079,0.9784473538617768,64,497.18634033203125,353.9542541503906,SRC-B07-HTW-SAX-REFERENCE-2026,DER,PUBLISHED_FITTED_CURVE_REFERENCE
BAT2AC_STANDARD,78,0.9299218844645337,0.9786054865809686,64,497.4059753417969,353.7130432128906,SRC-B07-HTW-SAX-REFERENCE-2026,DER,PUBLISHED_FITTED_CURVE_REFERENCE
BAT2AC_STANDARD,79,0.9399793972009471,0.9787604382396401,64,497.6280517578125,353.4766845703125,SRC-B07-HTW-SAX-REFERENCE-2026,DER,PUBLISHED_FITTED_CURVE_REFERENCE
BAT2AC_STANDARD,80,0.9499263422557732,0.9789106683242063,64,497.8476867675781,353.2475280761719,SRC-B07-HTW-SAX-REFERENCE-2026,DER,PUBLISHED_FITTED_CURVE_REFERENCE
BAT2AC_STANDARD,81,0.9599824728961669,0.9790577373549221,64,498.0697326660156,353.023193359375,SRC-B07-HTW-SAX-REFERENCE-2026,DER,PUBLISHED_FITTED_CURVE_REFERENCE
BAT2AC_STANDARD,82,0.9699308000470126,0.9792016253251178,64,498.2893981933594,352.8037109375,SRC-B07-HTW-SAX-REFERENCE-2026,DER,PUBLISHED_FITTED_CURVE_REFERENCE
BAT2AC_STANDARD,83,0.9799869306874062,0.9793407717145381,64,498.5114440917969,352.5914611816406,SRC-B07-HTW-SAX-REFERENCE-2026,DER,PUBLISHED_FITTED_CURVE_REFERENCE
BAT2AC_STANDARD,84,0.9899352578382519,0.9794767570501082,64,498.7311096191406,352.384033203125,SRC-B07-HTW-SAX-REFERENCE-2026,DER,PUBLISHED_FITTED_CURVE_REFERENCE
BAT2AC_STANDARD,85,0.9999913884786455,0.9796095813318281,64,498.9531555175781,352.1814270019531,SRC-B07-HTW-SAX-REFERENCE-2026,DER,PUBLISHED_FITTED_CURVE_REFERENCE
BAT2AC_STANDARD,86,1.0099383335334713,0.9797392445596977,64,499.17279052734375,351.983642578125,SRC-B07-HTW-SAX-REFERENCE-2026,DER,PUBLISHED_FITTED_CURVE_REFERENCE
BAT2AC_STANDARD,87,1.0199958462698848,0.9798657667403871,64,499.3948669433594,351.7906494140625,SRC-B07-HTW-SAX-REFERENCE-2026,DER,PUBLISHED_FITTED_CURVE_REFERENCE
BAT2AC_STANDARD,88,1.029942791324711,0.9799906683808113,64,499.614501953125,351.6001281738281,SRC-B07-HTW-SAX-REFERENCE-2026,DER,PUBLISHED_FITTED_CURVE_REFERENCE
BAT2AC_STANDARD,89,1.0400003040611243,0.9801108484471303,64,499.8365783691406,351.41680908203125,SRC-B07-HTW-SAX-REFERENCE-2026,DER,PUBLISHED_FITTED_CURVE_REFERENCE
BAT2AC_STANDARD,90,1.0499472491159503,0.9802278474529289,64,500.05621337890625,351.23834228515625,SRC-B07-HTW-SAX-REFERENCE-2026,DER,PUBLISHED_FITTED_CURVE_REFERENCE
BAT2AC_STANDARD,91,1.060003379756344,0.9803432859384725,64,500.27825927734375,351.062255859375,SRC-B07-HTW-SAX-REFERENCE-2026,DER,PUBLISHED_FITTED_CURVE_REFERENCE
BAT2AC_STANDARD,92,1.0699517069071895,0.9804555633701658,64,500.4979248046875,350.8909912109375,SRC-B07-HTW-SAX-REFERENCE-2026,DER,PUBLISHED_FITTED_CURVE_REFERENCE
BAT2AC_STANDARD,93,1.0800078375475832,0.980566240268264,64,500.719970703125,350.72216796875,SRC-B07-HTW-SAX-REFERENCE-2026,DER,PUBLISHED_FITTED_CURVE_REFERENCE
BAT2AC_STANDARD,94,1.089956164698429,0.9806721955922568,64,500.93963623046875,350.560546875,SRC-B07-HTW-SAX-REFERENCE-2026,DER,PUBLISHED_FITTED_CURVE_REFERENCE
BAT2AC_STANDARD,95,1.1000122953388227,0.9807781509162496,64,501.16168212890625,350.39892578125,SRC-B07-HTW-SAX-REFERENCE-2026,DER,PUBLISHED_FITTED_CURVE_REFERENCE
BAT2AC_STANDARD,96,1.1099592403936487,0.9808793446527972,64,501.3813171386719,350.24456787109375,SRC-B07-HTW-SAX-REFERENCE-2026,DER,PUBLISHED_FITTED_CURVE_REFERENCE
BAT2AC_STANDARD,97,1.1200167531300622,0.9809805383893447,64,501.6033935546875,350.0902099609375,SRC-B07-HTW-SAX-REFERENCE-2026,DER,PUBLISHED_FITTED_CURVE_REFERENCE
BAT2AC_STANDARD,98,1.129963698184888,0.9810770105517869,64,501.8230285644531,349.94305419921875,SRC-B07-HTW-SAX-REFERENCE-2026,DER,PUBLISHED_FITTED_CURVE_REFERENCE
BAT2AC_STANDARD,99,1.1400212109213015,0.981173462707559,64,502.04510498046875,349.7959289550781,SRC-B07-HTW-SAX-REFERENCE-2026,DER,PUBLISHED_FITTED_CURVE_REFERENCE
BAT2AC_STANDARD,100,1.1499681559761272,0.9812667538094809,64,502.2647399902344,349.65362548828125,SRC-B07-HTW-SAX-REFERENCE-2026,DER,PUBLISHED_FITTED_CURVE_REFERENCE
BAT2AC_STANDARD,101,1.1599151010309534,0.9813568838575526,64,502.484375,349.5161437988281,SRC-B07-HTW-SAX-REFERENCE-2026,DER,PUBLISHED_FITTED_CURVE_REFERENCE
BAT2AC_STANDARD,102,1.1699726137673667,0.9814454333786993,64,502.7064514160156,349.3810729980469,SRC-B07-HTW-SAX-REFERENCE-2026,DER,PUBLISHED_FITTED_CURVE_REFERENCE
BAT2AC_STANDARD,103,1.1799195588221927,0.9815324023729207,64,502.92608642578125,349.2484130859375,SRC-B07-HTW-SAX-REFERENCE-2026,DER,PUBLISHED_FITTED_CURVE_REFERENCE
BAT2AC_STANDARD,104,1.1899770715586062,0.981617790840217,64,503.1481628417969,349.1181640625,SRC-B07-HTW-SAX-REFERENCE-2026,DER,PUBLISHED_FITTED_CURVE_REFERENCE
BAT2AC_STANDARD,105,1.199924016613432,0.9817015987805883,64,503.3677978515625,348.9903259277344,SRC-B07-HTW-SAX-REFERENCE-2026,DER,PUBLISHED_FITTED_CURVE_REFERENCE
BAT2AC_STANDARD,106,1.2099815293498455,0.9817822456671091,64,503.5898742675781,348.8673095703125,SRC-B07-HTW-SAX-REFERENCE-2026,DER,PUBLISHED_FITTED_CURVE_REFERENCE
BAT2AC_STANDARD,107,1.2199284744046714,0.981861312026705,64,503.80950927734375,348.7467041015625,SRC-B07-HTW-SAX-REFERENCE-2026,DER,PUBLISHED_FITTED_CURVE_REFERENCE
BAT2AC_STANDARD,108,1.2299846050450651,0.9819387778527059,64,504.03155517578125,348.6285400390625,SRC-B07-HTW-SAX-REFERENCE-2026,DER,PUBLISHED_FITTED_CURVE_REFERENCE
BAT2AC_STANDARD,109,1.239932932195911,0.9820146831584514,64,504.251220703125,348.51275634765625,SRC-B07-HTW-SAX-REFERENCE-2026,DER,PUBLISHED_FITTED_CURVE_REFERENCE
BAT2AC_STANDARD,110,1.2499890628363046,0.9820890079372719,64,504.4732666015625,348.3993835449219,SRC-B07-HTW-SAX-REFERENCE-2026,DER,PUBLISHED_FITTED_CURVE_REFERENCE
BAT2AC_STANDARD,111,1.2599373899871502,0.9821617521891673,64,504.69293212890625,348.2884216308594,SRC-B07-HTW-SAX-REFERENCE-2026,DER,PUBLISHED_FITTED_CURVE_REFERENCE
BAT2AC_STANDARD,112,1.269993520627544,0.9822329159141376,64,504.91497802734375,348.17987060546875,SRC-B07-HTW-SAX-REFERENCE-2026,DER,PUBLISHED_FITTED_CURVE_REFERENCE
BAT2AC_STANDARD,113,1.2799404656823696,0.9823024791055128,64,505.1346130371094,348.0737609863281,SRC-B07-HTW-SAX-REFERENCE-2026,DER,PUBLISHED_FITTED_CURVE_REFERENCE
BAT2AC_STANDARD,114,1.2899979784187832,0.9823704817766328,64,505.356689453125,347.97003173828125,SRC-B07-HTW-SAX-REFERENCE-2026,DER,PUBLISHED_FITTED_CURVE_REFERENCE
BAT2AC_STANDARD,115,1.2999449234736091,0.9824368839141577,64,505.5763244628906,347.8687438964844,SRC-B07-HTW-SAX-REFERENCE-2026,DER,PUBLISHED_FITTED_CURVE_REFERENCE
BAT2AC_STANDARD,116,1.3100024362100227,0.9825017255314276,64,505.79840087890625,347.76983642578125,SRC-B07-HTW-SAX-REFERENCE-2026,DER,PUBLISHED_FITTED_CURVE_REFERENCE
BAT2AC_STANDARD,117,1.3199493812648486,0.9825649866217722,64,506.0180358886719,347.67333984375,SRC-B07-HTW-SAX-REFERENCE-2026,DER,PUBLISHED_FITTED_CURVE_REFERENCE
BAT2AC_STANDARD,118,1.3300068940012622,0.9826266471785218,64,506.2401123046875,347.57928466796875,SRC-B07-HTW-SAX-REFERENCE-2026,DER,PUBLISHED_FITTED_CURVE_REFERENCE
BAT2AC_STANDARD,119,1.339953839056088,0.9826867272083463,64,506.4597473144531,347.4876403808594,SRC-B07-HTW-SAX-REFERENCE-2026,DER,PUBLISHED_FITTED_CURVE_REFERENCE
BAT2AC_STANDARD,120,1.3500099696964816,0.9827468072381708,64,506.6817932128906,347.39599609375,SRC-B07-HTW-SAX-REFERENCE-2026,DER,PUBLISHED_FITTED_CURVE_REFERENCE
BAT2AC_STANDARD,121,1.3599582968473274,0.9828037462208149,64,506.9014587402344,347.30914306640625,SRC-B07-HTW-SAX-REFERENCE-2026,DER,PUBLISHED_FITTED_CURVE_REFERENCE
BAT2AC_STANDARD,122,1.3699052419021533,0.9828606651967892,64,507.12109375,347.2223205566406,SRC-B07-HTW-SAX-REFERENCE-2026,DER,PUBLISHED_FITTED_CURVE_REFERENCE
BAT2AC_STANDARD,123,1.379961372542547,0.9829160236525083,64,507.3431396484375,347.13787841796875,SRC-B07-HTW-SAX-REFERENCE-2026,DER,PUBLISHED_FITTED_CURVE_REFERENCE
BAT2AC_STANDARD,124,1.3899096996933926,0.9829697615679623,64,507.56280517578125,347.055908203125,SRC-B07-HTW-SAX-REFERENCE-2026,DER,PUBLISHED_FITTED_CURVE_REFERENCE
BAT2AC_STANDARD,125,1.3999658303337863,0.9830235394967562,64,507.78485107421875,346.973876953125,SRC-B07-HTW-SAX-REFERENCE-2026,DER,PUBLISHED_FITTED_CURVE_REFERENCE
BAT2AC_STANDARD,126,1.409914157484632,0.98307413636503,64,508.0045166015625,346.8966979980469,SRC-B07-HTW-SAX-REFERENCE-2026,DER,PUBLISHED_FITTED_CURVE_REFERENCE
BAT2AC_STANDARD,127,1.4199702881250256,0.9831247332333037,64,508.2265625,346.81951904296875,SRC-B07-HTW-SAX-REFERENCE-2026,DER,PUBLISHED_FITTED_CURVE_REFERENCE
BAT2AC_STANDARD,128,1.4299186152758714,0.9831753501082475,64,508.44622802734375,346.7423095703125,SRC-B07-HTW-SAX-REFERENCE-2026,DER,PUBLISHED_FITTED_CURVE_REFERENCE
BAT2AC_STANDARD,129,1.439974745916265,0.9832227659160011,64,508.66827392578125,346.66998291015625,SRC-B07-HTW-SAX-REFERENCE-2026,DER,PUBLISHED_FITTED_CURVE_REFERENCE
BAT2AC_STANDARD,130,1.449921690971091,0.9832702217370946,64,508.8879089355469,346.59759521484375,SRC-B07-HTW-SAX-REFERENCE-2026,DER,PUBLISHED_FITTED_CURVE_REFERENCE
BAT2AC_STANDARD,131,1.4599792037075046,0.9833160770245929,64,509.1099853515625,346.52764892578125,SRC-B07-HTW-SAX-REFERENCE-2026,DER,PUBLISHED_FITTED_CURVE_REFERENCE
BAT2AC_STANDARD,132,1.4699261487623303,0.9833619323120913,64,509.3296203613281,346.45770263671875,SRC-B07-HTW-SAX-REFERENCE-2026,DER,PUBLISHED_FITTED_CURVE_REFERENCE
BAT2AC_STANDARD,133,1.4799836614987438,0.9834062070726646,64,509.55169677734375,346.3901672363281,SRC-B07-HTW-SAX-REFERENCE-2026,DER,PUBLISHED_FITTED_CURVE_REFERENCE
BAT2AC_STANDARD,134,1.4899306065535698,0.9834489013063128,64,509.7713317871094,346.3250427246094,SRC-B07-HTW-SAX-REFERENCE-2026,DER,PUBLISHED_FITTED_CURVE_REFERENCE
BAT2AC_STANDARD,135,1.4999881192899833,0.9834900150130358,64,509.993408203125,346.2623291015625,SRC-B07-HTW-SAX-REFERENCE-2026,DER,PUBLISHED_FITTED_CURVE_REFERENCE
BAT2AC_STANDARD,136,1.509935064344809,0.9835311287197589,64,510.2130432128906,346.1996154785156,SRC-B07-HTW-SAX-REFERENCE-2026,DER,PUBLISHED_FITTED_CURVE_REFERENCE
BAT2AC_STANDARD,137,1.5199911949852027,0.9835722424264819,64,510.4350891113281,346.13690185546875,SRC-B07-HTW-SAX-REFERENCE-2026,DER,PUBLISHED_FITTED_CURVE_REFERENCE
BAT2AC_STANDARD,138,1.5299381400400287,0.9836117756062799,64,510.65472412109375,346.07659912109375,SRC-B07-HTW-SAX-REFERENCE-2026,DER,PUBLISHED_FITTED_CURVE_REFERENCE
BAT2AC_STANDARD,139,1.5399956527764422,0.9836497082524828,64,510.8768005371094,346.01873779296875,SRC-B07-HTW-SAX-REFERENCE-2026,DER,PUBLISHED_FITTED_CURVE_REFERENCE
BAT2AC_STANDARD,140,1.549942597831268,0.9836876809120255,64,511.096435546875,345.9608154296875,SRC-B07-HTW-SAX-REFERENCE-2026,DER,PUBLISHED_FITTED_CURVE_REFERENCE
BAT2AC_STANDARD,141,1.5600001105676815,0.9837240330313032,64,511.3185119628906,345.9053649902344,SRC-B07-HTW-SAX-REFERENCE-2026,DER,PUBLISHED_FITTED_CURVE_REFERENCE
BAT2AC_STANDARD,142,1.5699470556225075,0.9837588246303258,64,511.53814697265625,345.852294921875,SRC-B07-HTW-SAX-REFERENCE-2026,DER,PUBLISHED_FITTED_CURVE_REFERENCE
BAT2AC_STANDARD,143,1.5798953827733533,0.9837935962226785,64,511.7578125,345.79925537109375,SRC-B07-HTW-SAX-REFERENCE-2026,DER,PUBLISHED_FITTED_CURVE_REFERENCE
BAT2AC_STANDARD,144,1.589951513413747,0.9838284078283709,64,511.9798583984375,345.74615478515625,SRC-B07-HTW-SAX-REFERENCE-2026,DER,PUBLISHED_FITTED_CURVE_REFERENCE
BAT2AC_STANDARD,145,1.5998998405645926,0.9838616189004684,64,512.1995239257812,345.69549560546875,SRC-B07-HTW-SAX-REFERENCE-2026,DER,PUBLISHED_FITTED_CURVE_REFERENCE
BAT2AC_STANDARD,146,1.6099559712049862,0.9838932294389707,64,512.4215698242188,345.64727783203125,SRC-B07-HTW-SAX-REFERENCE-2026,DER,PUBLISHED_FITTED_CURVE_REFERENCE
BAT2AC_STANDARD,147,1.619904298355832,0.9839248599841431,64,512.6412353515625,345.5990295410156,SRC-B07-HTW-SAX-REFERENCE-2026,DER,PUBLISHED_FITTED_CURVE_REFERENCE
BAT2AC_STANDARD,148,1.6299604289962255,0.9839564905293154,64,512.86328125,345.55078125,SRC-B07-HTW-SAX-REFERENCE-2026,DER,PUBLISHED_FITTED_CURVE_REFERENCE
BAT2AC_STANDARD,149,1.6399059919550316,0.9839865405475626,64,513.0828857421875,345.50494384765625,SRC-B07-HTW-SAX-REFERENCE-2026,DER,PUBLISHED_FITTED_CURVE_REFERENCE
BAT2AC_STANDARD,150,1.649964886787465,0.9840165705591399,64,513.3049926757812,345.4591369628906,SRC-B07-HTW-SAX-REFERENCE-2026,DER,PUBLISHED_FITTED_CURVE_REFERENCE
BAT2AC_STANDARD,151,1.659910449746271,0.984045040050462,64,513.5245971679688,345.41571044921875,SRC-B07-HTW-SAX-REFERENCE-2026,DER,PUBLISHED_FITTED_CURVE_REFERENCE
BAT2AC_STANDARD,152,1.6699693445787047,0.984071929014859,64,513.7467041015625,345.37469482421875,SRC-B07-HTW-SAX-REFERENCE-2026,DER,PUBLISHED_FITTED_CURVE_REFERENCE
BAT2AC_STANDARD,153,1.6799149075375106,0.9841003784995112,64,513.96630859375,345.331298828125,SRC-B07-HTW-SAX-REFERENCE-2026,DER,PUBLISHED_FITTED_CURVE_REFERENCE
BAT2AC_STANDARD,154,1.6899738023699438,0.984125666930313,64,514.1884155273438,345.292724609375,SRC-B07-HTW-SAX-REFERENCE-2026,DER,PUBLISHED_FITTED_CURVE_REFERENCE
BAT2AC_STANDARD,155,1.6999193653287499,0.98415255589471,64,514.4080200195312,345.251708984375,SRC-B07-HTW-SAX-REFERENCE-2026,DER,PUBLISHED_FITTED_CURVE_REFERENCE
BAT2AC_STANDARD,156,1.7099782601611833,0.9841778443255119,64,514.630126953125,345.213134765625,SRC-B07-HTW-SAX-REFERENCE-2026,DER,PUBLISHED_FITTED_CURVE_REFERENCE
BAT2AC_STANDARD,157,1.7199238231199894,0.9842015722360586,64,514.8497314453125,345.17694091796875,SRC-B07-HTW-SAX-REFERENCE-2026,DER,PUBLISHED_FITTED_CURVE_REFERENCE
BAT2AC_STANDARD,158,1.7299799537603828,0.9842253001466054,64,515.07177734375,345.1407470703125,SRC-B07-HTW-SAX-REFERENCE-2026,DER,PUBLISHED_FITTED_CURVE_REFERENCE
BAT2AC_STANDARD,159,1.7399282809112289,0.9842490280571521,64,515.2914428710938,345.10455322265625,SRC-B07-HTW-SAX-REFERENCE-2026,DER,PUBLISHED_FITTED_CURVE_REFERENCE
BAT2AC_STANDARD,160,1.7499844115516223,0.9842711554341038,64,515.5134887695312,345.07080078125,SRC-B07-HTW-SAX-REFERENCE-2026,DER,PUBLISHED_FITTED_CURVE_REFERENCE
BAT2AC_STANDARD,161,1.759932738702468,0.9842932828110554,64,515.733154296875,345.03704833984375,SRC-B07-HTW-SAX-REFERENCE-2026,DER,PUBLISHED_FITTED_CURVE_REFERENCE
BAT2AC_STANDARD,162,1.7699888693428618,0.984315430194677,64,515.9552001953125,345.0032653808594,SRC-B07-HTW-SAX-REFERENCE-2026,DER,PUBLISHED_FITTED_CURVE_REFERENCE
BAT2AC_STANDARD,163,1.7799371964937074,0.9843359770447037,64,516.1748657226562,344.971923828125,SRC-B07-HTW-SAX-REFERENCE-2026,DER,PUBLISHED_FITTED_CURVE_REFERENCE
BAT2AC_STANDARD,164,1.789993327134101,0.9843565439014001,64,516.3969116210938,344.9405517578125,SRC-B07-HTW-SAX-REFERENCE-2026,DER,PUBLISHED_FITTED_CURVE_REFERENCE
BAT2AC_STANDARD,165,1.7999416542849471,0.9843755102245015,64,516.6165771484375,344.91162109375,SRC-B07-HTW-SAX-REFERENCE-2026,DER,PUBLISHED_FITTED_CURVE_REFERENCE
BAT2AC_STANDARD,166,1.809887217243753,0.9843944965542729,64,516.836181640625,344.8826599121094,SRC-B07-HTW-SAX-REFERENCE-2026,DER,PUBLISHED_FITTED_CURVE_REFERENCE
BAT2AC_STANDARD,167,1.8199461120761862,0.9844134828840443,64,517.0582885742188,344.85369873046875,SRC-B07-HTW-SAX-REFERENCE-2026,DER,PUBLISHED_FITTED_CURVE_REFERENCE
BAT2AC_STANDARD,168,1.8298916750349923,0.9844324492071458,64,517.2778930664062,344.82476806640625,SRC-B07-HTW-SAX-REFERENCE-2026,DER,PUBLISHED_FITTED_CURVE_REFERENCE
BAT2AC_STANDARD,169,1.8399505698674257,0.9844498350033221,64,517.5,344.7982482910156,SRC-B07-HTW-SAX-REFERENCE-2026,DER,PUBLISHED_FITTED_CURVE_REFERENCE
BAT2AC_STANDARD,170,1.8498961328262318,0.9844656602792432,64,517.7196044921875,344.77410888671875,SRC-B07-HTW-SAX-REFERENCE-2026,DER,PUBLISHED_FITTED_CURVE_REFERENCE
BAT2AC_STANDARD,171,1.8599522634666252,0.9844830460754195,64,517.941650390625,344.7475891113281,SRC-B07-HTW-SAX-REFERENCE-2026,DER,PUBLISHED_FITTED_CURVE_REFERENCE
BAT2AC_STANDARD,172,1.8699005906174713,0.9844988713513406,64,518.1613159179688,344.72344970703125,SRC-B07-HTW-SAX-REFERENCE-2026,DER,PUBLISHED_FITTED_CURVE_REFERENCE
BAT2AC_STANDARD,173,1.8799567212578647,0.9845146766205918,64,518.3833618164062,344.6993408203125,SRC-B07-HTW-SAX-REFERENCE-2026,DER,PUBLISHED_FITTED_CURVE_REFERENCE
BAT2AC_STANDARD,174,1.8899050484087103,0.9845289013629179,64,518.60302734375,344.6776428222656,SRC-B07-HTW-SAX-REFERENCE-2026,DER,PUBLISHED_FITTED_CURVE_REFERENCE
BAT2AC_STANDARD,175,1.8999611790491042,0.984543126105244,64,518.8250732421875,344.65594482421875,SRC-B07-HTW-SAX-REFERENCE-2026,DER,PUBLISHED_FITTED_CURVE_REFERENCE
BAT2AC_STANDARD,176,1.9099095061999498,0.98455737085424,64,519.0447387695312,344.63421630859375,SRC-B07-HTW-SAX-REFERENCE-2026,DER,PUBLISHED_FITTED_CURVE_REFERENCE
BAT2AC_STANDARD,177,1.9199656368403435,0.984571595596566,64,519.2667846679688,344.6125183105469,SRC-B07-HTW-SAX-REFERENCE-2026,DER,PUBLISHED_FITTED_CURVE_REFERENCE
BAT2AC_STANDARD,178,1.9299139639911895,0.9845842398119671,64,519.4864501953125,344.5932312011719,SRC-B07-HTW-SAX-REFERENCE-2026,DER,PUBLISHED_FITTED_CURVE_REFERENCE
BAT2AC_STANDARD,179,1.939970094631583,0.9845969040340379,64,519.70849609375,344.57391357421875,SRC-B07-HTW-SAX-REFERENCE-2026,DER,PUBLISHED_FITTED_CURVE_REFERENCE
BAT2AC_STANDARD,180,1.9499184217824286,0.9846095482494389,64,519.9281616210938,344.55462646484375,SRC-B07-HTW-SAX-REFERENCE-2026,DER,PUBLISHED_FITTED_CURVE_REFERENCE
BAT2AC_STANDARD,181,1.9599745524228225,0.9846206119379147,64,520.1502075195312,344.5377502441406,SRC-B07-HTW-SAX-REFERENCE-2026,DER,PUBLISHED_FITTED_CURVE_REFERENCE
BAT2AC_STANDARD,182,1.969922879573668,0.9846316756263905,64,520.369873046875,344.5208740234375,SRC-B07-HTW-SAX-REFERENCE-2026,DER,PUBLISHED_FITTED_CURVE_REFERENCE
BAT2AC_STANDARD,183,1.9799790102140615,0.9846427593215363,64,520.5919189453125,344.50396728515625,SRC-B07-HTW-SAX-REFERENCE-2026,DER,PUBLISHED_FITTED_CURVE_REFERENCE
BAT2AC_STANDARD,184,1.9899273373649073,0.9846538230100121,64,520.8115844726562,344.4870910644531,SRC-B07-HTW-SAX-REFERENCE-2026,DER,PUBLISHED_FITTED_CURVE_REFERENCE
BAT2AC_STANDARD,185,1.999983468005301,0.9846633061715628,64,521.0336303710938,344.4726257324219,SRC-B07-HTW-SAX-REFERENCE-2026,DER,PUBLISHED_FITTED_CURVE_REFERENCE
BAT2AC_STANDARD,186,2.0099317951561466,0.9846727893331136,64,521.2532958984375,344.4581604003906,SRC-B07-HTW-SAX-REFERENCE-2026,DER,PUBLISHED_FITTED_CURVE_REFERENCE
BAT2AC_STANDARD,187,2.019877358114953,0.9846822925013342,64,521.472900390625,344.44366455078125,SRC-B07-HTW-SAX-REFERENCE-2026,DER,PUBLISHED_FITTED_CURVE_REFERENCE
BAT2AC_STANDARD,188,2.0299334887553466,0.984691775662885,64,521.6949462890625,344.42919921875,SRC-B07-HTW-SAX-REFERENCE-2026,DER,PUBLISHED_FITTED_CURVE_REFERENCE
BAT2AC_STANDARD,189,2.039881815906192,0.9846996782975106,64,521.9146118164062,344.4171447753906,SRC-B07-HTW-SAX-REFERENCE-2026,DER,PUBLISHED_FITTED_CURVE_REFERENCE
BAT2AC_STANDARD,190,2.049937946546586,0.9847075809321362,64,522.1366577148438,344.40509033203125,SRC-B07-HTW-SAX-REFERENCE-2026,DER,PUBLISHED_FITTED_CURVE_REFERENCE
BAT2AC_STANDARD,191,2.059886273697432,0.9847154835667618,64,522.3563232421875,344.3930358886719,SRC-B07-HTW-SAX-REFERENCE-2026,DER,PUBLISHED_FITTED_CURVE_REFERENCE
BAT2AC_STANDARD,192,2.069942404337825,0.9847218256811322,64,522.578369140625,344.38336181640625,SRC-B07-HTW-SAX-REFERENCE-2026,DER,PUBLISHED_FITTED_CURVE_REFERENCE
BAT2AC_STANDARD,193,2.079890731488671,0.9847297283157578,64,522.7980346679688,344.3713073730469,SRC-B07-HTW-SAX-REFERENCE-2026,DER,PUBLISHED_FITTED_CURVE_REFERENCE
BAT2AC_STANDARD,194,2.089946862129065,0.9847360504234582,64,523.0200805664062,344.3616638183594,SRC-B07-HTW-SAX-REFERENCE-2026,DER,PUBLISHED_FITTED_CURVE_REFERENCE
BAT2AC_STANDARD,195,2.0998951892799105,0.9847423725311587,64,523.23974609375,344.3520202636719,SRC-B07-HTW-SAX-REFERENCE-2026,DER,PUBLISHED_FITTED_CURVE_REFERENCE
BAT2AC_STANDARD,196,2.109951319920304,0.9847486946388592,64,523.4617919921875,344.3423767089844,SRC-B07-HTW-SAX-REFERENCE-2026,DER,PUBLISHED_FITTED_CURVE_REFERENCE
BAT2AC_STANDARD,197,2.1198996470711498,0.9847534362196346,64,523.6814575195312,344.33514404296875,SRC-B07-HTW-SAX-REFERENCE-2026,DER,PUBLISHED_FITTED_CURVE_REFERENCE
BAT2AC_STANDARD,198,2.1299557777115434,0.9847581978070798,64,523.9035034179688,344.327880859375,SRC-B07-HTW-SAX-REFERENCE-2026,DER,PUBLISHED_FITTED_CURVE_REFERENCE
BAT2AC_STANDARD,199,2.139904104862389,0.9847629193811853,64,524.1231689453125,344.3206787109375,SRC-B07-HTW-SAX-REFERENCE-2026,DER,PUBLISHED_FITTED_CURVE_REFERENCE
BAT2AC_STANDARD,200,2.149960235502783,0.9847676809686305,64,524.34521484375,344.31341552734375,SRC-B07-HTW-SAX-REFERENCE-2026,DER,PUBLISHED_FITTED_CURVE_REFERENCE
BAT2AC_STANDARD,201,2.1599085626536287,0.984772422549406,64,524.5648803710938,344.3061828613281,SRC-B07-HTW-SAX-REFERENCE-2026,DER,PUBLISHED_FITTED_CURVE_REFERENCE
BAT2AC_STANDARD,202,2.1699646932940224,0.9847755836032562,64,524.7869262695312,344.3013610839844,SRC-B07-HTW-SAX-REFERENCE-2026,DER,PUBLISHED_FITTED_CURVE_REFERENCE
BAT2AC_STANDARD,203,2.179913020444868,0.9847787446571065,64,525.006591796875,344.2965393066406,SRC-B07-HTW-SAX-REFERENCE-2026,DER,PUBLISHED_FITTED_CURVE_REFERENCE
BAT2AC_STANDARD,204,2.1899691510852617,0.9847819057109567,64,525.2286376953125,344.2917175292969,SRC-B07-HTW-SAX-REFERENCE-2026,DER,PUBLISHED_FITTED_CURVE_REFERENCE
BAT2AC_STANDARD,205,2.1999147140440676,0.9847850667648069,64,525.4482421875,344.2868957519531,SRC-B07-HTW-SAX-REFERENCE-2026,DER,PUBLISHED_FITTED_CURVE_REFERENCE
BAT2AC_STANDARD,206,2.209973608876501,0.9847882278186572,64,525.6703491210938,344.2820739746094,SRC-B07-HTW-SAX-REFERENCE-2026,DER,PUBLISHED_FITTED_CURVE_REFERENCE
BAT2AC_STANDARD,207,2.2199191718353073,0.9847898083455823,64,525.8899536132812,344.2796630859375,SRC-B07-HTW-SAX-REFERENCE-2026,DER,PUBLISHED_FITTED_CURVE_REFERENCE
BAT2AC_STANDARD,208,2.229867498986153,0.9847929693994325,64,526.109619140625,344.27484130859375,SRC-B07-HTW-SAX-REFERENCE-2026,DER,PUBLISHED_FITTED_CURVE_REFERENCE
BAT2AC_STANDARD,209,2.2399236296265466,0.9847945699330276,64,526.3316650390625,344.27239990234375,SRC-B07-HTW-SAX-REFERENCE-2026,DER,PUBLISHED_FITTED_CURVE_REFERENCE
BAT2AC_STANDARD,210,2.249871956777392,0.9847945699330276,64,526.5513305664062,344.27239990234375,SRC-B07-HTW-SAX-REFERENCE-2026,DER,PUBLISHED_FITTED_CURVE_REFERENCE
BAT2AC_STANDARD,211,2.259928087417786,0.9847961304532827,64,526.7733764648438,344.27001953125,SRC-B07-HTW-SAX-REFERENCE-2026,DER,PUBLISHED_FITTED_CURVE_REFERENCE
BAT2AC_STANDARD,212,2.2698764145686314,0.9847977309868778,64,526.9930419921875,344.267578125,SRC-B07-HTW-SAX-REFERENCE-2026,DER,PUBLISHED_FITTED_CURVE_REFERENCE
BAT2AC_STANDARD,213,2.2799325452090256,0.9847977309868778,64,527.215087890625,344.267578125,SRC-B07-HTW-SAX-REFERENCE-2026,DER,PUBLISHED_FITTED_CURVE_REFERENCE
BAT2AC_STANDARD,214,2.289880872359871,0.9847977309868778,64,527.4347534179688,344.267578125,SRC-B07-HTW-SAX-REFERENCE-2026,DER,PUBLISHED_FITTED_CURVE_REFERENCE
BAT2AC_STANDARD,215,2.299937003000265,0.9847977309868778,64,527.6567993164062,344.267578125,SRC-B07-HTW-SAX-REFERENCE-2026,DER,PUBLISHED_FITTED_CURVE_REFERENCE
BAT2AC_STANDARD,216,2.3098853301511104,0.9847977309868778,64,527.87646484375,344.267578125,SRC-B07-HTW-SAX-REFERENCE-2026,DER,PUBLISHED_FITTED_CURVE_REFERENCE
BAT2AC_STANDARD,217,2.319941460791504,0.9847977309868778,64,528.0985107421875,344.267578125,SRC-B07-HTW-SAX-REFERENCE-2026,DER,PUBLISHED_FITTED_CURVE_REFERENCE
BAT2AC_STANDARD,218,2.3298897879423497,0.9847961304532827,64,528.3181762695312,344.27001953125,SRC-B07-HTW-SAX-REFERENCE-2026,DER,PUBLISHED_FITTED_CURVE_REFERENCE
BAT2AC_STANDARD,219,2.3399459185827434,0.9847945699330276,64,528.5402221679688,344.27239990234375,SRC-B07-HTW-SAX-REFERENCE-2026,DER,PUBLISHED_FITTED_CURVE_REFERENCE
BAT2AC_STANDARD,220,2.3498914815415497,0.9847929693994325,64,528.7598266601562,344.27484130859375,SRC-B07-HTW-SAX-REFERENCE-2026,DER,PUBLISHED_FITTED_CURVE_REFERENCE
BAT2AC_STANDARD,221,2.3599503763739826,0.9847913888725074,64,528.98193359375,344.2772521972656,SRC-B07-HTW-SAX-REFERENCE-2026,DER,PUBLISHED_FITTED_CURVE_REFERENCE
BAT2AC_STANDARD,222,2.369895939332789,0.9847898083455823,64,529.2015380859375,344.2796630859375,SRC-B07-HTW-SAX-REFERENCE-2026,DER,PUBLISHED_FITTED_CURVE_REFERENCE
BAT2AC_STANDARD,223,2.3799548341652224,0.9847882278186572,64,529.4236450195312,344.2820739746094,SRC-B07-HTW-SAX-REFERENCE-2026,DER,PUBLISHED_FITTED_CURVE_REFERENCE
BAT2AC_STANDARD,224,2.3899003971240282,0.9847850667648069,64,529.6432495117188,344.2868957519531,SRC-B07-HTW-SAX-REFERENCE-2026,DER,PUBLISHED_FITTED_CURVE_REFERENCE
BAT2AC_STANDARD,225,2.3999592919564616,0.9847834862378818,64,529.8653564453125,344.289306640625,SRC-B07-HTW-SAX-REFERENCE-2026,DER,PUBLISHED_FITTED_CURVE_REFERENCE
BAT2AC_STANDARD,226,2.409904854915268,0.9847803251840316,64,530.0849609375,344.29412841796875,SRC-B07-HTW-SAX-REFERENCE-2026,DER,PUBLISHED_FITTED_CURVE_REFERENCE
BAT2AC_STANDARD,227,2.419960985555661,0.9847771641301813,64,530.3070068359375,344.2989501953125,SRC-B07-HTW-SAX-REFERENCE-2026,DER,PUBLISHED_FITTED_CURVE_REFERENCE
BAT2AC_STANDARD,228,2.4299093127065072,0.9847740030763311,64,530.5266723632812,344.30377197265625,SRC-B07-HTW-SAX-REFERENCE-2026,DER,PUBLISHED_FITTED_CURVE_REFERENCE
BAT2AC_STANDARD,229,2.439965443346901,0.9847708420224808,64,530.7487182617188,344.30859375,SRC-B07-HTW-SAX-REFERENCE-2026,DER,PUBLISHED_FITTED_CURVE_REFERENCE
BAT2AC_STANDARD,230,2.4499137704977465,0.9847660804350356,64,530.9683837890625,344.31585693359375,SRC-B07-HTW-SAX-REFERENCE-2026,DER,PUBLISHED_FITTED_CURVE_REFERENCE
BAT2AC_STANDARD,231,2.459862097648592,0.9847629193811853,64,531.1880493164062,344.3206787109375,SRC-B07-HTW-SAX-REFERENCE-2026,DER,PUBLISHED_FITTED_CURVE_REFERENCE
BAT2AC_STANDARD,232,2.4699182282889858,0.9847581978070798,64,531.4100952148438,344.327880859375,SRC-B07-HTW-SAX-REFERENCE-2026,DER,PUBLISHED_FITTED_CURVE_REFERENCE
BAT2AC_STANDARD,233,2.479866555439832,0.9847550367532296,64,531.6297607421875,344.33270263671875,SRC-B07-HTW-SAX-REFERENCE-2026,DER,PUBLISHED_FITTED_CURVE_REFERENCE
BAT2AC_STANDARD,234,2.489922686080225,0.9847502751657843,64,531.851806640625,344.3399658203125,SRC-B07-HTW-SAX-REFERENCE-2026,DER,PUBLISHED_FITTED_CURVE_REFERENCE
BAT2AC_STANDARD,235,2.4998682490390314,0.9847455335850089,64,532.0714111328125,344.3471984863281,SRC-B07-HTW-SAX-REFERENCE-2026,DER,PUBLISHED_FITTED_CURVE_REFERENCE
BAT2AC_STANDARD,236,2.5099271438714648,0.9847392114773085,64,532.2935180664062,344.3568420410156,SRC-B07-HTW-SAX-REFERENCE-2026,DER,PUBLISHED_FITTED_CURVE_REFERENCE
BAT2AC_STANDARD,237,2.5198727068302706,0.9847344698965331,64,532.5131225585938,344.36407470703125,SRC-B07-HTW-SAX-REFERENCE-2026,DER,PUBLISHED_FITTED_CURVE_REFERENCE
BAT2AC_STANDARD,238,2.529931601662704,0.9847297283157578,64,532.7352294921875,344.3713073730469,SRC-B07-HTW-SAX-REFERENCE-2026,DER,PUBLISHED_FITTED_CURVE_REFERENCE
BAT2AC_STANDARD,239,2.5398771646215104,0.9847233862013873,64,532.954833984375,344.3809814453125,SRC-B07-HTW-SAX-REFERENCE-2026,DER,PUBLISHED_FITTED_CURVE_REFERENCE
BAT2AC_STANDARD,240,2.5499360594539433,0.9847170640936869,64,533.1769409179688,344.390625,SRC-B07-HTW-SAX-REFERENCE-2026,DER,PUBLISHED_FITTED_CURVE_REFERENCE
BAT2AC_STANDARD,241,2.5598816224127496,0.9847123425195815,64,533.3965454101562,344.3978271484375,SRC-B07-HTW-SAX-REFERENCE-2026,DER,PUBLISHED_FITTED_CURVE_REFERENCE
BAT2AC_STANDARD,242,2.569940517245183,0.9847060204118809,64,533.61865234375,344.407470703125,SRC-B07-HTW-SAX-REFERENCE-2026,DER,PUBLISHED_FITTED_CURVE_REFERENCE
BAT2AC_STANDARD,243,2.579886080203989,0.9846996782975106,64,533.8382568359375,344.4171447753906,SRC-B07-HTW-SAX-REFERENCE-2026,DER,PUBLISHED_FITTED_CURVE_REFERENCE
BAT2AC_STANDARD,244,2.5899422108443826,0.984691775662885,64,534.060302734375,344.42919921875,SRC-B07-HTW-SAX-REFERENCE-2026,DER,PUBLISHED_FITTED_CURVE_REFERENCE
BAT2AC_STANDARD,245,2.599890537995228,0.9846854535551844,64,534.2799682617188,344.4388427734375,SRC-B07-HTW-SAX-REFERENCE-2026,DER,PUBLISHED_FITTED_CURVE_REFERENCE
BAT2AC_STANDARD,246,2.609946668635622,0.984679131447484,64,534.5020141601562,344.448486328125,SRC-B07-HTW-SAX-REFERENCE-2026,DER,PUBLISHED_FITTED_CURVE_REFERENCE
BAT2AC_STANDARD,247,2.6198949957864675,0.9846712088061885,64,534.7216796875,344.4605712890625,SRC-B07-HTW-SAX-REFERENCE-2026,DER,PUBLISHED_FITTED_CURVE_REFERENCE
BAT2AC_STANDARD,248,2.6299511264268616,0.9846633061715628,64,534.9437255859375,344.4726257324219,SRC-B07-HTW-SAX-REFERENCE-2026,DER,PUBLISHED_FITTED_CURVE_REFERENCE
BAT2AC_STANDARD,249,2.639899453577707,0.9846569840638624,64,535.1633911132812,344.4822692871094,SRC-B07-HTW-SAX-REFERENCE-2026,DER,PUBLISHED_FITTED_CURVE_REFERENCE
BAT2AC_STANDARD,250,2.649955584218101,0.9846490814292368,64,535.3854370117188,344.49432373046875,SRC-B07-HTW-SAX-REFERENCE-2026,DER,PUBLISHED_FITTED_CURVE_REFERENCE
BAT2AC_STANDARD,251,2.6599039113689464,0.9846411587879412,64,535.6051025390625,344.50640869140625,SRC-B07-HTW-SAX-REFERENCE-2026,DER,PUBLISHED_FITTED_CURVE_REFERENCE
BAT2AC_STANDARD,252,2.6698494743277528,0.9846332761599856,64,535.82470703125,344.5184326171875,SRC-B07-HTW-SAX-REFERENCE-2026,DER,PUBLISHED_FITTED_CURVE_REFERENCE
BAT2AC_STANDARD,253,2.6799083691601857,0.9846253535186901,64,536.0468139648438,344.530517578125,SRC-B07-HTW-SAX-REFERENCE-2026,DER,PUBLISHED_FITTED_CURVE_REFERENCE
BAT2AC_STANDARD,254,2.689853932118992,0.9846158703571394,64,536.2664184570312,344.54498291015625,SRC-B07-HTW-SAX-REFERENCE-2026,DER,PUBLISHED_FITTED_CURVE_REFERENCE
BAT2AC_STANDARD,255,2.6999128269514254,0.9846079677225138,64,536.488525390625,344.5570373535156,SRC-B07-HTW-SAX-REFERENCE-2026,DER,PUBLISHED_FITTED_CURVE_REFERENCE
BAT2AC_STANDARD,256,2.7098583899102313,0.9845984645542931,64,536.7081298828125,344.571533203125,SRC-B07-HTW-SAX-REFERENCE-2026,DER,PUBLISHED_FITTED_CURVE_REFERENCE
BAT2AC_STANDARD,257,2.719914520550625,0.9845905819263374,64,536.93017578125,344.58355712890625,SRC-B07-HTW-SAX-REFERENCE-2026,DER,PUBLISHED_FITTED_CURVE_REFERENCE
BAT2AC_STANDARD,258,2.7298628477014706,0.9845810787581168,64,537.1498413085938,344.5980529785156,SRC-B07-HTW-SAX-REFERENCE-2026,DER,PUBLISHED_FITTED_CURVE_REFERENCE
BAT2AC_STANDARD,259,2.7399189783418643,0.984571595596566,64,537.3718872070312,344.6125183105469,SRC-B07-HTW-SAX-REFERENCE-2026,DER,PUBLISHED_FITTED_CURVE_REFERENCE
BAT2AC_STANDARD,260,2.74986730549271,0.9845620924283455,64,537.591552734375,344.62701416015625,SRC-B07-HTW-SAX-REFERENCE-2026,DER,PUBLISHED_FITTED_CURVE_REFERENCE
BAT2AC_STANDARD,261,2.759923436133104,0.9845526092667947,64,537.8135986328125,344.6414794921875,SRC-B07-HTW-SAX-REFERENCE-2026,DER,PUBLISHED_FITTED_CURVE_REFERENCE
BAT2AC_STANDARD,262,2.7698717632839496,0.984543126105244,64,538.0332641601562,344.65594482421875,SRC-B07-HTW-SAX-REFERENCE-2026,DER,PUBLISHED_FITTED_CURVE_REFERENCE
BAT2AC_STANDARD,263,2.7799278939243433,0.9845336429436933,64,538.2553100585938,344.67041015625,SRC-B07-HTW-SAX-REFERENCE-2026,DER,PUBLISHED_FITTED_CURVE_REFERENCE
BAT2AC_STANDARD,264,2.789876221075189,0.9845225792552175,64,538.4749755859375,344.6872863769531,SRC-B07-HTW-SAX-REFERENCE-2026,DER,PUBLISHED_FITTED_CURVE_REFERENCE
BAT2AC_STANDARD,265,2.7999323517155825,0.9845130760869968,64,538.697021484375,344.7017822265625,SRC-B07-HTW-SAX-REFERENCE-2026,DER,PUBLISHED_FITTED_CURVE_REFERENCE
BAT2AC_STANDARD,266,2.809880678866428,0.9845020324051909,64,538.9166870117188,344.7186279296875,SRC-B07-HTW-SAX-REFERENCE-2026,DER,PUBLISHED_FITTED_CURVE_REFERENCE
BAT2AC_STANDARD,267,2.8199368095068222,0.9844925292369702,64,539.1387329101562,344.7331237792969,SRC-B07-HTW-SAX-REFERENCE-2026,DER,PUBLISHED_FITTED_CURVE_REFERENCE
BAT2AC_STANDARD,268,2.829885136657668,0.9844814655484944,64,539.3583984375,344.75,SRC-B07-HTW-SAX-REFERENCE-2026,DER,PUBLISHED_FITTED_CURVE_REFERENCE
BAT2AC_STANDARD,269,2.839941267298061,0.9844703818533486,64,539.5804443359375,344.76690673828125,SRC-B07-HTW-SAX-REFERENCE-2026,DER,PUBLISHED_FITTED_CURVE_REFERENCE
BAT2AC_STANDARD,270,2.849889594448907,0.9844593381715427,64,539.8001098632812,344.78375244140625,SRC-B07-HTW-SAX-REFERENCE-2026,DER,PUBLISHED_FITTED_CURVE_REFERENCE
BAT2AC_STANDARD,271,2.859945725089301,0.984448254476397,64,540.0221557617188,344.8006591796875,SRC-B07-HTW-SAX-REFERENCE-2026,DER,PUBLISHED_FITTED_CURVE_REFERENCE
BAT2AC_STANDARD,272,2.8698940522401464,0.9844371907879211,64,540.2418212890625,344.8175354003906,SRC-B07-HTW-SAX-REFERENCE-2026,DER,PUBLISHED_FITTED_CURVE_REFERENCE
BAT2AC_STANDARD,273,2.8798396151989523,0.9844261270994452,64,540.46142578125,344.83441162109375,SRC-B07-HTW-SAX-REFERENCE-2026,DER,PUBLISHED_FITTED_CURVE_REFERENCE
BAT2AC_STANDARD,274,2.8898957458393464,0.9844150434042995,64,540.6834716796875,344.851318359375,SRC-B07-HTW-SAX-REFERENCE-2026,DER,PUBLISHED_FITTED_CURVE_REFERENCE
BAT2AC_STANDARD,275,2.899844072990192,0.9844039797158236,64,540.9031372070312,344.8681945800781,SRC-B07-HTW-SAX-REFERENCE-2026,DER,PUBLISHED_FITTED_CURVE_REFERENCE
BAT2AC_STANDARD,276,2.9099002036305857,0.9843913355004227,64,541.1251831054688,344.8874816894531,SRC-B07-HTW-SAX-REFERENCE-2026,DER,PUBLISHED_FITTED_CURVE_REFERENCE
BAT2AC_STANDARD,277,2.9198485307814313,0.9843802718119469,64,541.3448486328125,344.90435791015625,SRC-B07-HTW-SAX-REFERENCE-2026,DER,PUBLISHED_FITTED_CURVE_REFERENCE
BAT2AC_STANDARD,278,2.929904661421825,0.984367627596546,64,541.56689453125,344.92364501953125,SRC-B07-HTW-SAX-REFERENCE-2026,DER,PUBLISHED_FITTED_CURVE_REFERENCE
BAT2AC_STANDARD,279,2.9398529885726705,0.984354963374475,64,541.7865600585938,344.9429626464844,SRC-B07-HTW-SAX-REFERENCE-2026,DER,PUBLISHED_FITTED_CURVE_REFERENCE
BAT2AC_STANDARD,280,2.949909119213064,0.9843438996859991,64,542.0086059570312,344.9598388671875,SRC-B07-HTW-SAX-REFERENCE-2026,DER,PUBLISHED_FITTED_CURVE_REFERENCE
BAT2AC_STANDARD,281,2.9598574463639102,0.9843312554705982,64,542.228271484375,344.9791259765625,SRC-B07-HTW-SAX-REFERENCE-2026,DER,PUBLISHED_FITTED_CURVE_REFERENCE
BAT2AC_STANDARD,282,2.9699135770043035,0.9843185912485273,64,542.4503173828125,344.9984436035156,SRC-B07-HTW-SAX-REFERENCE-2026,DER,PUBLISHED_FITTED_CURVE_REFERENCE
BAT2AC_STANDARD,283,2.9798619041551495,0.9843059470331263,64,542.6699829101562,345.0177307128906,SRC-B07-HTW-SAX-REFERENCE-2026,DER,PUBLISHED_FITTED_CURVE_REFERENCE
BAT2AC_STANDARD,284,2.989918034795543,0.9842932828110554,64,542.8920288085938,345.03704833984375,SRC-B07-HTW-SAX-REFERENCE-2026,DER,PUBLISHED_FITTED_CURVE_REFERENCE
BAT2AC_STANDARD,285,2.999866361946389,0.9842806385956545,64,543.1116943359375,345.05633544921875,SRC-B07-HTW-SAX-REFERENCE-2026,DER,PUBLISHED_FITTED_CURVE_REFERENCE
BAT2AC_STANDARD,286,3.0099224925867825,0.9842679943802536,64,543.333740234375,345.07562255859375,SRC-B07-HTW-SAX-REFERENCE-2026,DER,PUBLISHED_FITTED_CURVE_REFERENCE
BAT2AC_STANDARD,287,3.0198708197376285,0.9842537496312576,64,543.5534057617188,345.09735107421875,SRC-B07-HTW-SAX-REFERENCE-2026,DER,PUBLISHED_FITTED_CURVE_REFERENCE
BAT2AC_STANDARD,288,3.0299269503780217,0.9842411054158566,64,543.7754516601562,345.11663818359375,SRC-B07-HTW-SAX-REFERENCE-2026,DER,PUBLISHED_FITTED_CURVE_REFERENCE
BAT2AC_STANDARD,289,3.0398752775288673,0.9842284612004556,64,543.9951171875,345.13592529296875,SRC-B07-HTW-SAX-REFERENCE-2026,DER,PUBLISHED_FITTED_CURVE_REFERENCE
BAT2AC_STANDARD,290,3.0499314081692614,0.9842142164514596,64,544.2171630859375,345.15765380859375,SRC-B07-HTW-SAX-REFERENCE-2026,DER,PUBLISHED_FITTED_CURVE_REFERENCE
BAT2AC_STANDARD,291,3.0598769711280673,0.9841999917091335,64,544.436767578125,345.1793518066406,SRC-B07-HTW-SAX-REFERENCE-2026,DER,PUBLISHED_FITTED_CURVE_REFERENCE
BAT2AC_STANDARD,292,3.0699358659605007,0.9841873474937326,64,544.6588745117188,345.1986389160156,SRC-B07-HTW-SAX-REFERENCE-2026,DER,PUBLISHED_FITTED_CURVE_REFERENCE
BAT2AC_STANDARD,293,3.0798814289193066,0.9841731227514064,64,544.8784790039062,345.2203369140625,SRC-B07-HTW-SAX-REFERENCE-2026,DER,PUBLISHED_FITTED_CURVE_REFERENCE
BAT2AC_STANDARD,294,3.08994032375174,0.9841588780024105,64,545.1005859375,345.2420654296875,SRC-B07-HTW-SAX-REFERENCE-2026,DER,PUBLISHED_FITTED_CURVE_REFERENCE
BAT2AC_STANDARD,295,3.099885886710546,0.9841446532600844,64,545.3201904296875,345.2637634277344,SRC-B07-HTW-SAX-REFERENCE-2026,DER,PUBLISHED_FITTED_CURVE_REFERENCE
BAT2AC_STANDARD,296,3.109834213861392,0.9841304285177583,64,545.5398559570312,345.28546142578125,SRC-B07-HTW-SAX-REFERENCE-2026,DER,PUBLISHED_FITTED_CURVE_REFERENCE
BAT2AC_STANDARD,297,3.1198903445017856,0.9841161837687623,64,545.7619018554688,345.30718994140625,SRC-B07-HTW-SAX-REFERENCE-2026,DER,PUBLISHED_FITTED_CURVE_REFERENCE
BAT2AC_STANDARD,298,3.129838671652631,0.9841019590264363,64,545.9815673828125,345.3288879394531,SRC-B07-HTW-SAX-REFERENCE-2026,DER,PUBLISHED_FITTED_CURVE_REFERENCE
BAT2AC_STANDARD,299,3.139894802293025,0.9840877342841101,64,546.20361328125,345.3505859375,SRC-B07-HTW-SAX-REFERENCE-2026,DER,PUBLISHED_FITTED_CURVE_REFERENCE
BAT2AC_STANDARD,300,3.149843129443871,0.9840734895351142,64,546.4232788085938,345.372314453125,SRC-B07-HTW-SAX-REFERENCE-2026,DER,PUBLISHED_FITTED_CURVE_REFERENCE
BAT2AC_STANDARD,301,3.159899260084264,0.984059264792788,64,546.6453247070312,345.3940124511719,SRC-B07-HTW-SAX-REFERENCE-2026,DER,PUBLISHED_FITTED_CURVE_REFERENCE
BAT2AC_STANDARD,302,3.1698475872351097,0.9840434395168669,64,546.864990234375,345.41815185546875,SRC-B07-HTW-SAX-REFERENCE-2026,DER,PUBLISHED_FITTED_CURVE_REFERENCE
BAT2AC_STANDARD,303,3.179903717875504,0.9840292347812108,64,547.0870361328125,345.4398193359375,SRC-B07-HTW-SAX-REFERENCE-2026,DER,PUBLISHED_FITTED_CURVE_REFERENCE
BAT2AC_STANDARD,304,3.1898520450263494,0.9840134095052897,64,547.3067016601562,345.4639587402344,SRC-B07-HTW-SAX-REFERENCE-2026,DER,PUBLISHED_FITTED_CURVE_REFERENCE
BAT2AC_STANDARD,305,3.199908175666743,0.9839991847629636,64,547.5287475585938,345.48565673828125,SRC-B07-HTW-SAX-REFERENCE-2026,DER,PUBLISHED_FITTED_CURVE_REFERENCE
BAT2AC_STANDARD,306,3.2098565028175887,0.9839833794937124,64,547.7484130859375,345.509765625,SRC-B07-HTW-SAX-REFERENCE-2026,DER,PUBLISHED_FITTED_CURVE_REFERENCE
BAT2AC_STANDARD,307,3.2199126334579824,0.9839691347447164,64,547.970458984375,345.531494140625,SRC-B07-HTW-SAX-REFERENCE-2026,DER,PUBLISHED_FITTED_CURVE_REFERENCE
BAT2AC_STANDARD,308,3.2298581964167883,0.9839533294754652,64,548.1900634765625,345.55560302734375,SRC-B07-HTW-SAX-REFERENCE-2026,DER,PUBLISHED_FITTED_CURVE_REFERENCE
BAT2AC_STANDARD,309,3.239917091249222,0.9839375242062139,64,548.4121704101562,345.5797119140625,SRC-B07-HTW-SAX-REFERENCE-2026,DER,PUBLISHED_FITTED_CURVE_REFERENCE
BAT2AC_STANDARD,310,3.249862654208028,0.9839216989302929,64,548.6317749023438,345.6038513183594,SRC-B07-HTW-SAX-REFERENCE-2026,DER,PUBLISHED_FITTED_CURVE_REFERENCE
BAT2AC_STANDARD,311,3.2599215490404614,0.9839074741879668,64,548.8538818359375,345.62554931640625,SRC-B07-HTW-SAX-REFERENCE-2026,DER,PUBLISHED_FITTED_CURVE_REFERENCE
BAT2AC_STANDARD,312,3.2698671119992673,0.9838916489120456,64,549.073486328125,345.6496887207031,SRC-B07-HTW-SAX-REFERENCE-2026,DER,PUBLISHED_FITTED_CURVE_REFERENCE
BAT2AC_STANDARD,313,3.2799232426396605,0.9838758436427945,64,549.2955322265625,345.6737976074219,SRC-B07-HTW-SAX-REFERENCE-2026,DER,PUBLISHED_FITTED_CURVE_REFERENCE
BAT2AC_STANDARD,314,3.2898715697905065,0.9838584578466182,64,549.5151977539062,345.7003173828125,SRC-B07-HTW-SAX-REFERENCE-2026,DER,PUBLISHED_FITTED_CURVE_REFERENCE
BAT2AC_STANDARD,315,3.2999277004309007,0.983842632570697,64,549.7372436523438,345.7244567871094,SRC-B07-HTW-SAX-REFERENCE-2026,DER,PUBLISHED_FITTED_CURVE_REFERENCE
BAT2AC_STANDARD,316,3.309876027581746,0.9838268072947759,64,549.9569091796875,345.74859619140625,SRC-B07-HTW-SAX-REFERENCE-2026,DER,PUBLISHED_FITTED_CURVE_REFERENCE
BAT2AC_STANDARD,317,3.319824354732592,0.9838110020255246,64,550.1765747070312,345.772705078125,SRC-B07-HTW-SAX-REFERENCE-2026,DER,PUBLISHED_FITTED_CURVE_REFERENCE
BAT2AC_STANDARD,318,3.3298804853729855,0.9837951967562735,64,550.3986206054688,345.79681396484375,SRC-B07-HTW-SAX-REFERENCE-2026,DER,PUBLISHED_FITTED_CURVE_REFERENCE
BAT2AC_STANDARD,319,3.339828812523831,0.9837777909534272,64,550.6182861328125,345.8233642578125,SRC-B07-HTW-SAX-REFERENCE-2026,DER,PUBLISHED_FITTED_CURVE_REFERENCE
BAT2AC_STANDARD,320,3.349884943164225,0.983761985684176,64,550.84033203125,345.84747314453125,SRC-B07-HTW-SAX-REFERENCE-2026,DER,PUBLISHED_FITTED_CURVE_REFERENCE
BAT2AC_STANDARD,321,3.3598305061230307,0.9837445798813298,64,551.0599365234375,345.8740234375,SRC-B07-HTW-SAX-REFERENCE-2026,DER,PUBLISHED_FITTED_CURVE_REFERENCE
BAT2AC_STANDARD,322,3.369889400955464,0.9837287746120786,64,551.2820434570312,345.89813232421875,SRC-B07-HTW-SAX-REFERENCE-2026,DER,PUBLISHED_FITTED_CURVE_REFERENCE
BAT2AC_STANDARD,323,3.37983496391427,0.9837113888159023,64,551.5016479492188,345.9246520996094,SRC-B07-HTW-SAX-REFERENCE-2026,DER,PUBLISHED_FITTED_CURVE_REFERENCE
BAT2AC_STANDARD,324,3.389893858746704,0.9836955635399811,64,551.7237548828125,345.94879150390625,SRC-B07-HTW-SAX-REFERENCE-2026,DER,PUBLISHED_FITTED_CURVE_REFERENCE
BAT2AC_STANDARD,325,3.3998394217055097,0.9836781777438048,64,551.943359375,345.9753112792969,SRC-B07-HTW-SAX-REFERENCE-2026,DER,PUBLISHED_FITTED_CURVE_REFERENCE
BAT2AC_STANDARD,326,3.409895552345903,0.9836607919476285,64,552.1654052734375,346.0018310546875,SRC-B07-HTW-SAX-REFERENCE-2026,DER,PUBLISHED_FITTED_CURVE_REFERENCE
BAT2AC_STANDARD,327,3.419843879496749,0.9836433861447823,64,552.3850708007812,346.02838134765625,SRC-B07-HTW-SAX-REFERENCE-2026,DER,PUBLISHED_FITTED_CURVE_REFERENCE
BAT2AC_STANDARD,328,3.4299027743291823,0.983627580875531,64,552.607177734375,346.052490234375,SRC-B07-HTW-SAX-REFERENCE-2026,DER,PUBLISHED_FITTED_CURVE_REFERENCE
BAT2AC_STANDARD,329,3.4398483372879882,0.9836101750726848,64,552.8267822265625,346.07904052734375,SRC-B07-HTW-SAX-REFERENCE-2026,DER,PUBLISHED_FITTED_CURVE_REFERENCE
BAT2AC_STANDARD,330,3.449904467928382,0.9835927892765085,64,553.048828125,346.1055603027344,SRC-B07-HTW-SAX-REFERENCE-2026,DER,PUBLISHED_FITTED_CURVE_REFERENCE
BAT2AC_STANDARD,331,3.459852795079228,0.9835754034803321,64,553.2684936523438,346.132080078125,SRC-B07-HTW-SAX-REFERENCE-2026,DER,PUBLISHED_FITTED_CURVE_REFERENCE
BAT2AC_STANDARD,332,3.469908925719621,0.983557997677486,64,553.4905395507812,346.15863037109375,SRC-B07-HTW-SAX-REFERENCE-2026,DER,PUBLISHED_FITTED_CURVE_REFERENCE
BAT2AC_STANDARD,333,3.479857252870467,0.9835406118813096,64,553.710205078125,346.1851501464844,SRC-B07-HTW-SAX-REFERENCE-2026,DER,PUBLISHED_FITTED_CURVE_REFERENCE
BAT2AC_STANDARD,334,3.489913383510861,0.9835216255515382,64,553.9322509765625,346.214111328125,SRC-B07-HTW-SAX-REFERENCE-2026,DER,PUBLISHED_FITTED_CURVE_REFERENCE
BAT2AC_STANDARD,335,3.4998617106617065,0.9835042397553619,64,554.1519165039062,346.2406311035156,SRC-B07-HTW-SAX-REFERENCE-2026,DER,PUBLISHED_FITTED_CURVE_REFERENCE
BAT2AC_STANDARD,336,3.5099178413021,0.9834868539591856,64,554.3739624023438,346.26715087890625,SRC-B07-HTW-SAX-REFERENCE-2026,DER,PUBLISHED_FITTED_CURVE_REFERENCE
BAT2AC_STANDARD,337,3.519866168452946,0.9834694481563393,64,554.5936279296875,346.293701171875,SRC-B07-HTW-SAX-REFERENCE-2026,DER,PUBLISHED_FITTED_CURVE_REFERENCE
BAT2AC_STANDARD,338,3.529811731411752,0.9834504818332379,64,554.813232421875,346.3226318359375,SRC-B07-HTW-SAX-REFERENCE-2026,DER,PUBLISHED_FITTED_CURVE_REFERENCE
BAT2AC_STANDARD,339,3.5398706262441855,0.9834330760303917,64,555.0353393554688,346.34918212890625,SRC-B07-HTW-SAX-REFERENCE-2026,DER,PUBLISHED_FITTED_CURVE_REFERENCE
BAT2AC_STANDARD,340,3.5498161892029914,0.9834156902342154,64,555.2549438476562,346.3757019042969,SRC-B07-HTW-SAX-REFERENCE-2026,DER,PUBLISHED_FITTED_CURVE_REFERENCE
BAT2AC_STANDARD,341,3.5598750840354247,0.983396703904444,64,555.47705078125,346.4046630859375,SRC-B07-HTW-SAX-REFERENCE-2026,DER,PUBLISHED_FITTED_CURVE_REFERENCE
BAT2AC_STANDARD,342,3.5698206469942306,0.9833793381149376,64,555.6966552734375,346.43115234375,SRC-B07-HTW-SAX-REFERENCE-2026,DER,PUBLISHED_FITTED_CURVE_REFERENCE
BAT2AC_STANDARD,343,3.5798767776346243,0.9833603317784962,64,555.918701171875,346.46014404296875,SRC-B07-HTW-SAX-REFERENCE-2026,DER,PUBLISHED_FITTED_CURVE_REFERENCE
BAT2AC_STANDARD,344,3.5898251047854703,0.98334294598232,64,556.1383666992188,346.4866638183594,SRC-B07-HTW-SAX-REFERENCE-2026,DER,PUBLISHED_FITTED_CURVE_REFERENCE
BAT2AC_STANDARD,345,3.5998812354258636,0.9833239796592186,64,556.3604125976562,346.5155944824219,SRC-B07-HTW-SAX-REFERENCE-2026,DER,PUBLISHED_FITTED_CURVE_REFERENCE
BAT2AC_STANDARD,346,3.6098295625767096,0.9833049933294472,64,556.580078125,346.5445556640625,SRC-B07-HTW-SAX-REFERENCE-2026,DER,PUBLISHED_FITTED_CURVE_REFERENCE
BAT2AC_STANDARD,347,3.6198856932171033,0.9832860270063457,64,556.8021240234375,346.573486328125,SRC-B07-HTW-SAX-REFERENCE-2026,DER,PUBLISHED_FITTED_CURVE_REFERENCE
BAT2AC_STANDARD,348,3.629834020367949,0.9832686212034994,64,557.0217895507812,346.60003662109375,SRC-B07-HTW-SAX-REFERENCE-2026,DER,PUBLISHED_FITTED_CURVE_REFERENCE
BAT2AC_STANDARD,349,3.6398901510083426,0.9832496548803981,64,557.2438354492188,346.62896728515625,SRC-B07-HTW-SAX-REFERENCE-2026,DER,PUBLISHED_FITTED_CURVE_REFERENCE
BAT2AC_STANDARD,350,3.6498384781591886,0.9832306885572966,64,557.4635009765625,346.65789794921875,SRC-B07-HTW-SAX-REFERENCE-2026,DER,PUBLISHED_FITTED_CURVE_REFERENCE
BAT2AC_STANDARD,351,3.659894608799582,0.9832117022275252,64,557.685546875,346.6868591308594,SRC-B07-HTW-SAX-REFERENCE-2026,DER,PUBLISHED_FITTED_CURVE_REFERENCE
BAT2AC_STANDARD,352,3.669842935950428,0.9831927359044238,64,557.9052124023438,346.7157897949219,SRC-B07-HTW-SAX-REFERENCE-2026,DER,PUBLISHED_FITTED_CURVE_REFERENCE
BAT2AC_STANDARD,353,3.6798990665908216,0.9831737495746524,64,558.1272583007812,346.7447509765625,SRC-B07-HTW-SAX-REFERENCE-2026,DER,PUBLISHED_FITTED_CURVE_REFERENCE
BAT2AC_STANDARD,354,3.689847393741667,0.983154783251551,64,558.346923828125,346.773681640625,SRC-B07-HTW-SAX-REFERENCE-2026,DER,PUBLISHED_FITTED_CURVE_REFERENCE
BAT2AC_STANDARD,355,3.699903524382061,0.9831358169284495,64,558.5689697265625,346.8026123046875,SRC-B07-HTW-SAX-REFERENCE-2026,DER,PUBLISHED_FITTED_CURVE_REFERENCE
BAT2AC_STANDARD,356,3.709851851532907,0.9831168305986782,64,558.7886352539062,346.8315734863281,SRC-B07-HTW-SAX-REFERENCE-2026,DER,PUBLISHED_FITTED_CURVE_REFERENCE
BAT2AC_STANDARD,357,3.7199079821733,0.9830978442689068,64,559.0106811523438,346.86053466796875,SRC-B07-HTW-SAX-REFERENCE-2026,DER,PUBLISHED_FITTED_CURVE_REFERENCE
BAT2AC_STANDARD,358,3.729856309324146,0.9830788779458054,64,559.2303466796875,346.88946533203125,SRC-B07-HTW-SAX-REFERENCE-2026,DER,PUBLISHED_FITTED_CURVE_REFERENCE
BAT2AC_STANDARD,359,3.73991243996454,0.9830583110891089,64,559.452392578125,346.92083740234375,SRC-B07-HTW-SAX-REFERENCE-2026,DER,PUBLISHED_FITTED_CURVE_REFERENCE
BAT2AC_STANDARD,360,3.7498580029233457,0.9830393447660074,64,559.6719970703125,346.94976806640625,SRC-B07-HTW-SAX-REFERENCE-2026,DER,PUBLISHED_FITTED_CURVE_REFERENCE
BAT2AC_STANDARD,361,3.7598063300741913,0.983020378442906,64,559.8916625976562,346.97869873046875,SRC-B07-HTW-SAX-REFERENCE-2026,DER,PUBLISHED_FITTED_CURVE_REFERENCE
BAT2AC_STANDARD,362,3.769862460714585,0.9829998115862095,64,560.1137084960938,347.01007080078125,SRC-B07-HTW-SAX-REFERENCE-2026,DER,PUBLISHED_FITTED_CURVE_REFERENCE
BAT2AC_STANDARD,363,3.779810787865431,0.9829808452631081,64,560.3333740234375,347.03900146484375,SRC-B07-HTW-SAX-REFERENCE-2026,DER,PUBLISHED_FITTED_CURVE_REFERENCE
BAT2AC_STANDARD,364,3.7898669185058242,0.9829618789400066,64,560.555419921875,347.06793212890625,SRC-B07-HTW-SAX-REFERENCE-2026,DER,PUBLISHED_FITTED_CURVE_REFERENCE
BAT2AC_STANDARD,365,3.7998152456566703,0.9829413120833101,64,560.7750854492188,347.09930419921875,SRC-B07-HTW-SAX-REFERENCE-2026,DER,PUBLISHED_FITTED_CURVE_REFERENCE
BAT2AC_STANDARD,366,3.809871376297064,0.9829223457602088,64,560.9971313476562,347.12823486328125,SRC-B07-HTW-SAX-REFERENCE-2026,DER,PUBLISHED_FITTED_CURVE_REFERENCE
BAT2AC_STANDARD,367,3.8198197034479096,0.9829017789035123,64,561.216796875,347.15960693359375,SRC-B07-HTW-SAX-REFERENCE-2026,DER,PUBLISHED_FITTED_CURVE_REFERENCE
BAT2AC_STANDARD,368,3.8298758340883032,0.9828828125804108,64,561.4388427734375,347.18853759765625,SRC-B07-HTW-SAX-REFERENCE-2026,DER,PUBLISHED_FITTED_CURVE_REFERENCE
BAT2AC_STANDARD,369,3.8398241612391493,0.9828622457237143,64,561.6585083007812,347.21990966796875,SRC-B07-HTW-SAX-REFERENCE-2026,DER,PUBLISHED_FITTED_CURVE_REFERENCE
BAT2AC_STANDARD,370,3.8498802918795425,0.9828416788670178,64,561.8805541992188,347.25128173828125,SRC-B07-HTW-SAX-REFERENCE-2026,DER,PUBLISHED_FITTED_CURVE_REFERENCE
BAT2AC_STANDARD,371,3.8598286190303885,0.9828227125439164,64,562.1002197265625,347.28021240234375,SRC-B07-HTW-SAX-REFERENCE-2026,DER,PUBLISHED_FITTED_CURVE_REFERENCE
BAT2AC_STANDARD,372,3.869884749670782,0.9828021456872199,64,562.322265625,347.31158447265625,SRC-B07-HTW-SAX-REFERENCE-2026,DER,PUBLISHED_FITTED_CURVE_REFERENCE
BAT2AC_STANDARD,373,3.879833076821628,0.9827815988371933,64,562.5419311523438,347.3429260253906,SRC-B07-HTW-SAX-REFERENCE-2026,DER,PUBLISHED_FITTED_CURVE_REFERENCE
BAT2AC_STANDARD,374,3.8898892074620215,0.9827610519871668,64,562.7639770507812,347.374267578125,SRC-B07-HTW-SAX-REFERENCE-2026,DER,PUBLISHED_FITTED_CURVE_REFERENCE
BAT2AC_STANDARD,375,3.8998375346128675,0.9827420856640653,64,562.983642578125,347.4031982421875,SRC-B07-HTW-SAX-REFERENCE-2026,DER,PUBLISHED_FITTED_CURVE_REFERENCE
BAT2AC_STANDARD,376,3.9098936652532608,0.9827215188073688,64,563.2056884765625,347.4345703125,SRC-B07-HTW-SAX-REFERENCE-2026,DER,PUBLISHED_FITTED_CURVE_REFERENCE
BAT2AC_STANDARD,377,3.9198392282120667,0.9827009519506723,64,563.42529296875,347.4659423828125,SRC-B07-HTW-SAX-REFERENCE-2026,DER,PUBLISHED_FITTED_CURVE_REFERENCE
BAT2AC_STANDARD,378,3.9298981230445005,0.9826804051006458,64,563.6473999023438,347.4972839355469,SRC-B07-HTW-SAX-REFERENCE-2026,DER,PUBLISHED_FITTED_CURVE_REFERENCE
BAT2AC_STANDARD,379,3.9398436860033064,0.9826598582506193,64,563.8670043945312,347.52862548828125,SRC-B07-HTW-SAX-REFERENCE-2026,DER,PUBLISHED_FITTED_CURVE_REFERENCE
BAT2AC_STANDARD,380,3.9499025808357398,0.9826392913939228,64,564.089111328125,347.55999755859375,SRC-B07-HTW-SAX-REFERENCE-2026,DER,PUBLISHED_FITTED_CURVE_REFERENCE
BAT2AC_STANDARD,381,3.9598481437945456,0.9826187245372263,64,564.3087158203125,347.59136962890625,SRC-B07-HTW-SAX-REFERENCE-2026,DER,PUBLISHED_FITTED_CURVE_REFERENCE
BAT2AC_STANDARD,382,3.9697964709453917,0.9825981776871997,64,564.5283813476562,347.6227111816406,SRC-B07-HTW-SAX-REFERENCE-2026,DER,PUBLISHED_FITTED_CURVE_REFERENCE
BAT2AC_STANDARD,383,3.979852601585785,0.9825776308371732,64,564.7504272460938,347.654052734375,SRC-B07-HTW-SAX-REFERENCE-2026,DER,PUBLISHED_FITTED_CURVE_REFERENCE
BAT2AC_STANDARD,384,3.989800928736631,0.9825570639804767,64,564.9700927734375,347.6854248046875,SRC-B07-HTW-SAX-REFERENCE-2026,DER,PUBLISHED_FITTED_CURVE_REFERENCE
BAT2AC_STANDARD,385,3.9998570593770246,0.9825364971237802,64,565.192138671875,347.716796875,SRC-B07-HTW-SAX-REFERENCE-2026,DER,PUBLISHED_FITTED_CURVE_REFERENCE
BAT2AC_STANDARD,386,4.00980538652787,0.9825143697468285,64,565.4118041992188,347.75054931640625,SRC-B07-HTW-SAX-REFERENCE-2026,DER,PUBLISHED_FITTED_CURVE_REFERENCE
BAT2AC_STANDARD,387,4.019861517168264,0.982493802890132,64,565.6338500976562,347.78192138671875,SRC-B07-HTW-SAX-REFERENCE-2026,DER,PUBLISHED_FITTED_CURVE_REFERENCE
BAT2AC_STANDARD,388,4.02980984431911,0.9824732560401055,64,565.853515625,347.8132629394531,SRC-B07-HTW-SAX-REFERENCE-2026,DER,PUBLISHED_FITTED_CURVE_REFERENCE
BAT2AC_STANDARD,389,4.039865974959503,0.9824527091900789,64,566.0755615234375,347.8446044921875,SRC-B07-HTW-SAX-REFERENCE-2026,DER,PUBLISHED_FITTED_CURVE_REFERENCE
BAT2AC_STANDARD,390,4.049811537918309,0.9824305618064573,64,566.295166015625,347.8783874511719,SRC-B07-HTW-SAX-REFERENCE-2026,DER,PUBLISHED_FITTED_CURVE_REFERENCE
BAT2AC_STANDARD,391,4.059870432750743,0.9824100149564308,64,566.5172729492188,347.90972900390625,SRC-B07-HTW-SAX-REFERENCE-2026,DER,PUBLISHED_FITTED_CURVE_REFERENCE
BAT2AC_STANDARD,392,4.0698187599015885,0.9823894480997343,64,566.7369384765625,347.94110107421875,SRC-B07-HTW-SAX-REFERENCE-2026,DER,PUBLISHED_FITTED_CURVE_REFERENCE
BAT2AC_STANDARD,393,4.079874890541982,0.9823673207227825,64,566.958984375,347.974853515625,SRC-B07-HTW-SAX-REFERENCE-2026,DER,PUBLISHED_FITTED_CURVE_REFERENCE
BAT2AC_STANDARD,394,4.0898204535007885,0.982346753866086,64,567.1785888671875,348.0062255859375,SRC-B07-HTW-SAX-REFERENCE-2026,DER,PUBLISHED_FITTED_CURVE_REFERENCE
BAT2AC_STANDARD,395,4.099876584141182,0.9823246264891344,64,567.400634765625,348.03997802734375,SRC-B07-HTW-SAX-REFERENCE-2026,DER,PUBLISHED_FITTED_CURVE_REFERENCE
BAT2AC_STANDARD,396,4.109824911292027,0.9823040596324379,64,567.6203002929688,348.07135009765625,SRC-B07-HTW-SAX-REFERENCE-2026,DER,PUBLISHED_FITTED_CURVE_REFERENCE
BAT2AC_STANDARD,397,4.119883806124461,0.9822819322554862,64,567.8424072265625,348.1051025390625,SRC-B07-HTW-SAX-REFERENCE-2026,DER,PUBLISHED_FITTED_CURVE_REFERENCE
BAT2AC_STANDARD,398,4.129829369083267,0.9822613653987897,64,568.06201171875,348.136474609375,SRC-B07-HTW-SAX-REFERENCE-2026,DER,PUBLISHED_FITTED_CURVE_REFERENCE
BAT2AC_STANDARD,399,4.13988549972366,0.9822392380218381,64,568.2840576171875,348.17022705078125,SRC-B07-HTW-SAX-REFERENCE-2026,DER,PUBLISHED_FITTED_CURVE_REFERENCE
BAT2AC_STANDARD,400,4.149833826874506,0.9822186711651416,64,568.5037231445312,348.20159912109375,SRC-B07-HTW-SAX-REFERENCE-2026,DER,PUBLISHED_FITTED_CURVE_REFERENCE
BAT2AC_STANDARD,401,4.1598899575149,0.9821965437881899,64,568.7257690429688,348.2353515625,SRC-B07-HTW-SAX-REFERENCE-2026,DER,PUBLISHED_FITTED_CURVE_REFERENCE
BAT2AC_STANDARD,402,4.169838284665746,0.9821743964045683,64,568.9454345703125,348.2691345214844,SRC-B07-HTW-SAX-REFERENCE-2026,DER,PUBLISHED_FITTED_CURVE_REFERENCE
BAT2AC_STANDARD,403,4.179786611816591,0.9821538495545418,64,569.1651000976562,348.30047607421875,SRC-B07-HTW-SAX-REFERENCE-2026,DER,PUBLISHED_FITTED_CURVE_REFERENCE
BAT2AC_STANDARD,404,4.189842742456985,0.9821317021709202,64,569.3871459960938,348.3342590332031,SRC-B07-HTW-SAX-REFERENCE-2026,DER,PUBLISHED_FITTED_CURVE_REFERENCE
BAT2AC_STANDARD,405,4.199791069607831,0.9821095547872986,64,569.6068115234375,348.3680419921875,SRC-B07-HTW-SAX-REFERENCE-2026,DER,PUBLISHED_FITTED_CURVE_REFERENCE
BAT2AC_STANDARD,406,4.209847200248224,0.9820890079372719,64,569.828857421875,348.3993835449219,SRC-B07-HTW-SAX-REFERENCE-2026,DER,PUBLISHED_FITTED_CURVE_REFERENCE
BAT2AC_STANDARD,407,4.219792763207031,0.9820668605536503,64,570.0484619140625,348.43316650390625,SRC-B07-HTW-SAX-REFERENCE-2026,DER,PUBLISHED_FITTED_CURVE_REFERENCE
BAT2AC_STANDARD,408,4.229851658039464,0.9820447331766987,64,570.2705688476562,348.4669189453125,SRC-B07-HTW-SAX-REFERENCE-2026,DER,PUBLISHED_FITTED_CURVE_REFERENCE
BAT2AC_STANDARD,409,4.239799985190309,0.982022605799747,64,570.490234375,348.50067138671875,SRC-B07-HTW-SAX-REFERENCE-2026,DER,PUBLISHED_FITTED_CURVE_REFERENCE
BAT2AC_STANDARD,410,4.2498561158307036,0.9820004584161254,64,570.7122802734375,348.5344543457031,SRC-B07-HTW-SAX-REFERENCE-2026,DER,PUBLISHED_FITTED_CURVE_REFERENCE
BAT2AC_STANDARD,411,4.259801678789509,0.9819783110325038,64,570.931884765625,348.5682373046875,SRC-B07-HTW-SAX-REFERENCE-2026,DER,PUBLISHED_FITTED_CURVE_REFERENCE
BAT2AC_STANDARD,412,4.269857809429903,0.9819561836555522,64,571.1539306640625,348.60198974609375,SRC-B07-HTW-SAX-REFERENCE-2026,DER,PUBLISHED_FITTED_CURVE_REFERENCE
BAT2AC_STANDARD,413,4.279806136580749,0.9819356167988557,64,571.3735961914062,348.63336181640625,SRC-B07-HTW-SAX-REFERENCE-2026,DER,PUBLISHED_FITTED_CURVE_REFERENCE
BAT2AC_STANDARD,414,4.289865031413182,0.9819134894219039,64,571.595703125,348.6671142578125,SRC-B07-HTW-SAX-REFERENCE-2026,DER,PUBLISHED_FITTED_CURVE_REFERENCE
BAT2AC_STANDARD,415,4.299810594371988,0.9818913620449523,64,571.8153076171875,348.70086669921875,SRC-B07-HTW-SAX-REFERENCE-2026,DER,PUBLISHED_FITTED_CURVE_REFERENCE
BAT2AC_STANDARD,416,4.309866725012382,0.9818692146613306,64,572.037353515625,348.7346496582031,SRC-B07-HTW-SAX-REFERENCE-2026,DER,PUBLISHED_FITTED_CURVE_REFERENCE
BAT2AC_STANDARD,417,4.319815052163228,0.9818455067574539,64,572.2570190429688,348.77081298828125,SRC-B07-HTW-SAX-REFERENCE-2026,DER,PUBLISHED_FITTED_CURVE_REFERENCE
BAT2AC_STANDARD,418,4.329871182803621,0.9818233593738322,64,572.4790649414062,348.8045959472656,SRC-B07-HTW-SAX-REFERENCE-2026,DER,PUBLISHED_FITTED_CURVE_REFERENCE
BAT2AC_STANDARD,419,4.3398195099544665,0.9818012119902106,64,572.69873046875,348.83837890625,SRC-B07-HTW-SAX-REFERENCE-2026,DER,PUBLISHED_FITTED_CURVE_REFERENCE
BAT2AC_STANDARD,420,4.349875640594861,0.9817790846132589,64,572.9207763671875,348.87213134765625,SRC-B07-HTW-SAX-REFERENCE-2026,DER,PUBLISHED_FITTED_CURVE_REFERENCE
BAT2AC_STANDARD,421,4.359823967745706,0.9817569572363073,64,573.1404418945312,348.9058837890625,SRC-B07-HTW-SAX-REFERENCE-2026,DER,PUBLISHED_FITTED_CURVE_REFERENCE
BAT2AC_STANDARD,422,4.3698800983860995,0.9817348098526857,64,573.3624877929688,348.9396667480469,SRC-B07-HTW-SAX-REFERENCE-2026,DER,PUBLISHED_FITTED_CURVE_REFERENCE
BAT2AC_STANDARD,423,4.379828425536946,0.9817126624690641,64,573.5821533203125,348.97344970703125,SRC-B07-HTW-SAX-REFERENCE-2026,DER,PUBLISHED_FITTED_CURVE_REFERENCE
BAT2AC_STANDARD,424,4.389884556177339,0.9816889545651872,64,573.80419921875,349.0096130371094,SRC-B07-HTW-SAX-REFERENCE-2026,DER,PUBLISHED_FITTED_CURVE_REFERENCE
BAT2AC_STANDARD,425,4.399832883328185,0.9816668071815656,64,574.0238647460938,349.04339599609375,SRC-B07-HTW-SAX-REFERENCE-2026,DER,PUBLISHED_FITTED_CURVE_REFERENCE
BAT2AC_STANDARD,426,4.40978121047903,0.981644679804614,64,574.2435302734375,349.0771484375,SRC-B07-HTW-SAX-REFERENCE-2026,DER,PUBLISHED_FITTED_CURVE_REFERENCE
BAT2AC_STANDARD,427,4.4198373411194245,0.9816225524276623,64,574.465576171875,349.11090087890625,SRC-B07-HTW-SAX-REFERENCE-2026,DER,PUBLISHED_FITTED_CURVE_REFERENCE
BAT2AC_STANDARD,428,4.42978290407823,0.9815988245171156,64,574.6851806640625,349.1470947265625,SRC-B07-HTW-SAX-REFERENCE-2026,DER,PUBLISHED_FITTED_CURVE_REFERENCE
BAT2AC_STANDARD,429,4.4398390347186245,0.981576677133494,64,574.9072265625,349.1808776855469,SRC-B07-HTW-SAX-REFERENCE-2026,DER,PUBLISHED_FITTED_CURVE_REFERENCE
BAT2AC_STANDARD,430,4.44978736186947,0.9815545297498723,64,575.1268920898438,349.21466064453125,SRC-B07-HTW-SAX-REFERENCE-2026,DER,PUBLISHED_FITTED_CURVE_REFERENCE
BAT2AC_STANDARD,431,4.459846256701903,0.9815308218459956,64,575.3489990234375,349.2508239746094,SRC-B07-HTW-SAX-REFERENCE-2026,DER,PUBLISHED_FITTED_CURVE_REFERENCE
BAT2AC_STANDARD,432,4.469791819660709,0.981508674462374,64,575.568603515625,349.28460693359375,SRC-B07-HTW-SAX-REFERENCE-2026,DER,PUBLISHED_FITTED_CURVE_REFERENCE
BAT2AC_STANDARD,433,4.479847950301103,0.9814849665584972,64,575.7906494140625,349.3207702636719,SRC-B07-HTW-SAX-REFERENCE-2026,DER,PUBLISHED_FITTED_CURVE_REFERENCE
BAT2AC_STANDARD,434,4.489796277451949,0.9814628191748755,64,576.0103149414062,349.35455322265625,SRC-B07-HTW-SAX-REFERENCE-2026,DER,PUBLISHED_FITTED_CURVE_REFERENCE
BAT2AC_STANDARD,435,4.499852408092343,0.9814391112709987,64,576.2323608398438,349.3907165527344,SRC-B07-HTW-SAX-REFERENCE-2026,DER,PUBLISHED_FITTED_CURVE_REFERENCE
BAT2AC_STANDARD,436,4.509800735243188,0.9814169638873771,64,576.4520263671875,349.42449951171875,SRC-B07-HTW-SAX-REFERENCE-2026,DER,PUBLISHED_FITTED_CURVE_REFERENCE
BAT2AC_STANDARD,437,4.519856865883582,0.9813932559835004,64,576.674072265625,349.4606628417969,SRC-B07-HTW-SAX-REFERENCE-2026,DER,PUBLISHED_FITTED_CURVE_REFERENCE
BAT2AC_STANDARD,438,4.529805193034427,0.9813711085998787,64,576.8937377929688,349.49444580078125,SRC-B07-HTW-SAX-REFERENCE-2026,DER,PUBLISHED_FITTED_CURVE_REFERENCE
BAT2AC_LOW_LOAD,0,0.02499894759312235,0.5751741640065569,22,119.80210876464844,185.13626098632812,SRC-B07-HTW-SAX-REFERENCE-2026,DER,PUBLISHED_FITTED_CURVE_REFERENCE
BAT2AC_LOW_LOAD,1,0.026000411574930205,0.5847281492941233,22,120.3741455078125,182.70736694335938,SRC-B07-HTW-SAX-REFERENCE-2026,DER,PUBLISHED_FITTED_CURVE_REFERENCE
BAT2AC_LOW_LOAD,2,0.0269976815306199,0.5938741785696304,22,120.94378662109375,180.38218688964844,SRC-B07-HTW-SAX-REFERENCE-2026,DER,PUBLISHED_FITTED_CURVE_REFERENCE
BAT2AC_LOW_LOAD,3,0.027999145512427756,0.6026217349947534,22,121.51582336425781,178.15830993652344,SRC-B07-HTW-SAX-REFERENCE-2026,DER,PUBLISHED_FITTED_CURVE_REFERENCE
BAT2AC_LOW_LOAD,4,0.029000636207777767,0.6109992680545173,22,122.08787536621094,176.02850341796875,SRC-B07-HTW-SAX-REFERENCE-2026,DER,PUBLISHED_FITTED_CURVE_REFERENCE
BAT2AC_LOW_LOAD,5,0.029997892806696385,0.6190352272339475,22,122.65750885009766,173.98553466796875,SRC-B07-HTW-SAX-REFERENCE-2026,DER,PUBLISHED_FITTED_CURVE_REFERENCE
BAT2AC_LOW_LOAD,6,0.030999370145275318,0.6267391557147295,22,123.22955322265625,172.0269775390625,SRC-B07-HTW-SAX-REFERENCE-2026,DER,PUBLISHED_FITTED_CURVE_REFERENCE
BAT2AC_LOW_LOAD,7,0.032000834127083176,0.6341395029818885,22,123.80158996582031,170.14559936523438,SRC-B07-HTW-SAX-REFERENCE-2026,DER,PUBLISHED_FITTED_CURVE_REFERENCE
BAT2AC_LOW_LOAD,8,0.032998104082772865,0.6412552353587744,22,124.37123107910156,168.33657836914062,SRC-B07-HTW-SAX-REFERENCE-2026,DER,PUBLISHED_FITTED_CURVE_REFERENCE
BAT2AC_LOW_LOAD,9,0.033999568064580724,0.6481051991287166,22,124.94326782226562,166.59512329101562,SRC-B07-HTW-SAX-REFERENCE-2026,DER,PUBLISHED_FITTED_CURVE_REFERENCE
BAT2AC_LOW_LOAD,10,0.03500105875993074,0.654689634371757,22,125.51531982421875,164.92117309570312,SRC-B07-HTW-SAX-REFERENCE-2026,DER,PUBLISHED_FITTED_CURVE_REFERENCE
BAT2AC_LOW_LOAD,11,0.03599831535884935,0.6610368705329,22,126.08495330810547,163.30752563476562,SRC-B07-HTW-SAX-REFERENCE-2026,DER,PUBLISHED_FITTED_CURVE_REFERENCE
BAT2AC_LOW_LOAD,12,0.036999792697428285,0.6671563307538095,22,126.65699768066406,161.7517852783203,SRC-B07-HTW-SAX-REFERENCE-2026,DER,PUBLISHED_FITTED_CURVE_REFERENCE
BAT2AC_LOW_LOAD,13,0.037997035939575825,0.6730576182361825,22,127.22662353515625,160.2515106201172,SRC-B07-HTW-SAX-REFERENCE-2026,DER,PUBLISHED_FITTED_CURVE_REFERENCE
BAT2AC_LOW_LOAD,14,0.03899852663492584,0.6787501561216827,22,127.79867553710938,158.80430603027344,SRC-B07-HTW-SAX-REFERENCE-2026,DER,PUBLISHED_FITTED_CURVE_REFERENCE
BAT2AC_LOW_LOAD,15,0.03999999061673369,0.6842529707536714,22,128.37071228027344,157.40533447265625,SRC-B07-HTW-SAX-REFERENCE-2026,DER,PUBLISHED_FITTED_CURVE_REFERENCE
BAT2AC_LOW_LOAD,16,0.04099723385888123,0.6895660621321482,22,128.94033813476562,156.05459594726562,SRC-B07-HTW-SAX-REFERENCE-2026,DER,PUBLISHED_FITTED_CURVE_REFERENCE
BAT2AC_LOW_LOAD,17,0.041998724554231245,0.6947083365604529,22,129.51239013671875,154.74728393554688,SRC-B07-HTW-SAX-REFERENCE-2026,DER,PUBLISHED_FITTED_CURVE_REFERENCE
BAT2AC_LOW_LOAD,18,0.04300021524958125,0.6996797940385854,22,130.08444213867188,153.4833984375,SRC-B07-HTW-SAX-REFERENCE-2026,DER,PUBLISHED_FITTED_CURVE_REFERENCE
BAT2AC_LOW_LOAD,19,0.04399745849172879,0.7044900377682419,22,130.65406799316406,152.260498046875,SRC-B07-HTW-SAX-REFERENCE-2026,DER,PUBLISHED_FITTED_CURVE_REFERENCE
BAT2AC_LOW_LOAD,20,0.04499894918707881,0.7091484308710763,22,131.2261199951172,151.07620239257812,SRC-B07-HTW-SAX-REFERENCE-2026,DER,PUBLISHED_FITTED_CURVE_REFERENCE
BAT2AC_LOW_LOAD,21,0.046000413168886665,0.7136644565087636,22,131.79815673828125,149.9281005859375,SRC-B07-HTW-SAX-REFERENCE-2026,DER,PUBLISHED_FITTED_CURVE_REFERENCE
BAT2AC_LOW_LOAD,22,0.046997683124576355,0.7180477779030108,22,132.3677978515625,148.81373596191406,SRC-B07-HTW-SAX-REFERENCE-2026,DER,PUBLISHED_FITTED_CURVE_REFERENCE
BAT2AC_LOW_LOAD,23,0.04799917381992637,0.722288731832111,22,132.93984985351562,147.73556518554688,SRC-B07-HTW-SAX-REFERENCE-2026,DER,PUBLISHED_FITTED_CURVE_REFERENCE
BAT2AC_LOW_LOAD,24,0.04900063780173422,0.7264158278010997,22,133.5118865966797,146.68634033203125,SRC-B07-HTW-SAX-REFERENCE-2026,DER,PUBLISHED_FITTED_CURVE_REFERENCE
BAT2AC_LOW_LOAD,25,0.04999788104388176,0.7304101595066377,22,134.08151245117188,145.67086791992188,SRC-B07-HTW-SAX-REFERENCE-2026,DER,PUBLISHED_FITTED_CURVE_REFERENCE
BAT2AC_LOW_LOAD,26,0.050999371739231775,0.734300056393729,22,134.653564453125,144.68194580078125,SRC-B07-HTW-SAX-REFERENCE-2026,DER,PUBLISHED_FITTED_CURVE_REFERENCE
BAT2AC_LOW_LOAD,27,0.051996614981379315,0.7380760953207088,22,135.2231903076172,143.7219696044922,SRC-B07-HTW-SAX-REFERENCE-2026,DER,PUBLISHED_FITTED_CURVE_REFERENCE
BAT2AC_LOW_LOAD,28,0.05299807896318717,0.7417382762875775,22,135.79522705078125,142.7909393310547,SRC-B07-HTW-SAX-REFERENCE-2026,DER,PUBLISHED_FITTED_CURVE_REFERENCE
BAT2AC_LOW_LOAD,29,0.05399956965853718,0.7453056256376955,22,136.36727905273438,141.88401794433594,SRC-B07-HTW-SAX-REFERENCE-2026,DER,PUBLISHED_FITTED_CURVE_REFERENCE
BAT2AC_LOW_LOAD,30,0.05499681290068472,0.7487780833510524,22,136.93690490722656,141.001220703125,SRC-B07-HTW-SAX-REFERENCE-2026,DER,PUBLISHED_FITTED_CURVE_REFERENCE
BAT2AC_LOW_LOAD,31,0.055998303596034735,0.7521556494276482,22,137.5089569091797,140.14254760742188,SRC-B07-HTW-SAX-REFERENCE-2026,DER,PUBLISHED_FITTED_CURVE_REFERENCE
BAT2AC_LOW_LOAD,32,0.056999767577842586,0.7554478670491684,22,138.08099365234375,139.30557250976562,SRC-B07-HTW-SAX-REFERENCE-2026,DER,PUBLISHED_FITTED_CURVE_REFERENCE
BAT2AC_LOW_LOAD,33,0.05799703753353228,0.758645133013917,22,138.650634765625,138.49273681640625,SRC-B07-HTW-SAX-REFERENCE-2026,DER,PUBLISHED_FITTED_CURVE_REFERENCE
BAT2AC_LOW_LOAD,34,0.05899852822888229,0.761766533685265,22,139.22268676757812,137.69918823242188,SRC-B07-HTW-SAX-REFERENCE-2026,DER,PUBLISHED_FITTED_CURVE_REFERENCE
BAT2AC_LOW_LOAD,35,0.05999999221069015,0.7648026459215481,22,139.7947235107422,136.9273223876953,SRC-B07-HTW-SAX-REFERENCE-2026,DER,PUBLISHED_FITTED_CURVE_REFERENCE
BAT2AC_LOW_LOAD,36,0.06099723545283769,0.7677722559860847,22,140.36434936523438,136.17236328125,SRC-B07-HTW-SAX-REFERENCE-2026,DER,PUBLISHED_FITTED_CURVE_REFERENCE
BAT2AC_LOW_LOAD,37,0.0619987261481877,0.770656457575535,22,140.9364013671875,135.43911743164062,SRC-B07-HTW-SAX-REFERENCE-2026,DER,PUBLISHED_FITTED_CURVE_REFERENCE
BAT2AC_LOW_LOAD,38,0.06299599610387739,0.7734742770332601,22,141.50604248046875,134.72274780273438,SRC-B07-HTW-SAX-REFERENCE-2026,DER,PUBLISHED_FITTED_CURVE_REFERENCE
BAT2AC_LOW_LOAD,39,0.06399746008568526,0.7762257143592597,22,142.0780792236328,134.02325439453125,SRC-B07-HTW-SAX-REFERENCE-2026,DER,PUBLISHED_FITTED_CURVE_REFERENCE
BAT2AC_LOW_LOAD,40,0.06499892406749311,0.7789106495135126,22,142.65011596679688,133.34066772460938,SRC-B07-HTW-SAX-REFERENCE-2026,DER,PUBLISHED_FITTED_CURVE_REFERENCE
BAT2AC_LOW_LOAD,41,0.0659961940231828,0.7815292025360403,22,143.21975708007812,132.67495727539062,SRC-B07-HTW-SAX-REFERENCE-2026,DER,PUBLISHED_FITTED_CURVE_REFERENCE
BAT2AC_LOW_LOAD,42,0.06699765800499066,0.7840908565885175,22,143.7917938232422,132.02371215820312,SRC-B07-HTW-SAX-REFERENCE-2026,DER,PUBLISHED_FITTED_CURVE_REFERENCE
BAT2AC_LOW_LOAD,43,0.06799914870034067,0.7865861285092695,22,144.3638458251953,131.38934326171875,SRC-B07-HTW-SAX-REFERENCE-2026,DER,PUBLISHED_FITTED_CURVE_REFERENCE
BAT2AC_LOW_LOAD,44,0.0689963919424882,0.7890244414399603,22,144.9334716796875,130.7694549560547,SRC-B07-HTW-SAX-REFERENCE-2026,DER,PUBLISHED_FITTED_CURVE_REFERENCE
BAT2AC_LOW_LOAD,45,0.06999788263783822,0.7914153385622761,22,145.50552368164062,130.16162109375,SRC-B07-HTW-SAX-REFERENCE-2026,DER,PUBLISHED_FITTED_CURVE_REFERENCE
BAT2AC_LOW_LOAD,46,0.07099937333318823,0.7937492766945308,22,146.07757568359375,129.56826782226562,SRC-B07-HTW-SAX-REFERENCE-2026,DER,PUBLISHED_FITTED_CURVE_REFERENCE
BAT2AC_LOW_LOAD,47,0.07199661657533576,0.7960262558367246,22,146.64720153808594,128.98939514160156,SRC-B07-HTW-SAX-REFERENCE-2026,DER,PUBLISHED_FITTED_CURVE_REFERENCE
BAT2AC_LOW_LOAD,48,0.07299808055714363,0.7982653023322182,22,147.21923828125,128.420166015625,SRC-B07-HTW-SAX-REFERENCE-2026,DER,PUBLISHED_FITTED_CURVE_REFERENCE
BAT2AC_LOW_LOAD,49,0.07399957125249364,0.800447509877672,22,147.79129028320312,127.86538696289062,SRC-B07-HTW-SAX-REFERENCE-2026,DER,PUBLISHED_FITTED_CURVE_REFERENCE
BAT2AC_LOW_LOAD,50,0.07499681449464117,0.8025822115847345,22,148.3609161376953,127.32268524169922,SRC-B07-HTW-SAX-REFERENCE-2026,DER,PUBLISHED_FITTED_CURVE_REFERENCE
BAT2AC_LOW_LOAD,51,0.07599827847644904,0.8046694974834219,22,148.93295288085938,126.79203796386719,SRC-B07-HTW-SAX-REFERENCE-2026,DER,PUBLISHED_FITTED_CURVE_REFERENCE
BAT2AC_LOW_LOAD,52,0.07699554843213872,0.8067188207254037,22,149.50259399414062,126.27104187011719,SRC-B07-HTW-SAX-REFERENCE-2026,DER,PUBLISHED_FITTED_CURVE_REFERENCE
BAT2AC_LOW_LOAD,53,0.07799703912748873,0.8087206681389997,22,150.07464599609375,125.76211547851562,SRC-B07-HTW-SAX-REFERENCE-2026,DER,PUBLISHED_FITTED_CURVE_REFERENCE
BAT2AC_LOW_LOAD,54,0.07899852982283875,0.810684642925906,22,150.64669799804688,125.2628173828125,SRC-B07-HTW-SAX-REFERENCE-2026,DER,PUBLISHED_FITTED_CURVE_REFERENCE
BAT2AC_LOW_LOAD,55,0.07999577306498629,0.8126105650260909,22,151.21632385253906,124.773193359375,SRC-B07-HTW-SAX-REFERENCE-2026,DER,PUBLISHED_FITTED_CURVE_REFERENCE
BAT2AC_LOW_LOAD,56,0.08099723704679415,0.8144986144995862,22,151.78836059570312,124.29319763183594,SRC-B07-HTW-SAX-REFERENCE-2026,DER,PUBLISHED_FITTED_CURVE_REFERENCE
BAT2AC_LOW_LOAD,57,0.08199872774214416,0.8163487313263812,22,152.36041259765625,123.82284545898438,SRC-B07-HTW-SAX-REFERENCE-2026,DER,PUBLISHED_FITTED_CURVE_REFERENCE
BAT2AC_LOW_LOAD,58,0.08299599769783385,0.8181513123047797,22,152.9300537109375,123.36457824707031,SRC-B07-HTW-SAX-REFERENCE-2026,DER,PUBLISHED_FITTED_CURVE_REFERENCE
BAT2AC_LOW_LOAD,59,0.0839974616796417,0.8199349869798388,22,153.50209045410156,122.91111755371094,SRC-B07-HTW-SAX-REFERENCE-2026,DER,PUBLISHED_FITTED_CURVE_REFERENCE
BAT2AC_LOW_LOAD,60,0.08499892566144956,0.8216712458465225,22,154.07412719726562,122.46971130371094,SRC-B07-HTW-SAX-REFERENCE-2026,DER,PUBLISHED_FITTED_CURVE_REFERENCE
BAT2AC_LOW_LOAD,61,0.08599619561713925,0.8233789952081705,22,154.64376831054688,122.03555297851562,SRC-B07-HTW-SAX-REFERENCE-2026,DER,PUBLISHED_FITTED_CURVE_REFERENCE
BAT2AC_LOW_LOAD,62,0.08699765959894712,0.8250582950847933,22,155.21580505371094,121.60862731933594,SRC-B07-HTW-SAX-REFERENCE-2026,DER,PUBLISHED_FITTED_CURVE_REFERENCE
BAT2AC_LOW_LOAD,63,0.08799490284109465,0.8266996623147159,22,155.78543090820312,121.19134521484375,SRC-B07-HTW-SAX-REFERENCE-2026,DER,PUBLISHED_FITTED_CURVE_REFERENCE
BAT2AC_LOW_LOAD,64,0.08899639353644466,0.8283125200396028,22,156.35748291015625,120.78131103515625,SRC-B07-HTW-SAX-REFERENCE-2026,DER,PUBLISHED_FITTED_CURVE_REFERENCE
BAT2AC_LOW_LOAD,65,0.08999788423179468,0.829896988299475,22,156.92953491210938,120.37849426269531,SRC-B07-HTW-SAX-REFERENCE-2026,DER,PUBLISHED_FITTED_CURVE_REFERENCE
BAT2AC_LOW_LOAD,66,0.09099512747394221,0.8314529470543115,22,157.49916076660156,119.98292541503906,SRC-B07-HTW-SAX-REFERENCE-2026,DER,PUBLISHED_FITTED_CURVE_REFERENCE
BAT2AC_LOW_LOAD,67,0.09199661816929222,0.8329709731624477,22,158.0712127685547,119.59700012207031,SRC-B07-HTW-SAX-REFERENCE-2026,DER,PUBLISHED_FITTED_CURVE_REFERENCE
BAT2AC_LOW_LOAD,68,0.09299808215110009,0.8344700329472339,22,158.64324951171875,119.21589660644531,SRC-B07-HTW-SAX-REFERENCE-2026,DER,PUBLISHED_FITTED_CURVE_REFERENCE
BAT2AC_LOW_LOAD,69,0.09399535210678978,0.8359500663886593,22,159.212890625,118.83963012695312,SRC-B07-HTW-SAX-REFERENCE-2026,DER,PUBLISHED_FITTED_CURVE_REFERENCE
BAT2AC_LOW_LOAD,70,0.09499684280213978,0.8373921671833845,22,159.78494262695312,118.47300720214844,SRC-B07-HTW-SAX-REFERENCE-2026,DER,PUBLISHED_FITTED_CURVE_REFERENCE
BAT2AC_LOW_LOAD,71,0.09599830678394765,0.8388153016547596,22,160.3569793701172,118.1112060546875,SRC-B07-HTW-SAX-REFERENCE-2026,DER,PUBLISHED_FITTED_CURVE_REFERENCE
BAT2AC_LOW_LOAD,72,0.09699555002609518,0.8402099866411095,22,160.92660522460938,117.75663757324219,SRC-B07-HTW-SAX-REFERENCE-2026,DER,PUBLISHED_FITTED_CURVE_REFERENCE
BAT2AC_LOW_LOAD,73,0.09799704072144519,0.8415762221424343,22,161.4986572265625,117.4093017578125,SRC-B07-HTW-SAX-REFERENCE-2026,DER,PUBLISHED_FITTED_CURVE_REFERENCE
BAT2AC_LOW_LOAD,74,0.09899428396359274,0.8429329144620734,22,162.0682830810547,117.06439208984375,SRC-B07-HTW-SAX-REFERENCE-2026,DER,PUBLISHED_FITTED_CURVE_REFERENCE
BAT2AC_LOW_LOAD,75,0.09999574794540059,0.8442516741350122,22,162.64031982421875,116.7291259765625,SRC-B07-HTW-SAX-REFERENCE-2026,DER,PUBLISHED_FITTED_CURVE_REFERENCE
BAT2AC_LOW_LOAD,76,0.1009972386407506,0.8455610106662866,22,163.21237182617188,116.39625549316406,SRC-B07-HTW-SAX-REFERENCE-2026,DER,PUBLISHED_FITTED_CURVE_REFERENCE
BAT2AC_LOW_LOAD,77,0.1019945085964403,0.8468418376925253,22,163.78201293945312,116.07063293457031,SRC-B07-HTW-SAX-REFERENCE-2026,DER,PUBLISHED_FITTED_CURVE_REFERENCE
BAT2AC_LOW_LOAD,78,0.10299597257824815,0.8481036983954138,22,164.3540496826172,115.74983215332031,SRC-B07-HTW-SAX-REFERENCE-2026,DER,PUBLISHED_FITTED_CURVE_REFERENCE
BAT2AC_LOW_LOAD,79,0.10399746327359816,0.8493370495932666,22,164.9261016845703,115.436279296875,SRC-B07-HTW-SAX-REFERENCE-2026,DER,PUBLISHED_FITTED_CURVE_REFERENCE
BAT2AC_LOW_LOAD,80,0.1049947065157457,0.8505609776494549,22,165.4957275390625,115.1251220703125,SRC-B07-HTW-SAX-REFERENCE-2026,DER,PUBLISHED_FITTED_CURVE_REFERENCE
BAT2AC_LOW_LOAD,81,0.10599619721109571,0.8517563962006074,22,166.06777954101562,114.82121276855469,SRC-B07-HTW-SAX-REFERENCE-2026,DER,PUBLISHED_FITTED_CURVE_REFERENCE
BAT2AC_LOW_LOAD,82,0.10699768790644572,0.8529423315900849,22,166.63983154296875,114.51971435546875,SRC-B07-HTW-SAX-REFERENCE-2026,DER,PUBLISHED_FITTED_CURVE_REFERENCE
BAT2AC_LOW_LOAD,83,0.10799490443505111,0.8540998174945372,22,167.20944213867188,114.22544860839844,SRC-B07-HTW-SAX-REFERENCE-2026,DER,PUBLISHED_FITTED_CURVE_REFERENCE
BAT2AC_LOW_LOAD,84,0.10899639513040112,0.8552478202373144,22,167.781494140625,113.93359375,SRC-B07-HTW-SAX-REFERENCE-2026,DER,PUBLISHED_FITTED_CURVE_REFERENCE
BAT2AC_LOW_LOAD,85,0.10999788582575114,0.8563673734950665,22,168.35354614257812,113.64897155761719,SRC-B07-HTW-SAX-REFERENCE-2026,DER,PUBLISHED_FITTED_CURVE_REFERENCE
BAT2AC_LOW_LOAD,86,0.11099512906789867,0.8574773835711329,22,168.9231719970703,113.36677551269531,SRC-B07-HTW-SAX-REFERENCE-2026,DER,PUBLISHED_FITTED_CURVE_REFERENCE
BAT2AC_LOW_LOAD,87,0.11199659304970652,0.8585684873438598,22,169.49520874023438,113.08938598632812,SRC-B07-HTW-SAX-REFERENCE-2026,DER,PUBLISHED_FITTED_CURVE_REFERENCE
BAT2AC_LOW_LOAD,88,0.11299386300539623,0.8596500479349011,22,170.06484985351562,112.81442260742188,SRC-B07-HTW-SAX-REFERENCE-2026,DER,PUBLISHED_FITTED_CURVE_REFERENCE
BAT2AC_LOW_LOAD,89,0.11399535370074623,0.8607031590409172,22,170.63690185546875,112.54669189453125,SRC-B07-HTW-SAX-REFERENCE-2026,DER,PUBLISHED_FITTED_CURVE_REFERENCE
BAT2AC_LOW_LOAD,90,0.11499681768255408,0.8617468470052688,22,171.2089385986328,112.28135681152344,SRC-B07-HTW-SAX-REFERENCE-2026,DER,PUBLISHED_FITTED_CURVE_REFERENCE
BAT2AC_LOW_LOAD,91,0.11599406092470163,0.8627714486062491,22,171.778564453125,112.0208740234375,SRC-B07-HTW-SAX-REFERENCE-2026,DER,PUBLISHED_FITTED_CURVE_REFERENCE
BAT2AC_LOW_LOAD,92,0.11699555162005164,0.8637866870855756,22,172.35061645507812,111.76277160644531,SRC-B07-HTW-SAX-REFERENCE-2026,DER,PUBLISHED_FITTED_CURVE_REFERENCE
BAT2AC_LOW_LOAD,93,0.11799704231540165,0.8647828392015308,22,172.92266845703125,111.509521484375,SRC-B07-HTW-SAX-REFERENCE-2026,DER,PUBLISHED_FITTED_CURVE_REFERENCE
BAT2AC_LOW_LOAD,94,0.11899428555754919,0.8657695681758214,22,173.49229431152344,111.2586669921875,SRC-B07-HTW-SAX-REFERENCE-2026,DER,PUBLISHED_FITTED_CURVE_REFERENCE
BAT2AC_LOW_LOAD,95,0.11999574953935704,0.866737330826762,22,174.0643310546875,111.01263427734375,SRC-B07-HTW-SAX-REFERENCE-2026,DER,PUBLISHED_FITTED_CURVE_REFERENCE
BAT2AC_LOW_LOAD,96,0.12099724023470705,0.8676860671343418,22,174.63638305664062,110.77143859863281,SRC-B07-HTW-SAX-REFERENCE-2026,DER,PUBLISHED_FITTED_CURVE_REFERENCE
BAT2AC_LOW_LOAD,97,0.12199451019039675,0.8686253202802466,22,175.20602416992188,110.53265380859375,SRC-B07-HTW-SAX-REFERENCE-2026,DER,PUBLISHED_FITTED_CURVE_REFERENCE
BAT2AC_LOW_LOAD,98,0.1229959741722046,0.8695550902644764,22,175.77806091308594,110.29627990722656,SRC-B07-HTW-SAX-REFERENCE-2026,DER,PUBLISHED_FITTED_CURVE_REFERENCE
BAT2AC_LOW_LOAD,99,0.12399743815401247,0.870465893925356,22,176.35009765625,110.06472778320312,SRC-B07-HTW-SAX-REFERENCE-2026,DER,PUBLISHED_FITTED_CURVE_REFERENCE
BAT2AC_LOW_LOAD,100,0.12499470810970216,0.8713672744445712,22,176.91973876953125,109.8355712890625,SRC-B07-HTW-SAX-REFERENCE-2026,DER,PUBLISHED_FITTED_CURVE_REFERENCE
BAT2AC_LOW_LOAD,101,0.12599619880505217,0.8722590517620901,22,177.49179077148438,109.60885620117188,SRC-B07-HTW-SAX-REFERENCE-2026,DER,PUBLISHED_FITTED_CURVE_REFERENCE
BAT2AC_LOW_LOAD,102,0.1269934420471997,0.8731319227762695,22,178.06141662597656,109.38694763183594,SRC-B07-HTW-SAX-REFERENCE-2026,DER,PUBLISHED_FITTED_CURVE_REFERENCE
BAT2AC_LOW_LOAD,103,0.12799490602900757,0.8740047937904489,22,178.63345336914062,109.1650390625,SRC-B07-HTW-SAX-REFERENCE-2026,DER,PUBLISHED_FITTED_CURVE_REFERENCE
BAT2AC_LOW_LOAD,104,0.1289963967243576,0.8748492153196031,22,179.20550537109375,108.95036315917969,SRC-B07-HTW-SAX-REFERENCE-2026,DER,PUBLISHED_FITTED_CURVE_REFERENCE
BAT2AC_LOW_LOAD,105,0.12999363996650512,0.8756935768287468,22,179.77513122558594,108.73570251464844,SRC-B07-HTW-SAX-REFERENCE-2026,DER,PUBLISHED_FITTED_CURVE_REFERENCE
BAT2AC_LOW_LOAD,106,0.1309951306618551,0.8765189720145403,22,180.34718322753906,108.52586364746094,SRC-B07-HTW-SAX-REFERENCE-2026,DER,PUBLISHED_FITTED_CURVE_REFERENCE
BAT2AC_LOW_LOAD,107,0.13199659464366298,0.8773444272203444,22,180.91921997070312,108.31600952148438,SRC-B07-HTW-SAX-REFERENCE-2026,DER,PUBLISHED_FITTED_CURVE_REFERENCE
BAT2AC_LOW_LOAD,108,0.13299386459935267,0.8781508560827879,22,181.48886108398438,108.11099243164062,SRC-B07-HTW-SAX-REFERENCE-2026,DER,PUBLISHED_FITTED_CURVE_REFERENCE
BAT2AC_LOW_LOAD,109,0.1339953552947027,0.8789478017835562,22,182.0609130859375,107.90838623046875,SRC-B07-HTW-SAX-REFERENCE-2026,DER,PUBLISHED_FITTED_CURVE_REFERENCE
BAT2AC_LOW_LOAD,110,0.13499681927651055,0.8797353243426601,22,182.63294982910156,107.70817565917969,SRC-B07-HTW-SAX-REFERENCE-2026,DER,PUBLISHED_FITTED_CURVE_REFERENCE
BAT2AC_LOW_LOAD,111,0.1359940625186581,0.8805133037200784,22,183.20257568359375,107.51039123535156,SRC-B07-HTW-SAX-REFERENCE-2026,DER,PUBLISHED_FITTED_CURVE_REFERENCE
BAT2AC_LOW_LOAD,112,0.13699555321400808,0.8812817399158109,22,183.77462768554688,107.31503295898438,SRC-B07-HTW-SAX-REFERENCE-2026,DER,PUBLISHED_FITTED_CURVE_REFERENCE
BAT2AC_LOW_LOAD,113,0.1379928231696978,0.8820313298282146,22,184.34426879882812,107.12446594238281,SRC-B07-HTW-SAX-REFERENCE-2026,DER,PUBLISHED_FITTED_CURVE_REFERENCE
BAT2AC_LOW_LOAD,114,0.13899428715150564,0.8827807997005971,22,184.9163055419922,106.93392944335938,SRC-B07-HTW-SAX-REFERENCE-2026,DER,PUBLISHED_FITTED_CURVE_REFERENCE
BAT2AC_LOW_LOAD,115,0.1399957511333135,0.8835208464313151,22,185.48834228515625,106.74578857421875,SRC-B07-HTW-SAX-REFERENCE-2026,DER,PUBLISHED_FITTED_CURVE_REFERENCE
BAT2AC_LOW_LOAD,116,0.1409930210890032,0.8842513499803475,22,186.0579833984375,106.56007385253906,SRC-B07-HTW-SAX-REFERENCE-2026,DER,PUBLISHED_FITTED_CURVE_REFERENCE
BAT2AC_LOW_LOAD,117,0.14199448507081106,0.8849629472260403,22,186.63002014160156,106.37916564941406,SRC-B07-HTW-SAX-REFERENCE-2026,DER,PUBLISHED_FITTED_CURVE_REFERENCE
BAT2AC_LOW_LOAD,118,0.14299597576616108,0.8856745444717331,22,187.2020721435547,106.19825744628906,SRC-B07-HTW-SAX-REFERENCE-2026,DER,PUBLISHED_FITTED_CURVE_REFERENCE
BAT2AC_LOW_LOAD,119,0.1439932190083086,0.8863765985357404,22,187.77169799804688,106.019775390625,SRC-B07-HTW-SAX-REFERENCE-2026,DER,PUBLISHED_FITTED_CURVE_REFERENCE
BAT2AC_LOW_LOAD,120,0.1449947097036586,0.8870691694380725,22,188.34375,105.84370422363281,SRC-B07-HTW-SAX-REFERENCE-2026,DER,PUBLISHED_FITTED_CURVE_REFERENCE
BAT2AC_LOW_LOAD,121,0.14599620039900862,0.8877523171987401,22,188.91580200195312,105.67002868652344,SRC-B07-HTW-SAX-REFERENCE-2026,DER,PUBLISHED_FITTED_CURVE_REFERENCE
BAT2AC_LOW_LOAD,122,0.14699344364115616,0.8884259217777222,22,189.4854278564453,105.498779296875,SRC-B07-HTW-SAX-REFERENCE-2026,DER,PUBLISHED_FITTED_CURVE_REFERENCE
BAT2AC_LOW_LOAD,123,0.14799490762296402,0.8890995263567042,22,190.05746459960938,105.32752990722656,SRC-B07-HTW-SAX-REFERENCE-2026,DER,PUBLISHED_FITTED_CURVE_REFERENCE
BAT2AC_LOW_LOAD,124,0.14899639831831404,0.8897542246323467,22,190.6295166015625,105.16108703613281,SRC-B07-HTW-SAX-REFERENCE-2026,DER,PUBLISHED_FITTED_CURVE_REFERENCE
BAT2AC_LOW_LOAD,125,0.14999366827400373,0.8904088628879786,22,191.19915771484375,104.99465942382812,SRC-B07-HTW-SAX-REFERENCE-2026,DER,PUBLISHED_FITTED_CURVE_REFERENCE
BAT2AC_LOW_LOAD,126,0.15099513225581157,0.8910540179819354,22,191.7711944580078,104.83064270019531,SRC-B07-HTW-SAX-REFERENCE-2026,DER,PUBLISHED_FITTED_CURVE_REFERENCE
BAT2AC_LOW_LOAD,127,0.15199237549795913,0.8916896298942066,22,192.3408203125,104.66905212402344,SRC-B07-HTW-SAX-REFERENCE-2026,DER,PUBLISHED_FITTED_CURVE_REFERENCE
BAT2AC_LOW_LOAD,128,0.15299386619330912,0.892315878684824,22,192.91287231445312,104.50984191894531,SRC-B07-HTW-SAX-REFERENCE-2026,DER,PUBLISHED_FITTED_CURVE_REFERENCE
BAT2AC_LOW_LOAD,129,0.153995330175117,0.8929420074354201,22,193.4849090576172,104.35066223144531,SRC-B07-HTW-SAX-REFERENCE-2026,DER,PUBLISHED_FITTED_CURVE_REFERENCE
BAT2AC_LOW_LOAD,130,0.15499257341726452,0.8935587130443517,22,194.05453491210938,104.19387817382812,SRC-B07-HTW-SAX-REFERENCE-2026,DER,PUBLISHED_FITTED_CURVE_REFERENCE
BAT2AC_LOW_LOAD,131,0.15599406411261454,0.8941659354916084,22,194.6265869140625,104.03950500488281,SRC-B07-HTW-SAX-REFERENCE-2026,DER,PUBLISHED_FITTED_CURVE_REFERENCE
BAT2AC_LOW_LOAD,132,0.15699555480796454,0.8947636147571794,22,195.19863891601562,103.88755798339844,SRC-B07-HTW-SAX-REFERENCE-2026,DER,PUBLISHED_FITTED_CURVE_REFERENCE
BAT2AC_LOW_LOAD,133,0.15799282476365425,0.895361354042761,22,195.76828002929688,103.735595703125,SRC-B07-HTW-SAX-REFERENCE-2026,DER,PUBLISHED_FITTED_CURVE_REFERENCE
BAT2AC_LOW_LOAD,134,0.1589942887454621,0.8959401270049924,22,196.34031677246094,103.58845520019531,SRC-B07-HTW-SAX-REFERENCE-2026,DER,PUBLISHED_FITTED_CURVE_REFERENCE
BAT2AC_LOW_LOAD,135,0.15999575272726996,0.8965283231088883,22,196.912353515625,103.43891906738281,SRC-B07-HTW-SAX-REFERENCE-2026,DER,PUBLISHED_FITTED_CURVE_REFERENCE
BAT2AC_LOW_LOAD,136,0.16099302268295965,0.897097552889434,22,197.48199462890625,103.29420471191406,SRC-B07-HTW-SAX-REFERENCE-2026,DER,PUBLISHED_FITTED_CURVE_REFERENCE
BAT2AC_LOW_LOAD,137,0.16199451337830967,0.8976668426899905,22,198.05404663085938,103.14947509765625,SRC-B07-HTW-SAX-REFERENCE-2026,DER,PUBLISHED_FITTED_CURVE_REFERENCE
BAT2AC_LOW_LOAD,138,0.16299172990691504,0.8982266493288719,22,198.6236572265625,103.00715637207031,SRC-B07-HTW-SAX-REFERENCE-2026,DER,PUBLISHED_FITTED_CURVE_REFERENCE
BAT2AC_LOW_LOAD,139,0.16399322060226507,0.8987769127860675,22,199.19570922851562,102.86726379394531,SRC-B07-HTW-SAX-REFERENCE-2026,DER,PUBLISHED_FITTED_CURVE_REFERENCE
BAT2AC_LOW_LOAD,140,0.16499471129761506,0.8993271762432632,22,199.76776123046875,102.72737121582031,SRC-B07-HTW-SAX-REFERENCE-2026,DER,PUBLISHED_FITTED_CURVE_REFERENCE
BAT2AC_LOW_LOAD,141,0.16599198125330478,0.8998679565387838,22,200.33740234375,102.58988952636719,SRC-B07-HTW-SAX-REFERENCE-2026,DER,PUBLISHED_FITTED_CURVE_REFERENCE
BAT2AC_LOW_LOAD,142,0.16699347194865477,0.9004087968543151,22,200.90945434570312,102.452392578125,SRC-B07-HTW-SAX-REFERENCE-2026,DER,PUBLISHED_FITTED_CURVE_REFERENCE
BAT2AC_LOW_LOAD,143,0.16799490921692048,0.9009400939881607,22,201.48147583007812,102.31732177734375,SRC-B07-HTW-SAX-REFERENCE-2026,DER,PUBLISHED_FITTED_CURVE_REFERENCE
BAT2AC_LOW_LOAD,144,0.16899217917261017,0.9014619079603311,22,202.05111694335938,102.18466186523438,SRC-B07-HTW-SAX-REFERENCE-2026,DER,PUBLISHED_FITTED_CURVE_REFERENCE
BAT2AC_LOW_LOAD,145,0.1699936698679602,0.9019837219325016,22,202.6231689453125,102.052001953125,SRC-B07-HTW-SAX-REFERENCE-2026,DER,PUBLISHED_FITTED_CURVE_REFERENCE
BAT2AC_LOW_LOAD,146,0.17099516056331018,0.9024959927229865,22,203.19522094726562,101.92176818847656,SRC-B07-HTW-SAX-REFERENCE-2026,DER,PUBLISHED_FITTED_CURVE_REFERENCE
BAT2AC_LOW_LOAD,147,0.1719923770919156,0.9030083835534926,22,203.76483154296875,101.79150390625,SRC-B07-HTW-SAX-REFERENCE-2026,DER,PUBLISHED_FITTED_CURVE_REFERENCE
BAT2AC_LOW_LOAD,148,0.17299386778726558,0.9035112312023129,22,204.33688354492188,101.66366577148438,SRC-B07-HTW-SAX-REFERENCE-2026,DER,PUBLISHED_FITTED_CURVE_REFERENCE
BAT2AC_LOW_LOAD,149,0.17399113774295527,0.9040140188311228,22,204.90652465820312,101.53584289550781,SRC-B07-HTW-SAX-REFERENCE-2026,DER,PUBLISHED_FITTED_CURVE_REFERENCE
BAT2AC_LOW_LOAD,150,0.1749926284383053,0.904497900156593,22,205.47857666015625,101.41282653808594,SRC-B07-HTW-SAX-REFERENCE-2026,DER,PUBLISHED_FITTED_CURVE_REFERENCE
BAT2AC_LOW_LOAD,151,0.175994065706571,0.9049912646437384,22,206.05059814453125,101.28739929199219,SRC-B07-HTW-SAX-REFERENCE-2026,DER,PUBLISHED_FITTED_CURVE_REFERENCE
BAT2AC_LOW_LOAD,152,0.1769913356622607,0.9054751459692086,22,206.6202392578125,101.16438293457031,SRC-B07-HTW-SAX-REFERENCE-2026,DER,PUBLISHED_FITTED_CURVE_REFERENCE
BAT2AC_LOW_LOAD,153,0.1779928263576107,0.9059495441330039,22,207.19229125976562,101.04377746582031,SRC-B07-HTW-SAX-REFERENCE-2026,DER,PUBLISHED_FITTED_CURVE_REFERENCE
BAT2AC_LOW_LOAD,154,0.1789943170529607,0.9064238822767885,22,207.76434326171875,100.92318725585938,SRC-B07-HTW-SAX-REFERENCE-2026,DER,PUBLISHED_FITTED_CURVE_REFERENCE
BAT2AC_LOW_LOAD,155,0.1799915335815661,0.9068887972789087,22,208.33395385742188,100.80499267578125,SRC-B07-HTW-SAX-REFERENCE-2026,DER,PUBLISHED_FITTED_CURVE_REFERENCE
BAT2AC_LOW_LOAD,156,0.1809930242769161,0.9073536522610183,22,208.906005859375,100.68681335449219,SRC-B07-HTW-SAX-REFERENCE-2026,DER,PUBLISHED_FITTED_CURVE_REFERENCE
BAT2AC_LOW_LOAD,157,0.18199451497226612,0.9078090841014634,22,209.47805786132812,100.57102966308594,SRC-B07-HTW-SAX-REFERENCE-2026,DER,PUBLISHED_FITTED_CURVE_REFERENCE
BAT2AC_LOW_LOAD,158,0.1829917315008715,0.9082645159419085,22,210.04766845703125,100.45524597167969,SRC-B07-HTW-SAX-REFERENCE-2026,DER,PUBLISHED_FITTED_CURVE_REFERENCE
BAT2AC_LOW_LOAD,159,0.18399322219622152,0.908719887762343,22,210.61972045898438,100.3394775390625,SRC-B07-HTW-SAX-REFERENCE-2026,DER,PUBLISHED_FITTED_CURVE_REFERENCE
BAT2AC_LOW_LOAD,160,0.18499471289157152,0.909165836441113,22,211.1917724609375,100.22610473632812,SRC-B07-HTW-SAX-REFERENCE-2026,DER,PUBLISHED_FITTED_CURVE_REFERENCE
BAT2AC_LOW_LOAD,161,0.1859919828472612,0.9096022419381975,22,211.76141357421875,100.11515808105469,SRC-B07-HTW-SAX-REFERENCE-2026,DER,PUBLISHED_FITTED_CURVE_REFERENCE
BAT2AC_LOW_LOAD,162,0.18699347354261123,0.9100386474352818,22,212.33346557617188,100.00421142578125,SRC-B07-HTW-SAX-REFERENCE-2026,DER,PUBLISHED_FITTED_CURVE_REFERENCE
BAT2AC_LOW_LOAD,163,0.1879906900712166,0.9104750529323663,22,212.903076171875,99.89326477050781,SRC-B07-HTW-SAX-REFERENCE-2026,DER,PUBLISHED_FITTED_CURVE_REFERENCE
BAT2AC_LOW_LOAD,164,0.18899218076656663,0.9109020352877862,22,213.47512817382812,99.78471374511719,SRC-B07-HTW-SAX-REFERENCE-2026,DER,PUBLISHED_FITTED_CURVE_REFERENCE
BAT2AC_LOW_LOAD,165,0.18999367146191665,0.9113194744615205,22,214.04718017578125,99.6785888671875,SRC-B07-HTW-SAX-REFERENCE-2026,DER,PUBLISHED_FITTED_CURVE_REFERENCE
BAT2AC_LOW_LOAD,166,0.19099088799052202,0.9117464568169404,22,214.61679077148438,99.57003784179688,SRC-B07-HTW-SAX-REFERENCE-2026,DER,PUBLISHED_FITTED_CURVE_REFERENCE
BAT2AC_LOW_LOAD,167,0.19199237868587204,0.9121544128289997,22,215.1888427734375,99.46632385253906,SRC-B07-HTW-SAX-REFERENCE-2026,DER,PUBLISHED_FITTED_CURVE_REFERENCE
BAT2AC_LOW_LOAD,168,0.19299386938122204,0.9125718520027339,22,215.76089477539062,99.36019897460938,SRC-B07-HTW-SAX-REFERENCE-2026,DER,PUBLISHED_FITTED_CURVE_REFERENCE
BAT2AC_LOW_LOAD,169,0.19399113933691173,0.9129798080147933,22,216.33053588867188,99.25648498535156,SRC-B07-HTW-SAX-REFERENCE-2026,DER,PUBLISHED_FITTED_CURVE_REFERENCE
BAT2AC_LOW_LOAD,170,0.19499257660517744,0.913378340885188,22,216.90255737304688,99.15516662597656,SRC-B07-HTW-SAX-REFERENCE-2026,DER,PUBLISHED_FITTED_CURVE_REFERENCE
BAT2AC_LOW_LOAD,171,0.19599406730052746,0.9137862368772366,22,217.474609375,99.05146789550781,SRC-B07-HTW-SAX-REFERENCE-2026,DER,PUBLISHED_FITTED_CURVE_REFERENCE
BAT2AC_LOW_LOAD,172,0.19699133725621715,0.9141752265659457,22,218.04425048828125,98.95257568359375,SRC-B07-HTW-SAX-REFERENCE-2026,DER,PUBLISHED_FITTED_CURVE_REFERENCE
BAT2AC_LOW_LOAD,173,0.19799282795156717,0.9145736994163299,22,218.61630249023438,98.85127258300781,SRC-B07-HTW-SAX-REFERENCE-2026,DER,PUBLISHED_FITTED_CURVE_REFERENCE
BAT2AC_LOW_LOAD,174,0.19899431864691716,0.9149626891050391,22,219.1883544921875,98.75238037109375,SRC-B07-HTW-SAX-REFERENCE-2026,DER,PUBLISHED_FITTED_CURVE_REFERENCE
BAT2AC_LOW_LOAD,175,0.19999153517552254,0.9153421956320731,22,219.75796508789062,98.65589904785156,SRC-B07-HTW-SAX-REFERENCE-2026,DER,PUBLISHED_FITTED_CURVE_REFERENCE
BAT2AC_LOW_LOAD,176,0.20099302587087256,0.9157311853207822,22,220.33001708984375,98.5570068359375,SRC-B07-HTW-SAX-REFERENCE-2026,DER,PUBLISHED_FITTED_CURVE_REFERENCE
BAT2AC_LOW_LOAD,177,0.20199029582656225,0.9161106918478163,22,220.899658203125,98.46052551269531,SRC-B07-HTW-SAX-REFERENCE-2026,DER,PUBLISHED_FITTED_CURVE_REFERENCE
BAT2AC_LOW_LOAD,178,0.20299173309482796,0.9164807752331859,22,221.4716796875,98.36643981933594,SRC-B07-HTW-SAX-REFERENCE-2026,DER,PUBLISHED_FITTED_CURVE_REFERENCE
BAT2AC_LOW_LOAD,179,0.20399322379017798,0.9168507985985449,22,222.04373168945312,98.27236938476562,SRC-B07-HTW-SAX-REFERENCE-2026,DER,PUBLISHED_FITTED_CURVE_REFERENCE
BAT2AC_LOW_LOAD,180,0.20499049374586767,0.9172207619438933,22,222.61337280273438,98.17831420898438,SRC-B07-HTW-SAX-REFERENCE-2026,DER,PUBLISHED_FITTED_CURVE_REFERENCE
BAT2AC_LOW_LOAD,181,0.20599198444121766,0.9175907853092523,22,223.1854248046875,98.08424377441406,SRC-B07-HTW-SAX-REFERENCE-2026,DER,PUBLISHED_FITTED_CURVE_REFERENCE
BAT2AC_LOW_LOAD,182,0.20699342170948337,0.9179513255129363,22,223.7574462890625,97.99258422851562,SRC-B07-HTW-SAX-REFERENCE-2026,DER,PUBLISHED_FITTED_CURVE_REFERENCE
BAT2AC_LOW_LOAD,183,0.20799069166517306,0.9183023825549452,22,224.32708740234375,97.90333557128906,SRC-B07-HTW-SAX-REFERENCE-2026,DER,PUBLISHED_FITTED_CURVE_REFERENCE
BAT2AC_LOW_LOAD,184,0.20899218236052308,0.9186628627386185,22,224.89913940429688,97.81169128417969,SRC-B07-HTW-SAX-REFERENCE-2026,DER,PUBLISHED_FITTED_CURVE_REFERENCE
BAT2AC_LOW_LOAD,185,0.2099936730558731,0.9190139197806274,22,225.47119140625,97.72244262695312,SRC-B07-HTW-SAX-REFERENCE-2026,DER,PUBLISHED_FITTED_CURVE_REFERENCE
BAT2AC_LOW_LOAD,186,0.21099088958447848,0.9193649768226363,22,226.04080200195312,97.63319396972656,SRC-B07-HTW-SAX-REFERENCE-2026,DER,PUBLISHED_FITTED_CURVE_REFERENCE
BAT2AC_LOW_LOAD,187,0.2119923802798285,0.9197064906829595,22,226.61285400390625,97.54637145996094,SRC-B07-HTW-SAX-REFERENCE-2026,DER,PUBLISHED_FITTED_CURVE_REFERENCE
BAT2AC_LOW_LOAD,188,0.2129896502355182,0.9200480645632934,22,227.1824951171875,97.45953369140625,SRC-B07-HTW-SAX-REFERENCE-2026,DER,PUBLISHED_FITTED_CURVE_REFERENCE
BAT2AC_LOW_LOAD,189,0.21399108750378387,0.9203895784236167,22,227.7545166015625,97.37271118164062,SRC-B07-HTW-SAX-REFERENCE-2026,DER,PUBLISHED_FITTED_CURVE_REFERENCE
BAT2AC_LOW_LOAD,190,0.2149925781991339,0.9207311523039504,22,228.32656860351562,97.28587341308594,SRC-B07-HTW-SAX-REFERENCE-2026,DER,PUBLISHED_FITTED_CURVE_REFERENCE
BAT2AC_LOW_LOAD,191,0.21598984815482358,0.9210633030426199,22,228.89620971679688,97.20143127441406,SRC-B07-HTW-SAX-REFERENCE-2026,DER,PUBLISHED_FITTED_CURVE_REFERENCE
BAT2AC_LOW_LOAD,192,0.2169913388501736,0.9213952737212574,22,229.46826171875,97.11703491210938,SRC-B07-HTW-SAX-REFERENCE-2026,DER,PUBLISHED_FITTED_CURVE_REFERENCE
BAT2AC_LOW_LOAD,193,0.21799282954552363,0.9217179412982518,22,230.04031372070312,97.03500366210938,SRC-B07-HTW-SAX-REFERENCE-2026,DER,PUBLISHED_FITTED_CURVE_REFERENCE
BAT2AC_LOW_LOAD,194,0.21899009950121331,0.9220499719969,22,230.60995483398438,96.95059204101562,SRC-B07-HTW-SAX-REFERENCE-2026,DER,PUBLISHED_FITTED_CURVE_REFERENCE
BAT2AC_LOW_LOAD,195,0.219991536769479,0.9223725795538836,22,231.18197631835938,96.86857604980469,SRC-B07-HTW-SAX-REFERENCE-2026,DER,PUBLISHED_FITTED_CURVE_REFERENCE
BAT2AC_LOW_LOAD,196,0.22099302746482902,0.9226856439291817,22,231.7540283203125,96.78898620605469,SRC-B07-HTW-SAX-REFERENCE-2026,DER,PUBLISHED_FITTED_CURVE_REFERENCE
BAT2AC_LOW_LOAD,197,0.2219902974205187,0.9230081914661549,22,232.32366943359375,96.70698547363281,SRC-B07-HTW-SAX-REFERENCE-2026,DER,PUBLISHED_FITTED_CURVE_REFERENCE
BAT2AC_LOW_LOAD,198,0.22299178811586873,0.9233213158614635,22,232.89572143554688,96.62738037109375,SRC-B07-HTW-SAX-REFERENCE-2026,DER,PUBLISHED_FITTED_CURVE_REFERENCE
BAT2AC_LOW_LOAD,199,0.22399322538413444,0.9236343802367616,22,233.46774291992188,96.54779052734375,SRC-B07-HTW-SAX-REFERENCE-2026,DER,PUBLISHED_FITTED_CURVE_REFERENCE
BAT2AC_LOW_LOAD,200,0.22499049533982413,0.9239379614503846,22,234.03738403320312,96.47061157226562,SRC-B07-HTW-SAX-REFERENCE-2026,DER,PUBLISHED_FITTED_CURVE_REFERENCE
BAT2AC_LOW_LOAD,201,0.22599198603517412,0.9242510858456933,22,234.60943603515625,96.39100646972656,SRC-B07-HTW-SAX-REFERENCE-2026,DER,PUBLISHED_FITTED_CURVE_REFERENCE
BAT2AC_LOW_LOAD,202,0.22698920256377952,0.9245546670593163,22,235.17904663085938,96.31382751464844,SRC-B07-HTW-SAX-REFERENCE-2026,DER,PUBLISHED_FITTED_CURVE_REFERENCE
BAT2AC_LOW_LOAD,203,0.22799069325912952,0.9248582482729393,22,235.7510986328125,96.23664855957031,SRC-B07-HTW-SAX-REFERENCE-2026,DER,PUBLISHED_FITTED_CURVE_REFERENCE
BAT2AC_LOW_LOAD,204,0.22899218395447954,0.9251524063448978,22,236.32315063476562,96.161865234375,SRC-B07-HTW-SAX-REFERENCE-2026,DER,PUBLISHED_FITTED_CURVE_REFERENCE
BAT2AC_LOW_LOAD,205,0.22998945391016923,0.9254559875585209,22,236.89279174804688,96.08468627929688,SRC-B07-HTW-SAX-REFERENCE-2026,DER,PUBLISHED_FITTED_CURVE_REFERENCE
BAT2AC_LOW_LOAD,206,0.23099089117843494,0.9257500856104688,22,237.46481323242188,96.00991821289062,SRC-B07-HTW-SAX-REFERENCE-2026,DER,PUBLISHED_FITTED_CURVE_REFERENCE
BAT2AC_LOW_LOAD,207,0.23199238187378496,0.9260347005007417,22,238.036865234375,95.93756103515625,SRC-B07-HTW-SAX-REFERENCE-2026,DER,PUBLISHED_FITTED_CURVE_REFERENCE
BAT2AC_LOW_LOAD,208,0.23298965182947465,0.9263289185927108,22,238.60650634765625,95.86276245117188,SRC-B07-HTW-SAX-REFERENCE-2026,DER,PUBLISHED_FITTED_CURVE_REFERENCE
BAT2AC_LOW_LOAD,209,0.23399114252482464,0.9266135334829838,22,239.17855834960938,95.7904052734375,SRC-B07-HTW-SAX-REFERENCE-2026,DER,PUBLISHED_FITTED_CURVE_REFERENCE
BAT2AC_LOW_LOAD,210,0.23499257979309035,0.9268981483732567,22,239.75057983398438,95.71804809570312,SRC-B07-HTW-SAX-REFERENCE-2026,DER,PUBLISHED_FITTED_CURVE_REFERENCE
BAT2AC_LOW_LOAD,211,0.23598984974878004,0.9271827632635296,22,240.32022094726562,95.64569091796875,SRC-B07-HTW-SAX-REFERENCE-2026,DER,PUBLISHED_FITTED_CURVE_REFERENCE
BAT2AC_LOW_LOAD,212,0.23699134044413006,0.9274673781538024,22,240.89227294921875,95.57333374023438,SRC-B07-HTW-SAX-REFERENCE-2026,DER,PUBLISHED_FITTED_CURVE_REFERENCE
BAT2AC_LOW_LOAD,213,0.23798855697273544,0.9277425098824003,22,241.46188354492188,95.50338745117188,SRC-B07-HTW-SAX-REFERENCE-2026,DER,PUBLISHED_FITTED_CURVE_REFERENCE
BAT2AC_LOW_LOAD,214,0.23899004766808546,0.9280176416109982,22,242.033935546875,95.43344116210938,SRC-B07-HTW-SAX-REFERENCE-2026,DER,PUBLISHED_FITTED_CURVE_REFERENCE
BAT2AC_LOW_LOAD,215,0.23999153836343545,0.928292773339596,22,242.60598754882812,95.36349487304688,SRC-B07-HTW-SAX-REFERENCE-2026,DER,PUBLISHED_FITTED_CURVE_REFERENCE
BAT2AC_LOW_LOAD,216,0.24098880831912517,0.9285679650882044,22,243.17562866210938,95.29353332519531,SRC-B07-HTW-SAX-REFERENCE-2026,DER,PUBLISHED_FITTED_CURVE_REFERENCE
BAT2AC_LOW_LOAD,217,0.24199029901447516,0.9288336136551272,22,243.7476806640625,95.22599792480469,SRC-B07-HTW-SAX-REFERENCE-2026,DER,PUBLISHED_FITTED_CURVE_REFERENCE
BAT2AC_LOW_LOAD,218,0.24299178970982518,0.92909926222205,22,244.31973266601562,95.15846252441406,SRC-B07-HTW-SAX-REFERENCE-2026,DER,PUBLISHED_FITTED_CURVE_REFERENCE
BAT2AC_LOW_LOAD,219,0.24398900623843056,0.9293649107889728,22,244.88934326171875,95.09092712402344,SRC-B07-HTW-SAX-REFERENCE-2026,DER,PUBLISHED_FITTED_CURVE_REFERENCE
BAT2AC_LOW_LOAD,220,0.24499049693378058,0.9296305593558956,22,245.46139526367188,95.02339172363281,SRC-B07-HTW-SAX-REFERENCE-2026,DER,PUBLISHED_FITTED_CURVE_REFERENCE
BAT2AC_LOW_LOAD,221,0.24599198762913058,0.9298962079228184,22,246.033447265625,94.95585632324219,SRC-B07-HTW-SAX-REFERENCE-2026,DER,PUBLISHED_FITTED_CURVE_REFERENCE
BAT2AC_LOW_LOAD,222,0.2469892575848203,0.9301523733280661,22,246.60308837890625,94.89073181152344,SRC-B07-HTW-SAX-REFERENCE-2026,DER,PUBLISHED_FITTED_CURVE_REFERENCE
BAT2AC_LOW_LOAD,223,0.24799069485308597,0.9304085387333139,22,247.17510986328125,94.82560729980469,SRC-B07-HTW-SAX-REFERENCE-2026,DER,PUBLISHED_FITTED_CURVE_REFERENCE
BAT2AC_LOW_LOAD,224,0.248992185548436,0.9306646441185509,22,247.74716186523438,94.760498046875,SRC-B07-HTW-SAX-REFERENCE-2026,DER,PUBLISHED_FITTED_CURVE_REFERENCE
BAT2AC_LOW_LOAD,225,0.24998945550412568,0.9309208095237986,22,248.31680297851562,94.69537353515625,SRC-B07-HTW-SAX-REFERENCE-2026,DER,PUBLISHED_FITTED_CURVE_REFERENCE
BAT2AC_LOW_LOAD,226,0.2509908927723914,0.9311674917673713,22,248.88882446289062,94.63265991210938,SRC-B07-HTW-SAX-REFERENCE-2026,DER,PUBLISHED_FITTED_CURVE_REFERENCE
BAT2AC_LOW_LOAD,227,0.2519881627280811,0.9314236571726191,22,249.45846557617188,94.56753540039062,SRC-B07-HTW-SAX-REFERENCE-2026,DER,PUBLISHED_FITTED_CURVE_REFERENCE
BAT2AC_LOW_LOAD,228,0.2529896534234311,0.9316703394161917,22,250.030517578125,94.50482177734375,SRC-B07-HTW-SAX-REFERENCE-2026,DER,PUBLISHED_FITTED_CURVE_REFERENCE
BAT2AC_LOW_LOAD,229,0.2539911441187811,0.9319170216597644,22,250.60256958007812,94.44210815429688,SRC-B07-HTW-SAX-REFERENCE-2026,DER,PUBLISHED_FITTED_CURVE_REFERENCE
BAT2AC_LOW_LOAD,230,0.2549883606473865,0.9321542807616726,22,251.17218017578125,94.38179016113281,SRC-B07-HTW-SAX-REFERENCE-2026,DER,PUBLISHED_FITTED_CURVE_REFERENCE
BAT2AC_LOW_LOAD,231,0.2559898513427365,0.9324009630052453,22,251.74423217773438,94.31907653808594,SRC-B07-HTW-SAX-REFERENCE-2026,DER,PUBLISHED_FITTED_CURVE_REFERENCE
BAT2AC_LOW_LOAD,232,0.2569913420380865,0.9326381020671323,22,252.3162841796875,94.2587890625,SRC-B07-HTW-SAX-REFERENCE-2026,DER,PUBLISHED_FITTED_CURVE_REFERENCE
BAT2AC_LOW_LOAD,233,0.2579885585666919,0.932884784310705,22,252.88589477539062,94.19607543945312,SRC-B07-HTW-SAX-REFERENCE-2026,DER,PUBLISHED_FITTED_CURVE_REFERENCE
BAT2AC_LOW_LOAD,234,0.2589900492620419,0.9331219833926025,22,253.45794677734375,94.13577270507812,SRC-B07-HTW-SAX-REFERENCE-2026,DER,PUBLISHED_FITTED_CURVE_REFERENCE
BAT2AC_LOW_LOAD,235,0.25999153995739194,0.9333496993128252,22,254.02999877929688,94.077880859375,SRC-B07-HTW-SAX-REFERENCE-2026,DER,PUBLISHED_FITTED_CURVE_REFERENCE
BAT2AC_LOW_LOAD,236,0.2609888099130816,0.9335868983947228,22,254.59963989257812,94.017578125,SRC-B07-HTW-SAX-REFERENCE-2026,DER,PUBLISHED_FITTED_CURVE_REFERENCE
BAT2AC_LOW_LOAD,237,0.26199024718134734,0.9338145542949348,22,255.17166137695312,93.95970153808594,SRC-B07-HTW-SAX-REFERENCE-2026,DER,PUBLISHED_FITTED_CURVE_REFERENCE
BAT2AC_LOW_LOAD,238,0.262987517137037,0.9340517533768323,22,255.74130249023438,93.89939880371094,SRC-B07-HTW-SAX-REFERENCE-2026,DER,PUBLISHED_FITTED_CURVE_REFERENCE
BAT2AC_LOW_LOAD,239,0.26398900783238705,0.9342794692970549,22,256.3133544921875,93.84150695800781,SRC-B07-HTW-SAX-REFERENCE-2026,DER,PUBLISHED_FITTED_CURVE_REFERENCE
BAT2AC_LOW_LOAD,240,0.26499049852773704,0.9345071852172775,22,256.8854064941406,93.78361511230469,SRC-B07-HTW-SAX-REFERENCE-2026,DER,PUBLISHED_FITTED_CURVE_REFERENCE
BAT2AC_LOW_LOAD,241,0.26598771505634244,0.9347348411174894,22,257.45501708984375,93.72573852539062,SRC-B07-HTW-SAX-REFERENCE-2026,DER,PUBLISHED_FITTED_CURVE_REFERENCE
BAT2AC_LOW_LOAD,242,0.26698920575169244,0.9349530738760369,22,258.0270690917969,93.67025756835938,SRC-B07-HTW-SAX-REFERENCE-2026,DER,PUBLISHED_FITTED_CURVE_REFERENCE
BAT2AC_LOW_LOAD,243,0.26799069644704243,0.9351807897962595,22,258.59912109375,93.61236572265625,SRC-B07-HTW-SAX-REFERENCE-2026,DER,PUBLISHED_FITTED_CURVE_REFERENCE
BAT2AC_LOW_LOAD,244,0.26898796640273215,0.9353989625347964,22,259.16876220703125,93.55690002441406,SRC-B07-HTW-SAX-REFERENCE-2026,DER,PUBLISHED_FITTED_CURVE_REFERENCE
BAT2AC_LOW_LOAD,245,0.26998945709808214,0.9356171952933439,22,259.7408142089844,93.50141906738281,SRC-B07-HTW-SAX-REFERENCE-2026,DER,PUBLISHED_FITTED_CURVE_REFERENCE
BAT2AC_LOW_LOAD,246,0.27099094779343214,0.9358354280518913,22,260.3128662109375,93.44593811035156,SRC-B07-HTW-SAX-REFERENCE-2026,DER,PUBLISHED_FITTED_CURVE_REFERENCE
BAT2AC_LOW_LOAD,247,0.27198816432203754,0.9360536007904283,22,260.8824768066406,93.39047241210938,SRC-B07-HTW-SAX-REFERENCE-2026,DER,PUBLISHED_FITTED_CURVE_REFERENCE
BAT2AC_LOW_LOAD,248,0.27298965501738753,0.9362623503873008,22,261.45452880859375,93.33740234375,SRC-B07-HTW-SAX-REFERENCE-2026,DER,PUBLISHED_FITTED_CURVE_REFERENCE
BAT2AC_LOW_LOAD,249,0.2739911457127376,0.9364805831458483,22,262.0265808105469,93.28192138671875,SRC-B07-HTW-SAX-REFERENCE-2026,DER,PUBLISHED_FITTED_CURVE_REFERENCE
BAT2AC_LOW_LOAD,250,0.27498836224134293,0.9366892727227101,22,262.59619140625,93.22886657714844,SRC-B07-HTW-SAX-REFERENCE-2026,DER,PUBLISHED_FITTED_CURVE_REFERENCE
BAT2AC_LOW_LOAD,251,0.275989852936693,0.9368980223195825,22,263.1682434082031,93.17579650878906,SRC-B07-HTW-SAX-REFERENCE-2026,DER,PUBLISHED_FITTED_CURVE_REFERENCE
BAT2AC_LOW_LOAD,252,0.27698712289238264,0.9371067118964443,22,263.7378845214844,93.12274169921875,SRC-B07-HTW-SAX-REFERENCE-2026,DER,PUBLISHED_FITTED_CURVE_REFERENCE
BAT2AC_LOW_LOAD,253,0.27798861358773264,0.9373155215133274,22,264.3099365234375,93.06965637207031,SRC-B07-HTW-SAX-REFERENCE-2026,DER,PUBLISHED_FITTED_CURVE_REFERENCE
BAT2AC_LOW_LOAD,254,0.2789900508559984,0.9375242711101999,22,264.8819580078125,93.01658630371094,SRC-B07-HTW-SAX-REFERENCE-2026,DER,PUBLISHED_FITTED_CURVE_REFERENCE
BAT2AC_LOW_LOAD,255,0.27998732081168803,0.9377234775253867,22,265.45159912109375,92.9659423828125,SRC-B07-HTW-SAX-REFERENCE-2026,DER,PUBLISHED_FITTED_CURVE_REFERENCE
BAT2AC_LOW_LOAD,256,0.2809888115070381,0.9379322271222591,22,266.0236511230469,92.91287231445312,SRC-B07-HTW-SAX-REFERENCE-2026,DER,PUBLISHED_FITTED_CURVE_REFERENCE
BAT2AC_LOW_LOAD,257,0.28199024877530376,0.9381314335374459,22,266.5956726074219,92.86222839355469,SRC-B07-HTW-SAX-REFERENCE-2026,DER,PUBLISHED_FITTED_CURVE_REFERENCE
BAT2AC_LOW_LOAD,258,0.2829875187309935,0.9383306999726433,22,267.1653137207031,92.81156921386719,SRC-B07-HTW-SAX-REFERENCE-2026,DER,PUBLISHED_FITTED_CURVE_REFERENCE
BAT2AC_LOW_LOAD,259,0.2839890094263435,0.9385299063878301,22,267.73736572265625,92.76092529296875,SRC-B07-HTW-SAX-REFERENCE-2026,DER,PUBLISHED_FITTED_CURVE_REFERENCE
BAT2AC_LOW_LOAD,260,0.28499050012169347,0.9387291728230275,22,268.3094177246094,92.71026611328125,SRC-B07-HTW-SAX-REFERENCE-2026,DER,PUBLISHED_FITTED_CURVE_REFERENCE
BAT2AC_LOW_LOAD,261,0.2859877166502989,0.9389188960765391,22,268.8790283203125,92.66203308105469,SRC-B07-HTW-SAX-REFERENCE-2026,DER,PUBLISHED_FITTED_CURVE_REFERENCE
BAT2AC_LOW_LOAD,262,0.28698920734564887,0.9391181625117365,22,269.4510803222656,92.61137390136719,SRC-B07-HTW-SAX-REFERENCE-2026,DER,PUBLISHED_FITTED_CURVE_REFERENCE
BAT2AC_LOW_LOAD,263,0.2879864773013386,0.9393078857652483,22,270.0207214355469,92.56314086914062,SRC-B07-HTW-SAX-REFERENCE-2026,DER,PUBLISHED_FITTED_CURVE_REFERENCE
BAT2AC_LOW_LOAD,264,0.2889879679966886,0.9395071522004457,22,270.5927734375,92.51248168945312,SRC-B07-HTW-SAX-REFERENCE-2026,DER,PUBLISHED_FITTED_CURVE_REFERENCE
BAT2AC_LOW_LOAD,265,0.2899894052649543,0.9396968754539574,22,271.164794921875,92.46424865722656,SRC-B07-HTW-SAX-REFERENCE-2026,DER,PUBLISHED_FITTED_CURVE_REFERENCE
BAT2AC_LOW_LOAD,266,0.290986675220644,0.9398865987074692,22,271.73443603515625,92.416015625,SRC-B07-HTW-SAX-REFERENCE-2026,DER,PUBLISHED_FITTED_CURVE_REFERENCE
BAT2AC_LOW_LOAD,267,0.29198816591599397,0.9400763819809915,22,272.3064880371094,92.36776733398438,SRC-B07-HTW-SAX-REFERENCE-2026,DER,PUBLISHED_FITTED_CURVE_REFERENCE
BAT2AC_LOW_LOAD,268,0.2929896031842597,0.9402566220728281,22,272.8785095214844,92.32194519042969,SRC-B07-HTW-SAX-REFERENCE-2026,DER,PUBLISHED_FITTED_CURVE_REFERENCE
BAT2AC_LOW_LOAD,269,0.29398687313994937,0.9404464053463505,22,273.4481506347656,92.27369689941406,SRC-B07-HTW-SAX-REFERENCE-2026,DER,PUBLISHED_FITTED_CURVE_REFERENCE
BAT2AC_LOW_LOAD,270,0.2949883638352994,0.9406266454381872,22,274.02020263671875,92.22787475585938,SRC-B07-HTW-SAX-REFERENCE-2026,DER,PUBLISHED_FITTED_CURVE_REFERENCE
BAT2AC_LOW_LOAD,271,0.2959898545306494,0.9408164287117095,22,274.5922546386719,92.17962646484375,SRC-B07-HTW-SAX-REFERENCE-2026,DER,PUBLISHED_FITTED_CURVE_REFERENCE
BAT2AC_LOW_LOAD,272,0.2969871244863391,0.9409966688035462,22,275.1618957519531,92.13380432128906,SRC-B07-HTW-SAX-REFERENCE-2026,DER,PUBLISHED_FITTED_CURVE_REFERENCE
BAT2AC_LOW_LOAD,273,0.2979886151816891,0.9411769088953829,22,275.73394775390625,92.08798217773438,SRC-B07-HTW-SAX-REFERENCE-2026,DER,PUBLISHED_FITTED_CURVE_REFERENCE
BAT2AC_LOW_LOAD,274,0.2989900524499548,0.9413572090072301,22,276.30596923828125,92.04214477539062,SRC-B07-HTW-SAX-REFERENCE-2026,DER,PUBLISHED_FITTED_CURVE_REFERENCE
BAT2AC_LOW_LOAD,275,0.2999873224056445,0.9415374490990668,22,276.8756103515625,91.99632263183594,SRC-B07-HTW-SAX-REFERENCE-2026,DER,PUBLISHED_FITTED_CURVE_REFERENCE
BAT2AC_LOW_LOAD,276,0.3009888131009945,0.9417176891909035,22,277.4476623535156,91.95050048828125,SRC-B07-HTW-SAX-REFERENCE-2026,DER,PUBLISHED_FITTED_CURVE_REFERENCE
BAT2AC_LOW_LOAD,277,0.30198608305668423,0.9418885061410757,22,278.0173034667969,91.90707397460938,SRC-B07-HTW-SAX-REFERENCE-2026,DER,PUBLISHED_FITTED_CURVE_REFERENCE
BAT2AC_LOW_LOAD,278,0.3029875203249499,0.9420687462329124,22,278.5893249511719,91.86125183105469,SRC-B07-HTW-SAX-REFERENCE-2026,DER,PUBLISHED_FITTED_CURVE_REFERENCE
BAT2AC_LOW_LOAD,279,0.30398901102029996,0.9422395031630739,22,279.161376953125,91.81784057617188,SRC-B07-HTW-SAX-REFERENCE-2026,DER,PUBLISHED_FITTED_CURVE_REFERENCE
BAT2AC_LOW_LOAD,280,0.3049862809759896,0.9424198632949319,22,279.73101806640625,91.77198791503906,SRC-B07-HTW-SAX-REFERENCE-2026,DER,PUBLISHED_FITTED_CURVE_REFERENCE
BAT2AC_LOW_LOAD,281,0.3059877182442553,0.9425906202250934,22,280.30303955078125,91.72857666015625,SRC-B07-HTW-SAX-REFERENCE-2026,DER,PUBLISHED_FITTED_CURVE_REFERENCE
BAT2AC_LOW_LOAD,282,0.30698920893960535,0.9427613171352445,22,280.8750915527344,91.6851806640625,SRC-B07-HTW-SAX-REFERENCE-2026,DER,PUBLISHED_FITTED_CURVE_REFERENCE
BAT2AC_LOW_LOAD,283,0.307986478895295,0.9429321941054273,22,281.4447326660156,91.64173889160156,SRC-B07-HTW-SAX-REFERENCE-2026,DER,PUBLISHED_FITTED_CURVE_REFERENCE
BAT2AC_LOW_LOAD,284,0.30898796959064506,0.9430934678739139,22,282.01678466796875,91.60073852539062,SRC-B07-HTW-SAX-REFERENCE-2026,DER,PUBLISHED_FITTED_CURVE_REFERENCE
BAT2AC_LOW_LOAD,285,0.30998940685891074,0.9432642248040755,22,282.58880615234375,91.55732727050781,SRC-B07-HTW-SAX-REFERENCE-2026,DER,PUBLISHED_FITTED_CURVE_REFERENCE
BAT2AC_LOW_LOAD,286,0.31098667681460046,0.9434349817342371,22,283.158447265625,91.513916015625,SRC-B07-HTW-SAX-REFERENCE-2026,DER,PUBLISHED_FITTED_CURVE_REFERENCE
BAT2AC_LOW_LOAD,287,0.31198816750995045,0.9435963155227343,22,283.7304992675781,91.472900390625,SRC-B07-HTW-SAX-REFERENCE-2026,DER,PUBLISHED_FITTED_CURVE_REFERENCE
BAT2AC_LOW_LOAD,288,0.31298538403855586,0.9437670724528959,22,284.30010986328125,91.42948913574219,SRC-B07-HTW-SAX-REFERENCE-2026,DER,PUBLISHED_FITTED_CURVE_REFERENCE
BAT2AC_LOW_LOAD,289,0.31398687473390585,0.9439283462213824,22,284.8721618652344,91.38848876953125,SRC-B07-HTW-SAX-REFERENCE-2026,DER,PUBLISHED_FITTED_CURVE_REFERENCE
BAT2AC_LOW_LOAD,290,0.31498836542925585,0.944089619989869,22,285.4442138671875,91.34748840332031,SRC-B07-HTW-SAX-REFERENCE-2026,DER,PUBLISHED_FITTED_CURVE_REFERENCE
BAT2AC_LOW_LOAD,291,0.31598563538494556,0.9442509537783662,22,286.01385498046875,91.30647277832031,SRC-B07-HTW-SAX-REFERENCE-2026,DER,PUBLISHED_FITTED_CURVE_REFERENCE
BAT2AC_LOW_LOAD,292,0.31698707265321124,0.9444122275468527,22,286.58587646484375,91.26547241210938,SRC-B07-HTW-SAX-REFERENCE-2026,DER,PUBLISHED_FITTED_CURVE_REFERENCE
BAT2AC_LOW_LOAD,293,0.3179885633485613,0.9445735013153393,22,287.1579284667969,91.22447204589844,SRC-B07-HTW-SAX-REFERENCE-2026,DER,PUBLISHED_FITTED_CURVE_REFERENCE
BAT2AC_LOW_LOAD,294,0.31898583330425095,0.9447347750838259,22,287.7275695800781,91.1834716796875,SRC-B07-HTW-SAX-REFERENCE-2026,DER,PUBLISHED_FITTED_CURVE_REFERENCE
BAT2AC_LOW_LOAD,295,0.31998732399960095,0.9448865656906373,22,288.29962158203125,91.14488220214844,SRC-B07-HTW-SAX-REFERENCE-2026,DER,PUBLISHED_FITTED_CURVE_REFERENCE
BAT2AC_LOW_LOAD,296,0.320988814694951,0.9450478994791345,22,288.8716735839844,91.10386657714844,SRC-B07-HTW-SAX-REFERENCE-2026,DER,PUBLISHED_FITTED_CURVE_REFERENCE
BAT2AC_LOW_LOAD,297,0.32198608465064066,0.9451996900859461,22,289.4413146972656,91.06527709960938,SRC-B07-HTW-SAX-REFERENCE-2026,DER,PUBLISHED_FITTED_CURVE_REFERENCE
BAT2AC_LOW_LOAD,298,0.3229875219189064,0.9453609638544326,22,290.0133361816406,91.02427673339844,SRC-B07-HTW-SAX-REFERENCE-2026,DER,PUBLISHED_FITTED_CURVE_REFERENCE
BAT2AC_LOW_LOAD,299,0.32398479187459606,0.945512754461244,22,290.5829772949219,90.98568725585938,SRC-B07-HTW-SAX-REFERENCE-2026,DER,PUBLISHED_FITTED_CURVE_REFERENCE
BAT2AC_LOW_LOAD,300,0.3249862825699461,0.9456645450680556,22,291.155029296875,90.94709777832031,SRC-B07-HTW-SAX-REFERENCE-2026,DER,PUBLISHED_FITTED_CURVE_REFERENCE
BAT2AC_LOW_LOAD,301,0.3259877732652961,0.9458163356748671,22,291.7270812988281,90.90850830078125,SRC-B07-HTW-SAX-REFERENCE-2026,DER,PUBLISHED_FITTED_CURVE_REFERENCE
BAT2AC_LOW_LOAD,302,0.3269849897939015,0.9459681863016892,22,292.29669189453125,90.86990356445312,SRC-B07-HTW-SAX-REFERENCE-2026,DER,PUBLISHED_FITTED_CURVE_REFERENCE
BAT2AC_LOW_LOAD,303,0.3279864804892515,0.9461199769085007,22,292.8687438964844,90.83131408691406,SRC-B07-HTW-SAX-REFERENCE-2026,DER,PUBLISHED_FITTED_CURVE_REFERENCE
BAT2AC_LOW_LOAD,304,0.3289879711846015,0.9462717675153123,22,293.4407958984375,90.792724609375,SRC-B07-HTW-SAX-REFERENCE-2026,DER,PUBLISHED_FITTED_CURVE_REFERENCE
BAT2AC_LOW_LOAD,305,0.3299851877132069,0.9464140749604487,22,294.0104064941406,90.75654602050781,SRC-B07-HTW-SAX-REFERENCE-2026,DER,PUBLISHED_FITTED_CURVE_REFERENCE
BAT2AC_LOW_LOAD,306,0.3309866784085569,0.9465658655672602,22,294.58245849609375,90.71795654296875,SRC-B07-HTW-SAX-REFERENCE-2026,DER,PUBLISHED_FITTED_CURVE_REFERENCE
BAT2AC_LOW_LOAD,307,0.3319881691039069,0.9467081730123966,22,295.1545104980469,90.68177795410156,SRC-B07-HTW-SAX-REFERENCE-2026,DER,PUBLISHED_FITTED_CURVE_REFERENCE
BAT2AC_LOW_LOAD,308,0.3329854390595966,0.9468599636192081,22,295.7241516113281,90.6431884765625,SRC-B07-HTW-SAX-REFERENCE-2026,DER,PUBLISHED_FITTED_CURVE_REFERENCE
BAT2AC_LOW_LOAD,309,0.3339868763278623,0.9470022710643445,22,296.2961730957031,90.60700988769531,SRC-B07-HTW-SAX-REFERENCE-2026,DER,PUBLISHED_FITTED_CURVE_REFERENCE
BAT2AC_LOW_LOAD,310,0.33498836702321233,0.9471446385294916,22,296.86822509765625,90.57081604003906,SRC-B07-HTW-SAX-REFERENCE-2026,DER,PUBLISHED_FITTED_CURVE_REFERENCE
BAT2AC_LOW_LOAD,311,0.335985636978902,0.9472964291363032,22,297.4378662109375,90.5322265625,SRC-B07-HTW-SAX-REFERENCE-2026,DER,PUBLISHED_FITTED_CURVE_REFERENCE
BAT2AC_LOW_LOAD,312,0.33698712767425204,0.9474387365814396,22,298.0099182128906,90.49604797363281,SRC-B07-HTW-SAX-REFERENCE-2026,DER,PUBLISHED_FITTED_CURVE_REFERENCE
BAT2AC_LOW_LOAD,313,0.3379843442028574,0.9475810440265761,22,298.57952880859375,90.45986938476562,SRC-B07-HTW-SAX-REFERENCE-2026,DER,PUBLISHED_FITTED_CURVE_REFERENCE
BAT2AC_LOW_LOAD,314,0.33898583489820744,0.9477139283300481,22,299.1515808105469,90.42608642578125,SRC-B07-HTW-SAX-REFERENCE-2026,DER,PUBLISHED_FITTED_CURVE_REFERENCE
BAT2AC_LOW_LOAD,315,0.33998732559355743,0.9478562357751845,22,299.7236328125,90.38990783691406,SRC-B07-HTW-SAX-REFERENCE-2026,DER,PUBLISHED_FITTED_CURVE_REFERENCE
BAT2AC_LOW_LOAD,316,0.34098454212216284,0.947998543220321,22,300.2932434082031,90.35372924804688,SRC-B07-HTW-SAX-REFERENCE-2026,DER,PUBLISHED_FITTED_CURVE_REFERENCE
BAT2AC_LOW_LOAD,317,0.34198603281751283,0.9481408506654574,22,300.86529541015625,90.31755065917969,SRC-B07-HTW-SAX-REFERENCE-2026,DER,PUBLISHED_FITTED_CURVE_REFERENCE
BAT2AC_LOW_LOAD,318,0.3429875235128628,0.9482736749489188,22,301.4373474121094,90.28378295898438,SRC-B07-HTW-SAX-REFERENCE-2026,DER,PUBLISHED_FITTED_CURVE_REFERENCE
BAT2AC_LOW_LOAD,319,0.34398479346855254,0.9484159823940552,22,302.0069885253906,90.24760437011719,SRC-B07-HTW-SAX-REFERENCE-2026,DER,PUBLISHED_FITTED_CURVE_REFERENCE
BAT2AC_LOW_LOAD,320,0.3449862307368182,0.9485488066775166,22,302.5790100097656,90.21383666992188,SRC-B07-HTW-SAX-REFERENCE-2026,DER,PUBLISHED_FITTED_CURVE_REFERENCE
BAT2AC_LOW_LOAD,321,0.3459877214321682,0.948681630960978,22,303.15106201171875,90.18006896972656,SRC-B07-HTW-SAX-REFERENCE-2026,DER,PUBLISHED_FITTED_CURVE_REFERENCE
BAT2AC_LOW_LOAD,322,0.34698499138785793,0.9488144552444394,22,303.720703125,90.14630126953125,SRC-B07-HTW-SAX-REFERENCE-2026,DER,PUBLISHED_FITTED_CURVE_REFERENCE
BAT2AC_LOW_LOAD,323,0.3479864820832079,0.9489567626895759,22,304.2927551269531,90.11012268066406,SRC-B07-HTW-SAX-REFERENCE-2026,DER,PUBLISHED_FITTED_CURVE_REFERENCE
BAT2AC_LOW_LOAD,324,0.348987972778558,0.9490895869730372,22,304.86480712890625,90.07635498046875,SRC-B07-HTW-SAX-REFERENCE-2026,DER,PUBLISHED_FITTED_CURVE_REFERENCE
BAT2AC_LOW_LOAD,325,0.34998524273424764,0.9492224112564986,22,305.4344482421875,90.04258728027344,SRC-B07-HTW-SAX-REFERENCE-2026,DER,PUBLISHED_FITTED_CURVE_REFERENCE
BAT2AC_LOW_LOAD,326,0.3509866800025134,0.949345752378285,22,306.0064697265625,90.01123046875,SRC-B07-HTW-SAX-REFERENCE-2026,DER,PUBLISHED_FITTED_CURVE_REFERENCE
BAT2AC_LOW_LOAD,327,0.35198394995820304,0.9494785766617464,22,306.57611083984375,89.97746276855469,SRC-B07-HTW-SAX-REFERENCE-2026,DER,PUBLISHED_FITTED_CURVE_REFERENCE
BAT2AC_LOW_LOAD,328,0.3529854406535531,0.9496114009452078,22,307.1481628417969,89.94369506835938,SRC-B07-HTW-SAX-REFERENCE-2026,DER,PUBLISHED_FITTED_CURVE_REFERENCE
BAT2AC_LOW_LOAD,329,0.35398687792181877,0.9497442252286692,22,307.7201843261719,89.90992736816406,SRC-B07-HTW-SAX-REFERENCE-2026,DER,PUBLISHED_FITTED_CURVE_REFERENCE
BAT2AC_LOW_LOAD,330,0.3549841478775084,0.9498675663504554,22,308.2898254394531,89.87857055664062,SRC-B07-HTW-SAX-REFERENCE-2026,DER,PUBLISHED_FITTED_CURVE_REFERENCE
BAT2AC_LOW_LOAD,331,0.3559856385728585,0.9500003906339168,22,308.86187744140625,89.84480285644531,SRC-B07-HTW-SAX-REFERENCE-2026,DER,PUBLISHED_FITTED_CURVE_REFERENCE
BAT2AC_LOW_LOAD,332,0.35698712926820847,0.9501237317557032,22,309.4339294433594,89.81344604492188,SRC-B07-HTW-SAX-REFERENCE-2026,DER,PUBLISHED_FITTED_CURVE_REFERENCE
BAT2AC_LOW_LOAD,333,0.3579843457968139,0.9502565560391646,22,310.0035400390625,89.77967834472656,SRC-B07-HTW-SAX-REFERENCE-2026,DER,PUBLISHED_FITTED_CURVE_REFERENCE
BAT2AC_LOW_LOAD,334,0.35898583649216387,0.950379897160951,22,310.5755920410156,89.74832153320312,SRC-B07-HTW-SAX-REFERENCE-2026,DER,PUBLISHED_FITTED_CURVE_REFERENCE
BAT2AC_LOW_LOAD,335,0.35998732718751386,0.9505032382827373,22,311.14764404296875,89.71696472167969,SRC-B07-HTW-SAX-REFERENCE-2026,DER,PUBLISHED_FITTED_CURVE_REFERENCE
BAT2AC_LOW_LOAD,336,0.36098454371611927,0.9506265794045237,22,311.7172546386719,89.68560791015625,SRC-B07-HTW-SAX-REFERENCE-2026,DER,PUBLISHED_FITTED_CURVE_REFERENCE
BAT2AC_LOW_LOAD,337,0.3619902551511296,0.9507499205263099,22,312.2917175292969,89.65425109863281,SRC-B07-HTW-SAX-REFERENCE-2026,DER,PUBLISHED_FITTED_CURVE_REFERENCE
BAT2AC_LOW_LOAD,338,0.3630044080654606,0.9508732616480963,22,312.8710021972656,89.62289428710938,SRC-B07-HTW-SAX-REFERENCE-2026,DER,PUBLISHED_FITTED_CURVE_REFERENCE
BAT2AC_LOW_LOAD,339,0.36397635358318836,0.9509966027698826,22,313.4261779785156,89.59153747558594,SRC-B07-HTW-SAX-REFERENCE-2026,DER,PUBLISHED_FITTED_CURVE_REFERENCE
BAT2AC_LOW_LOAD,340,0.364990453070435,0.951119943891669,22,314.00543212890625,89.5601806640625,SRC-B07-HTW-SAX-REFERENCE-2026,DER,PUBLISHED_FITTED_CURVE_REFERENCE
BAT2AC_LOW_LOAD,341,0.3660046594118503,0.9512432850134553,22,314.5847473144531,89.52882385253906,SRC-B07-HTW-SAX-REFERENCE-2026,DER,PUBLISHED_FITTED_CURVE_REFERENCE
BAT2AC_LOW_LOAD,342,0.36697655150249375,0.9513666261352416,22,315.139892578125,89.49746704101562,SRC-B07-HTW-SAX-REFERENCE-2026,DER,PUBLISHED_FITTED_CURVE_REFERENCE
BAT2AC_LOW_LOAD,343,0.36799070441682474,0.9514804240753423,22,315.71917724609375,89.46853637695312,SRC-B07-HTW-SAX-REFERENCE-2026,DER,PUBLISHED_FITTED_CURVE_REFERENCE
BAT2AC_LOW_LOAD,344,0.3690048573311557,0.9516037651971286,22,316.2984619140625,89.43717956542969,SRC-B07-HTW-SAX-REFERENCE-2026,DER,PUBLISHED_FITTED_CURVE_REFERENCE
BAT2AC_LOW_LOAD,345,0.36997674942179914,0.95171762315724,22,316.8536071777344,89.40823364257812,SRC-B07-HTW-SAX-REFERENCE-2026,DER,PUBLISHED_FITTED_CURVE_REFERENCE
BAT2AC_LOW_LOAD,346,0.37099090233613014,0.9518409642790262,22,317.4328918457031,89.37687683105469,SRC-B07-HTW-SAX-REFERENCE-2026,DER,PUBLISHED_FITTED_CURVE_REFERENCE
BAT2AC_LOW_LOAD,347,0.37200505525046107,0.9519548222391375,22,318.0121765136719,89.34793090820312,SRC-B07-HTW-SAX-REFERENCE-2026,DER,PUBLISHED_FITTED_CURVE_REFERENCE
BAT2AC_LOW_LOAD,348,0.3729769473411046,0.9520781633609239,22,318.56732177734375,89.31657409667969,SRC-B07-HTW-SAX-REFERENCE-2026,DER,PUBLISHED_FITTED_CURVE_REFERENCE
BAT2AC_LOW_LOAD,349,0.37399115368251984,0.9521920213210352,22,319.1466369628906,89.28762817382812,SRC-B07-HTW-SAX-REFERENCE-2026,DER,PUBLISHED_FITTED_CURVE_REFERENCE
BAT2AC_LOW_LOAD,350,0.3750052531697665,0.9523058792811464,22,319.72589111328125,89.25868225097656,SRC-B07-HTW-SAX-REFERENCE-2026,DER,PUBLISHED_FITTED_CURVE_REFERENCE
BAT2AC_LOW_LOAD,351,0.37597714526041,0.9524197372412577,22,320.2810363769531,89.229736328125,SRC-B07-HTW-SAX-REFERENCE-2026,DER,PUBLISHED_FITTED_CURVE_REFERENCE
BAT2AC_LOW_LOAD,352,0.37699135160182523,0.9525335351813584,22,320.8603515625,89.2008056640625,SRC-B07-HTW-SAX-REFERENCE-2026,DER,PUBLISHED_FITTED_CURVE_REFERENCE
BAT2AC_LOW_LOAD,353,0.3780055045161562,0.9526473931414696,22,321.43963623046875,89.17185974121094,SRC-B07-HTW-SAX-REFERENCE-2026,DER,PUBLISHED_FITTED_CURVE_REFERENCE
BAT2AC_LOW_LOAD,354,0.3789773966067997,0.9527612511015809,22,321.9947814941406,89.14291381835938,SRC-B07-HTW-SAX-REFERENCE-2026,DER,PUBLISHED_FITTED_CURVE_REFERENCE
BAT2AC_LOW_LOAD,355,0.3799915495211307,0.9528751090616923,22,322.5740661621094,89.11396789550781,SRC-B07-HTW-SAX-REFERENCE-2026,DER,PUBLISHED_FITTED_CURVE_REFERENCE
BAT2AC_LOW_LOAD,356,0.38096344161177415,0.9529890270418141,22,323.12921142578125,89.08500671386719,SRC-B07-HTW-SAX-REFERENCE-2026,DER,PUBLISHED_FITTED_CURVE_REFERENCE
BAT2AC_LOW_LOAD,357,0.3819775945261051,0.9531028850019254,22,323.70849609375,89.05606079101562,SRC-B07-HTW-SAX-REFERENCE-2026,DER,PUBLISHED_FITTED_CURVE_REFERENCE
BAT2AC_LOW_LOAD,358,0.38299174744043607,0.9532072598003616,22,324.28778076171875,89.02952575683594,SRC-B07-HTW-SAX-REFERENCE-2026,DER,PUBLISHED_FITTED_CURVE_REFERENCE
BAT2AC_LOW_LOAD,359,0.38396363953107954,0.9533209977204516,22,324.8429260253906,89.0006103515625,SRC-B07-HTW-SAX-REFERENCE-2026,DER,PUBLISHED_FITTED_CURVE_REFERENCE
BAT2AC_LOW_LOAD,360,0.3849777924454105,0.9534349157005736,22,325.4222106933594,88.97164916992188,SRC-B07-HTW-SAX-REFERENCE-2026,DER,PUBLISHED_FITTED_CURVE_REFERENCE
BAT2AC_LOW_LOAD,361,0.38599194535974146,0.9535392904990098,22,326.0014953613281,88.94511413574219,SRC-B07-HTW-SAX-REFERENCE-2026,DER,PUBLISHED_FITTED_CURVE_REFERENCE
BAT2AC_LOW_LOAD,362,0.38696389087746924,0.9536531484591211,22,326.5566711425781,88.91616821289062,SRC-B07-HTW-SAX-REFERENCE-2026,DER,PUBLISHED_FITTED_CURVE_REFERENCE
BAT2AC_LOW_LOAD,363,0.38797804379180023,0.9537575232575572,22,327.1359558105469,88.88963317871094,SRC-B07-HTW-SAX-REFERENCE-2026,DER,PUBLISHED_FITTED_CURVE_REFERENCE
BAT2AC_LOW_LOAD,364,0.38899219670613117,0.9538618980559935,22,327.7152404785156,88.86309814453125,SRC-B07-HTW-SAX-REFERENCE-2026,DER,PUBLISHED_FITTED_CURVE_REFERENCE
BAT2AC_LOW_LOAD,365,0.3899640887967747,0.9539756959960942,22,328.2703857421875,88.83416748046875,SRC-B07-HTW-SAX-REFERENCE-2026,DER,PUBLISHED_FITTED_CURVE_REFERENCE
BAT2AC_LOW_LOAD,366,0.3909782417111056,0.9540800707945304,22,328.84967041015625,88.80763244628906,SRC-B07-HTW-SAX-REFERENCE-2026,DER,PUBLISHED_FITTED_CURVE_REFERENCE
BAT2AC_LOW_LOAD,367,0.3919923946254366,0.9541844455929667,22,329.428955078125,88.78109741210938,SRC-B07-HTW-SAX-REFERENCE-2026,DER,PUBLISHED_FITTED_CURVE_REFERENCE
BAT2AC_LOW_LOAD,368,0.3929642867160801,0.9542888203914028,22,329.9841003417969,88.75456237792969,SRC-B07-HTW-SAX-REFERENCE-2026,DER,PUBLISHED_FITTED_CURVE_REFERENCE
BAT2AC_LOW_LOAD,369,0.393978439630411,0.9543931951898391,22,330.5633850097656,88.72802734375,SRC-B07-HTW-SAX-REFERENCE-2026,DER,PUBLISHED_FITTED_CURVE_REFERENCE
BAT2AC_LOW_LOAD,370,0.394992592544742,0.9544975099682647,22,331.1426696777344,88.70150756835938,SRC-B07-HTW-SAX-REFERENCE-2026,DER,PUBLISHED_FITTED_CURVE_REFERENCE
BAT2AC_LOW_LOAD,371,0.39596448463538547,0.9546018847667009,22,331.69781494140625,88.67497253417969,SRC-B07-HTW-SAX-REFERENCE-2026,DER,PUBLISHED_FITTED_CURVE_REFERENCE
BAT2AC_LOW_LOAD,372,0.39697863754971646,0.9547062595651371,22,332.277099609375,88.6484375,SRC-B07-HTW-SAX-REFERENCE-2026,DER,PUBLISHED_FITTED_CURVE_REFERENCE
BAT2AC_LOW_LOAD,373,0.3979928438911317,0.9548106343635734,22,332.8564147949219,88.62190246582031,SRC-B07-HTW-SAX-REFERENCE-2026,DER,PUBLISHED_FITTED_CURVE_REFERENCE
BAT2AC_LOW_LOAD,374,0.3989647359817752,0.954914949141999,22,333.41156005859375,88.59538269042969,SRC-B07-HTW-SAX-REFERENCE-2026,DER,PUBLISHED_FITTED_CURVE_REFERENCE
BAT2AC_LOW_LOAD,375,0.39997888889610617,0.9550098407787602,22,333.9908447265625,88.57125854492188,SRC-B07-HTW-SAX-REFERENCE-2026,DER,PUBLISHED_FITTED_CURVE_REFERENCE
BAT2AC_LOW_LOAD,376,0.4009930418104371,0.9551142155771963,22,334.57012939453125,88.54472351074219,SRC-B07-HTW-SAX-REFERENCE-2026,DER,PUBLISHED_FITTED_CURVE_REFERENCE
BAT2AC_LOW_LOAD,377,0.4019649339010806,0.9552185903756326,22,335.1252746582031,88.5181884765625,SRC-B07-HTW-SAX-REFERENCE-2026,DER,PUBLISHED_FITTED_CURVE_REFERENCE
BAT2AC_LOW_LOAD,378,0.40297908681541156,0.9553134820123937,22,335.7045593261719,88.49406433105469,SRC-B07-HTW-SAX-REFERENCE-2026,DER,PUBLISHED_FITTED_CURVE_REFERENCE
BAT2AC_LOW_LOAD,379,0.40399323972974255,0.9554177967908194,22,336.2838439941406,88.46754455566406,SRC-B07-HTW-SAX-REFERENCE-2026,DER,PUBLISHED_FITTED_CURVE_REFERENCE
BAT2AC_LOW_LOAD,380,0.404965131820386,0.9555126884275805,22,336.8389892578125,88.44342041015625,SRC-B07-HTW-SAX-REFERENCE-2026,DER,PUBLISHED_FITTED_CURVE_REFERENCE
BAT2AC_LOW_LOAD,381,0.40597928473471695,0.9556170632260168,22,337.41827392578125,88.41688537597656,SRC-B07-HTW-SAX-REFERENCE-2026,DER,PUBLISHED_FITTED_CURVE_REFERENCE
BAT2AC_LOW_LOAD,382,0.40699343764904794,0.9557119548627779,22,337.99755859375,88.39276123046875,SRC-B07-HTW-SAX-REFERENCE-2026,DER,PUBLISHED_FITTED_CURVE_REFERENCE
BAT2AC_LOW_LOAD,383,0.4079653831667757,0.9558067864795285,22,338.552734375,88.36865234375,SRC-B07-HTW-SAX-REFERENCE-2026,DER,PUBLISHED_FITTED_CURVE_REFERENCE
BAT2AC_LOW_LOAD,384,0.4089795360811067,0.9559111612779647,22,339.13201904296875,88.34211730957031,SRC-B07-HTW-SAX-REFERENCE-2026,DER,PUBLISHED_FITTED_CURVE_REFERENCE
BAT2AC_LOW_LOAD,385,0.40999368899543764,0.9560060529147258,22,339.7113037109375,88.3179931640625,SRC-B07-HTW-SAX-REFERENCE-2026,DER,PUBLISHED_FITTED_CURVE_REFERENCE
BAT2AC_LOW_LOAD,386,0.4109655810860811,0.9561008845314765,22,340.2664489746094,88.29388427734375,SRC-B07-HTW-SAX-REFERENCE-2026,DER,PUBLISHED_FITTED_CURVE_REFERENCE
BAT2AC_LOW_LOAD,387,0.4119797340004121,0.9561957761682376,22,340.8457336425781,88.26976013183594,SRC-B07-HTW-SAX-REFERENCE-2026,DER,PUBLISHED_FITTED_CURVE_REFERENCE
BAT2AC_LOW_LOAD,388,0.41299388691474304,0.9562906678049988,22,341.4250183105469,88.24563598632812,SRC-B07-HTW-SAX-REFERENCE-2026,DER,PUBLISHED_FITTED_CURVE_REFERENCE
BAT2AC_LOW_LOAD,389,0.41396577900538656,0.95638555944176,22,341.98016357421875,88.22151184082031,SRC-B07-HTW-SAX-REFERENCE-2026,DER,PUBLISHED_FITTED_CURVE_REFERENCE
BAT2AC_LOW_LOAD,390,0.4149799319197175,0.9564803910585106,22,342.5594482421875,88.19740295410156,SRC-B07-HTW-SAX-REFERENCE-2026,DER,PUBLISHED_FITTED_CURVE_REFERENCE
BAT2AC_LOW_LOAD,391,0.4159940848340485,0.9565752826952717,22,343.13873291015625,88.17327880859375,SRC-B07-HTW-SAX-REFERENCE-2026,DER,PUBLISHED_FITTED_CURVE_REFERENCE
BAT2AC_LOW_LOAD,392,0.41696597692469195,0.9566701743320328,22,343.6938781738281,88.14915466308594,SRC-B07-HTW-SAX-REFERENCE-2026,DER,PUBLISHED_FITTED_CURVE_REFERENCE
BAT2AC_LOW_LOAD,393,0.4179801298390229,0.9567650659687941,22,344.2731628417969,88.12503051757812,SRC-B07-HTW-SAX-REFERENCE-2026,DER,PUBLISHED_FITTED_CURVE_REFERENCE
BAT2AC_LOW_LOAD,394,0.4189942827533539,0.9568598975855446,22,344.8524475097656,88.10092163085938,SRC-B07-HTW-SAX-REFERENCE-2026,DER,PUBLISHED_FITTED_CURVE_REFERENCE
BAT2AC_LOW_LOAD,395,0.41996617484399734,0.9569453060606307,22,345.4075927734375,88.07920837402344,SRC-B07-HTW-SAX-REFERENCE-2026,DER,PUBLISHED_FITTED_CURVE_REFERENCE
BAT2AC_LOW_LOAD,396,0.42098032775832833,0.9570401976973919,22,345.98687744140625,88.05508422851562,SRC-B07-HTW-SAX-REFERENCE-2026,DER,PUBLISHED_FITTED_CURVE_REFERENCE
BAT2AC_LOW_LOAD,397,0.4219945340997436,0.9571350293141424,22,346.5661926269531,88.03097534179688,SRC-B07-HTW-SAX-REFERENCE-2026,DER,PUBLISHED_FITTED_CURVE_REFERENCE
BAT2AC_LOW_LOAD,398,0.42296642619038705,0.9572204377892285,22,347.121337890625,88.00926208496094,SRC-B07-HTW-SAX-REFERENCE-2026,DER,PUBLISHED_FITTED_CURVE_REFERENCE
BAT2AC_LOW_LOAD,399,0.42398057910471804,0.9573153294259897,22,347.70062255859375,87.98513793945312,SRC-B07-HTW-SAX-REFERENCE-2026,DER,PUBLISHED_FITTED_CURVE_REFERENCE
BAT2AC_LOW_LOAD,400,0.42499473201904897,0.9574006778810652,22,348.2799072265625,87.96343994140625,SRC-B07-HTW-SAX-REFERENCE-2026,DER,PUBLISHED_FITTED_CURVE_REFERENCE
BAT2AC_LOW_LOAD,401,0.4259666241096925,0.9574955695178264,22,348.8350524902344,87.93931579589844,SRC-B07-HTW-SAX-REFERENCE-2026,DER,PUBLISHED_FITTED_CURVE_REFERENCE
BAT2AC_LOW_LOAD,402,0.42698077702402343,0.9575809779929125,22,349.4143371582031,87.9176025390625,SRC-B07-HTW-SAX-REFERENCE-2026,DER,PUBLISHED_FITTED_CURVE_REFERENCE
BAT2AC_LOW_LOAD,403,0.4279949299383544,0.957675809609663,22,349.9936218261719,87.89349365234375,SRC-B07-HTW-SAX-REFERENCE-2026,DER,PUBLISHED_FITTED_CURVE_REFERENCE
BAT2AC_LOW_LOAD,404,0.4289668220289979,0.9577612180847491,22,350.54876708984375,87.87178039550781,SRC-B07-HTW-SAX-REFERENCE-2026,DER,PUBLISHED_FITTED_CURVE_REFERENCE
BAT2AC_LOW_LOAD,405,0.4299809749433289,0.9578466265598353,22,351.1280517578125,87.85006713867188,SRC-B07-HTW-SAX-REFERENCE-2026,DER,PUBLISHED_FITTED_CURVE_REFERENCE
BAT2AC_LOW_LOAD,406,0.4309951278576598,0.9579414581765858,22,351.70733642578125,87.82595825195312,SRC-B07-HTW-SAX-REFERENCE-2026,DER,PUBLISHED_FITTED_CURVE_REFERENCE
BAT2AC_LOW_LOAD,407,0.4319670199483033,0.9580268666516719,22,352.2624816894531,87.80424499511719,SRC-B07-HTW-SAX-REFERENCE-2026,DER,PUBLISHED_FITTED_CURVE_REFERENCE
BAT2AC_LOW_LOAD,408,0.4329812262897186,0.9581123351467686,22,352.841796875,87.78251647949219,SRC-B07-HTW-SAX-REFERENCE-2026,DER,PUBLISHED_FITTED_CURVE_REFERENCE
BAT2AC_LOW_LOAD,409,0.4339953792040495,0.9581976235818336,22,353.42108154296875,87.76083374023438,SRC-B07-HTW-SAX-REFERENCE-2026,DER,PUBLISHED_FITTED_CURVE_REFERENCE
BAT2AC_LOW_LOAD,410,0.434967271294693,0.9582830320569197,22,353.9762268066406,87.73912048339844,SRC-B07-HTW-SAX-REFERENCE-2026,DER,PUBLISHED_FITTED_CURVE_REFERENCE
BAT2AC_LOW_LOAD,411,0.43598142420902397,0.9583685005520164,22,354.5555114746094,87.71739196777344,SRC-B07-HTW-SAX-REFERENCE-2026,DER,PUBLISHED_FITTED_CURVE_REFERENCE
BAT2AC_LOW_LOAD,412,0.43699557712335496,0.9584537889870813,22,355.1347961425781,87.69570922851562,SRC-B07-HTW-SAX-REFERENCE-2026,DER,PUBLISHED_FITTED_CURVE_REFERENCE
BAT2AC_LOW_LOAD,413,0.43796746921399843,0.958539257482178,22,355.68994140625,87.67398071289062,SRC-B07-HTW-SAX-REFERENCE-2026,DER,PUBLISHED_FITTED_CURVE_REFERENCE
BAT2AC_LOW_LOAD,414,0.43898162212832936,0.9586246659572641,22,356.26922607421875,87.65226745605469,SRC-B07-HTW-SAX-REFERENCE-2026,DER,PUBLISHED_FITTED_CURVE_REFERENCE
BAT2AC_LOW_LOAD,415,0.43999577504266035,0.9587100144123396,22,356.8485107421875,87.63056945800781,SRC-B07-HTW-SAX-REFERENCE-2026,DER,PUBLISHED_FITTED_CURVE_REFERENCE
BAT2AC_LOW_LOAD,416,0.4409676671333038,0.9587954228874257,22,357.4036560058594,87.60885620117188,SRC-B07-HTW-SAX-REFERENCE-2026,DER,PUBLISHED_FITTED_CURVE_REFERENCE
BAT2AC_LOW_LOAD,417,0.4419818200476348,0.9588808313625119,22,357.9829406738281,87.58714294433594,SRC-B07-HTW-SAX-REFERENCE-2026,DER,PUBLISHED_FITTED_CURVE_REFERENCE
BAT2AC_LOW_LOAD,418,0.44299597296196574,0.9589566966559123,22,358.5622253417969,87.56785583496094,SRC-B07-HTW-SAX-REFERENCE-2026,DER,PUBLISHED_FITTED_CURVE_REFERENCE
BAT2AC_LOW_LOAD,419,0.4439678650526092,0.9590421051309984,22,359.11737060546875,87.546142578125,SRC-B07-HTW-SAX-REFERENCE-2026,DER,PUBLISHED_FITTED_CURVE_REFERENCE
BAT2AC_LOW_LOAD,420,0.4449820179669402,0.9591274535860739,22,359.6966552734375,87.52444458007812,SRC-B07-HTW-SAX-REFERENCE-2026,DER,PUBLISHED_FITTED_CURVE_REFERENCE
BAT2AC_LOW_LOAD,421,0.44599622430835545,0.9592033788994849,22,360.2759704589844,87.50514221191406,SRC-B07-HTW-SAX-REFERENCE-2026,DER,PUBLISHED_FITTED_CURVE_REFERENCE
BAT2AC_LOW_LOAD,422,0.44696811639899897,0.9592887873745711,22,360.83111572265625,87.48342895507812,SRC-B07-HTW-SAX-REFERENCE-2026,DER,PUBLISHED_FITTED_CURVE_REFERENCE
BAT2AC_LOW_LOAD,423,0.4479822693133299,0.9593646526679716,22,361.410400390625,87.46414184570312,SRC-B07-HTW-SAX-REFERENCE-2026,DER,PUBLISHED_FITTED_CURVE_REFERENCE
BAT2AC_LOW_LOAD,424,0.4489964222276609,0.9594500611430576,22,361.98968505859375,87.44242858886719,SRC-B07-HTW-SAX-REFERENCE-2026,DER,PUBLISHED_FITTED_CURVE_REFERENCE
BAT2AC_LOW_LOAD,425,0.44996831431830436,0.9595259264364581,22,362.5448303222656,87.42314147949219,SRC-B07-HTW-SAX-REFERENCE-2026,DER,PUBLISHED_FITTED_CURVE_REFERENCE
BAT2AC_LOW_LOAD,426,0.4509824672326353,0.9596113349115442,22,363.1241149902344,87.40142822265625,SRC-B07-HTW-SAX-REFERENCE-2026,DER,PUBLISHED_FITTED_CURVE_REFERENCE
BAT2AC_LOW_LOAD,427,0.4519966201469663,0.9596872602249552,22,363.7033996582031,87.38212585449219,SRC-B07-HTW-SAX-REFERENCE-2026,DER,PUBLISHED_FITTED_CURVE_REFERENCE
BAT2AC_LOW_LOAD,428,0.45296851223760976,0.9597726086800308,22,364.258544921875,87.36042785644531,SRC-B07-HTW-SAX-REFERENCE-2026,DER,PUBLISHED_FITTED_CURVE_REFERENCE
BAT2AC_LOW_LOAD,429,0.45398266515194075,0.9598485339934418,22,364.83782958984375,87.34112548828125,SRC-B07-HTW-SAX-REFERENCE-2026,DER,PUBLISHED_FITTED_CURVE_REFERENCE
BAT2AC_LOW_LOAD,430,0.4549968180662717,0.9599244593068529,22,365.4171142578125,87.32182312011719,SRC-B07-HTW-SAX-REFERENCE-2026,DER,PUBLISHED_FITTED_CURVE_REFERENCE
