source_id,module_id,title,institution,url,published_at,retrieved_at,reference_period,source_tier,evidence_status,reliability,license,local_snapshot_sha256,notes
SRC-B01-KSH-CENSUS-2022,B01,2022. évi népszámlálás – lakás- és életkörülmények,Központi Statisztikai Hivatal,https://www.ksh.hu/nepszamlalasok,undated,2026-08-12,2022,P1,OBS,HIGH,Public web page; reuse terms require verification,,"A program célállományának felső korlátjához és területi bontásához kiinduló hivatalos keret; a technikai alkalmasságot önmagában nem bizonyítja."
SRC-B01-KSH-STOCK-2026,B01,18.1.1.2. Lakásállomány és laksűrűség január 1.,Központi Statisztikai Hivatal,https://www.ksh.hu/stadat_files/lak/hu/lak0002.html,2026-04-16,2026-08-12,1990-2026,P1,OBS,HIGH,Public web page; reuse terms require verification,,"Országos lakásállomány-idősor; a programcél nem azonosítható automatikusan a teljes lakásállománnyal."
SRC-B02-KSH-ENERGY-2025,B02,A magyar lakásállomány primerenergia-igényének becslése,Központi Statisztikai Hivatal,https://www.ksh.hu/s/kiserleti-statisztika/kiadvanyok/a-magyar-lakasallomany-primerenergia-igenyenek-becslese/,2025-11-14,2026-08-12,2022,P1,DER,HIGH,CC BY 4.0; Source: KSH required,,"A 2022-es teljes lakásállományt népszámlálási és energiatanúsítvány-adatokkal kapcsolja össze; kísérleti statisztika és modellbecslés."
SRC-B02-KSH-ENERGY-METHOD-2025,B02,A magyar lakásállomány primerenergia-igényének becslése – módszertan,Központi Statisztikai Hivatal,https://www.ksh.hu/s/kiserleti-statisztika/kiadvanyok/a-magyar-lakasallomany-primerenergia-igenyenek-becslese/modszertan,2025-11-14,2026-08-12,2022,P1,DER,HIGH,CC BY 4.0; Source: KSH required,,"Az archetípus-képzésnél kötelezően figyelembe veendő modellkorlátok és validációs eredmények."
SRC-B02-KSH-HOUSING-SURVEY-2015,B02,Miben élünk? – A 2015. évi lakásfelmérés főbb eredményei,Központi Statisztikai Hivatal,https://www.ksh.hu/docs/hun/xftp/idoszaki/pdf/miben_elunk15.pdf,undated,2026-08-12,2015,P1,OBS,HIGH,CC BY 4.0; Source: KSH required,5d17fa94a1a7d02ff40501aa75372d42238ca49fe288f959782d4b9f58b61e6f,"Húszezer címes rétegzett lakásfelmérés; az 1. tábla településtípus és épület-lakásszám szerint közöl teljes és lakott lakásbecsléseket. A 2022-es WBL-kapcsolat csak ASS proxy."
SRC-B02-HU-LTRS-FULL-2021,B02,Hosszú Távú Felújítási Stratégia,Innovációs és Technológiai Minisztérium,https://energy.ec.europa.eu/system/files/2021-08/hu_2020_ltrs_en_0.pdf,2021-06-02,2026-08-12,2021-2050,P1,POL,HIGH,Official government strategy hosted by the European Commission,,"A teljes stratégia kimondja hogy alacsonyabb fűtőközeg-hőmérséklethez korszerű hőleadó szükséges; országos hőleadó-megoszlást azonban nem közöl."
SRC-B02-HU-LTRS-2021,B02,1343/2021. (VI. 2.) Korm. határozat a Hosszú Távú Felújítási Stratégia elfogadásáról,Nemzeti Jogszabálytár,https://njt.jog.gov.hu/jogszabaly/2021-1343-30-22,2021-06-02,2026-08-12,2021-2050,P1,POL,HIGH,Official legal text,,"A nemzeti felújítási stratégia jogi elfogadásának elsődleges forrása; a stratégia teljes mellékletének külön beszerzése még szükséges."
SRC-B02-KSH-CENSUS-API-2022,B02,2022. évi népszámlálási adatbázis – lakásadatfolyamok,Központi Statisztikai Hivatal,https://nepszamlalas2022.ksh.hu/adatbazis/,undated,2026-08-12,2022,P1,OBS,HIGH,CC BY 4.0; Source: KSH required,,"A V67 API-verzió WBL010 WBL011 WBL016 és WBL017 aggregált adatfolyamai adják a fűtési felszereltségi és alapvető lakásjellemzőket; a pontos végpontok a datasets.csv-ben vannak."
SRC-B02-KSH-COPYRIGHT-2026,B02,KSH szerzői jog és felhasználási feltételek,Központi Statisztikai Hivatal,https://www.ksh.hu/copyright,undated,2026-08-12,current terms,P1,POL,HIGH,Official KSH terms of use,,"Az aggregált KSH-adatok újrafelhasználásának és forrásmegjelölésének kanonikus feltétele; minden nyers snapshot publikálása előtt újra ellenőrizendő."
SRC-B02-HU-CERT-RULES-2008,B02,176/2008. (VI. 30.) Korm. rendelet az épületek energetikai jellemzőinek tanúsításáról,Nemzeti Jogszabálytár,https://njt.hu/jogszabaly/2008-176-20-22.22,2008-06-30,2026-08-12,current consolidated text,P1,POL,HIGH,Official legal text,,"A tanúsítvány és alátámasztó munkarész kötelező tartalma; a 2. melléklet 1.10.3. pontja hőfoklépcsőt ír elő, a 6. § (2a) jellemző hőleadófotót követel."
SRC-B02-HU-ENERGY-RULES-2023,B02,9/2023. (V. 25.) ÉKM rendelet az épületek energetikai jellemzőinek meghatározásáról,Nemzeti Jogszabálytár,https://njt.hu/jogszabaly/2023-9-20-8X,2023-05-25,2026-08-12,current consolidated text,P1,POL,HIGH,Official legal text,,"A számítási rendszer és a referencia fűtési rendszer elsődleges jogforrása; a referencia 55/45 °C hőfoklépcső nem a vizsgált épület megfigyelése. P103 current-window authority: Annex 1 element requirement for >0.5 m2 wood/PVC facade glazed openings is 1.10 W/m2K; metal-frame opening limit is 1.40 W/m2K. P103 uses 1.10 as the prospective reference-programme wood/PVC target. Regulatory requirement is not verified realized Uw or a stock compliance share."
SRC-B06-KSH-ENERGY-BASELINE-2025,B06,A magyar lakásállomány primerenergia-igényének becslése,Központi Statisztikai Hivatal,https://www.ksh.hu/s/kiserleti-statisztika/kiadvanyok/a-magyar-lakasallomany-primerenergia-igenyenek-becslese/,2025-11-14,2026-08-22,2022,P1,DER,HIGH,CC BY 4.0; Source: KSH required,,"B06 baseline-method source; published model output is not a household-level before/after retrofit measurement."
SRC-B06-HU-ENERGY-RULES-2023,B06,9/2023. (V. 25.) ÉKM rendelet az épületek energetikai jellemzőinek meghatározásáról,Nemzeti Jogszabálytár,https://njt.hu/jogszabaly/2023-9-20-8X,2023-05-25,2026-08-22,current consolidated text,P1,POL,HIGH,Official legal text,,"Calculation-method reference only; 55/45 °C reference is not observed building supply temperature. P90 authority: 5th appendix 1.8.4 defines the reference building with good-airtightness windows. This is a regulatory reference-state assumption, not an observed retrofit outcome or blower-door n50 requirement. P92 opening-area upper-bound control: current element limits are 1.10 W/m2K for >0.5 m2 wood/PVC glazed facade openings and 1.40 W/m2K for ordinary external or heated/unheated-space doors. Because TABULA aggregate A_Window includes windows plus A_Door_1, P92 may use 1.40 W/m2K only as a conservative reference-programme aggregate opening U upper sensitivity, not as a window point value. P96 pitched-roof authority: Annex 1 section 1.1 gives U requirement 0.17 W/m2K for flat roofs, structures enclosing heated attic space, and ceilings below attic/crawl space. The same annex note states element requirements apply to designed structures for new buildings and renovations. P96 uses only the explicit heated-attic enclosing-structure row as the pitched/heated-attic reference-programme U upper bound; it is a regulatory requirement, not observed or guaranteed realized U."
SRC-B06-HU-ENERGY-METHOD-2023,B06,Épületek energetikai jellemzőinek meghatározása – számítási módszer,Energiaügyi Minisztérium,https://kormany.hu/dokumentumtar/epuletek-energetikai-jellemzoinek-meghatarozasa-szamitasi-modszer-2,2023-07-27,2026-08-22,2023 methodology,P1,POL,HIGH,Official government methodology,,"Method basis for explicit envelope, ventilation and design heat-demand semantics; no national household calibration claimed. P87 exact current-method ventilation authority: Appendix 2 Table 2.1 gives residential required ventilation n_szukseg=0.5 1/h and 20 C heating reference; Appendix 1 section 6.2 uses 0.35 Wh/m3K and adds infiltration separately. Appendix 2 Table 2.4 spans listed infiltration cases from 0.00 to 1.00 1/h; good airtightness gives 0.03/0.06 1/h depending facade/shaft condition. These are calculation-method values, not observed population prevalence. P90 promotes the already-pinned good-airtightness 0.03/0.06 1/h method cases only as an explicit prospective reference-programme SCN target. This does not make them observed prevalence or realized performance. P91 thermal-bridge authority: Appendix 1 section 6.1.2 permits the simplified H_tr=sum(A_i*U_R,i), U_R=U*(1+zeta) route instead of explicit line/point bridge sums; Table 6.1 gives zeta by structure/class, while internal-side insulation is excluded from the zeta shortcut and requires detailed modelling/literature. P91 uses this as a prospective reference-programme method surface, not observed thermal-bridge prevalence."
SRC-B06-PURMO-PLAN-COMPACT-2025,B06,PURMO Plan Compact panel radiator technical data,Purmo Group,https://www.purmo.com/au/products/panels/purmo-plan-compact.htm,2025-01-01,2026-08-22,current manufacturer product page,P1,OBS,HIGH,Manufacturer public technical table,,"Source-native type/dimension/output/exponent facts for the FC type 33 600 x 3000 radiator; no shipped-unit manufacturing location is inferred."
SRC-B06-PURMO-COLUMN-METHOD-2022,B06,PURMO radiator thermal-output correction method,Purmo Group,https://www.purmo.com/docs/Purmo-technical-catalogue-column-radiators-Delta-05_2022-EN-web.pdf,2022-01-01,2026-08-22,2022 technical catalogue,P1,OBS,HIGH,Manufacturer public methodology,,"Public formula defines arithmetic versus logarithmic mean water-to-room temperature difference and the source-native exponent method; copyrighted PDF is not stored."
SRC-B06-PURMO-GROUP-EU-FOOTPRINT-2021,B06,PURMO Group radiator manufacturing footprint,Purmo Group,https://purmogroup.com/wp-content/uploads/2021/12/Purmo-CMD-presentation.pdf,2021-12-01,2026-08-22,2021 corporate presentation,P1,OBS,HIGH,Manufacturer public corporate information,,"EU manufacturing locations are documented at group level; this does not prove the origin of a particular shipped radiator unit."
SRC-B06-HU-LTRS-2021,B06,Hosszú Távú Felújítási Stratégia,Innovációs és Technológiai Minisztérium,https://energy.ec.europa.eu/system/files/2021-08/hu_2020_ltrs_en_0.pdf,2021-06-02,2026-08-22,2021-2050,P1,POL,HIGH,Official government strategy hosted by the European Commission,,"Policy/method context for lower-temperature emitters and renovation; no national retrofit effect surface."
SRC-B06-ENGINE-CONTRACT-2026,B06,B06 physical retrofit engine contract and derived outputs,Anonymoos-Rommel/hoszivattyu-akkumulator-orszagos-modell,https://github.com/Anonymoos-Rommel/hoszivattyu-akkumulator-orszagos-modell,2026-08-22,2026-08-22,engine contract,P4,DER,MEDIUM,Repository contract,,"Formula and unit lineage for the B06 sequential physical skeleton; not external retrofit-effect evidence."
SRC-B02-OENY-SCHEMA-DICTIONARY-2026,B02,E-tanúsítás tanúsítvány szótár v3.0.14801,Lechner Tudásközpont,https://git.lechnerkozpont.hu/entan/dokumentacio/-/blob/v3.0.14801/docs/dictionary.md,2026-08-12,2026-08-12,OÉNY schema v3.0.14801,P1,OBS,HIGH,Official public technical documentation,b95fa656b13eaac4228a2d5d7388fcfc6d7f1e483bf656a85551fb9a7b326457,"A feltöltési mezők hivatalos angol–magyar szótára; hőleadótípus és előremenő/visszatérő hőmérséklet dedikált jelenlegiállapot-mezője nincs."
SRC-B02-OENY-VALIDATION-2026,B02,E-tanúsítás validációs szabályok v3.0.14801,Lechner Tudásközpont,https://git.lechnerkozpont.hu/entan/dokumentacio/-/blob/v3.0.14801/docs/validationRules.md,2026-08-12,2026-08-12,OÉNY schema v3.0.14801,P1,OBS,HIGH,Official public technical documentation,c729c53a8c223f9460d3f379669e566c9560a4ce14fc6cfd68959db7ccc0f374,"Az aktuális rendszer strukturált mező- és értékkészlete; a hőleadófotó és a számítási PDF kötelező, a hőleadó/fan-coil enum csak korszerűsítési javaslatban szerepel."
SRC-B02-OENY-FULL-EXAMPLE-2026,B02,E-tanúsítás teljes funkcionális egység JSON-minta v3.0.14801,Lechner Tudásközpont,https://git.lechnerkozpont.hu/entan/dokumentacio/-/blob/v3.0.14801/test/system/data/json/functional_unit_full_data.json,2026-08-12,2026-08-12,OÉNY schema v3.0.14801,P1,OBS,HIGH,Official public technical example,f717b7b502abb79fa9827f38e3916e67c8b27e6c4391f3bdb22c94fc5ec159f5,"Teljes hivatalos mintarekord a kulcsok és értékek gépi auditjához; a példa nem reprezentatív tanúsítványadat."
SRC-B02-OENY-USER-GUIDE-2026,B02,E-tanúsítás felhasználói segédlet tanúsító szakemberek számára,Lechner Tudásközpont,https://dok.e-epites.hu/e-tanusitas/Felhasznaloi_utmutato_tanusito_szakembereknek.pdf,undated,2026-08-12,current OÉNY interface,P1,POL,HIGH,Official public user guide,0e73e89e52d8e238e9ae63e1be2569e7294235f05ba60a6057506054208a0253,"A nyilvános keresés korlátozott; a tanúsító a saját 2023. november 1. utáni tanúsítványai PDF- és JSON/XML-forrását töltheti le."
SRC-B02-OENY-PUBLIC-STATS-2025,B02,OÉNY statisztika lekérdezések,Lechner Tudásközpont,https://www.e-epites.hu/oeny-statisztika/statisztika,undated,2026-08-12,current public interface,P1,OBS,HIGH,Official public web application,,"Nyilvános tanúsítványszám-statisztika időbeli és területi bontással; hőleadó- és hőfoklépcső-aggregáció nem azonosítható."
SRC-B02-LECHNER-PUBLIC-DATA-2026,B02,Közérdekű adatok – közérdekű adatigénylés,Lechner Tudásközpont,https://lechnerkozpont.hu/oldal/kozerdeku-adatok,undated,2026-08-12,current request channels,P1,POL,HIGH,Official public information page; reuse terms require verification,,"A Jogi Igazgatóság hivatalos e-mailes e-Papír és postai adatigénylési csatornája valamint a választható igénylőlap forrása."
SRC-B02-LECHNER-REQUEST-FORM-2026,B02,Igénylőlap a Lechner Tudásközpont kezelésében lévő közérdekű adat megismerésére,Lechner Tudásközpont,https://lechnerkozpont.hu/doc/igenylolap.pdf,undated,2026-08-12,current request form,P1,POL,HIGH,Official public form; reuse terms require verification,,"A név elérhetőség pontos igényleírás teljesítési mód és az újrahasznosítási szándék jelzésének hivatalos mezőit rögzíti; használata ajánlott de nem kizárólagos benyújtási mód."
SRC-B02-LECHNER-REQUEST-PROCEDURE-2026,B02,Közérdekű és közérdekből nyilvános adatok közzétételének és igényteljesítésének rendje,Lechner Tudásközpont,https://lechnerkozpont.hu/sites/default/files/doc/kozerdeku-es-a-kozerdekbol-nyilvanos-adatok-elektronikus-kozzetetelenek-valamint-a-megismeresukre-iranyulo-igenyek-teljesitesenek-rendje.pdf,undated,2026-08-12,current institutional procedure,P1,POL,HIGH,Official institutional procedure; reuse terms require verification,,"A Lechner saját közadat-közzétételi és igényteljesítési eljárásrendjének hivatalos forrása; beadás előtt az aktuális változat újraellenőrzendő."
SRC-B02-OENY-PUBLIC-UI-2026,B02,E-tanúsítás nyilvános keresőfelület,Lechner Tudásközpont,https://www.oeny.hu/oeny/e-tanusitas/,undated,2026-08-17,current public UI,P1,OBS,HIGH,Public UI; direct endpoint reuse not presumed,,"A nyilvános e-tanúsítás keresőfelületet és a kontrollált teszt során megfigyelt UI-verziót rögzíti."
SRC-B02-OENY-PUBLIC-SEARCH-ENDPOINT-2026,B02,E-tanúsítás publikus UI által meghívott keresési XHR,Lechner Tudásközpont,https://www.oeny.hu/oeny/e-tanusitas/api/internal/cert-list/search,undated,2026-08-17,controlled invalid-query test,P1,OBS,HIGH,UI-observed endpoint; direct reuse and licence require verification,,"POST endpoint observed from the official UI with settlement/streetName/streetType/houseNumber; ZZZTEST/ZZZTEST returned HTTP 200 and an empty JSON array. No bulk use performed."
SRC-B02-OENY-PUBLIC-OENY-OVERVIEW-2026,B02,E-építésügy és OÉNY nyilvános áttekintés,Lechner Tudásközpont,https://lechnerkozpont.hu/oldal/e-epitesugy,undated,2026-08-17,current official overview,P1,OBS,HIGH,Official public page; reuse terms require verification,,"Lechner states that it operates OÉNY and describes public e-tanúsítás queries; it does not document a bulk public readiness feed."
SRC-B02-OENY-PUBLIC-CERT-BASICS-2026,B02,Hiteles energiatanúsítványok nyilvános alapadatai,Lechner Tudásközpont,https://lechnerkozpont.hu/cikk/hiteles-energiatanusitvanyok-millios-nagysagrendben,undated,2026-08-17,current public description,P1,OBS,HIGH,Official public description; reuse terms require verification,,"Lechner describes publicly queryable certificate basics and states that the complete certificate is not publicly available."
SRC-B02-HU-INFOTV-2011,B02,2011. évi CXII. törvény az információs önrendelkezési jogról és az információszabadságról,Nemzeti Jogszabálytár,https://njt.hu/jogszabaly/2011-112-00-00,2011-07-26,2026-08-12,current consolidated text,P1,POL,HIGH,Official legal text,,"A közérdekű adatigénylés benyújtási módjának szükséges kapcsolati adatainak pontosításának és teljesítési határidejének elsődleges jogforrása; elküldés előtt a hatályosság újraellenőrzendő."
SRC-B03-EEX-GAS-MARKETS-2026,B03,Natural Gas Markets,European Energy Exchange AG,https://www.eex.com/en/markets/natural-gas,undated,2026-08-12,current market structure,P2,OBS,HIGH,Market data licensing applies,,"Az EEX TTF spot futures és opciós termékeinek hivatalos forráskapuja; árértéket ebben a csomagban nem publikálunk."
SRC-B03-ICE-TTF-FUTURES-2026,B03,ICE Futures Europe Dutch TTF Natural Gas Futures,Intercontinental Exchange,https://www.ice.com/products/82843860/ICE-Futures-Europe-Dutch-TTF-Natural-Gas-Futures,undated,2026-08-12,current contract specification,P2,OBS,HIGH,Market data licensing applies,,"Hivatalos termékspecifikáció €/MWh jegyzéssel és havi-negyedéves-szezonális-éves lejáratokkal; árletöltés és licenc külön feladat."
SRC-B03-MNB-FX-2026,B03,Árfolyamstatisztikák,Magyar Nemzeti Bank,https://statisztika.mnb.hu/publikacios-temak/arak_-arfolyamok/arfolyamok/arfolyamstatisztikak,undated,2026-08-12,daily and historical series,P1,OBS,HIGH,Public statistical page; reuse terms require verification,,"Az EUR/HUF hivatalos idősor elsődleges forráskapuja; konkrét megfigyelési ablak még nincs lezárva."
SRC-B03-FGSZ-GAS-QUALITY-2026,B03,Gázminőségi paraméterek pontonként és Minőség Elszámolási Rend,FGSZ Földgázszállító Zrt.,https://fgsz.hu/articles/show/3-1-2-c-2-gazminosegi-parameterek-pontonkent-az-elteresek-rendszerhasznalokat-terhelo-koeltsegei,2026-08-11,2026-08-12,2025 and current rules,P2,OBS,HIGH,Public web page; reuse terms require verification,,"Pontonkénti súlyozott égéshő/fűtőérték és térfogat-energia konverzió hivatalos rendszerüzemeltetői forráskapuja."
SRC-B03-MVM-GAS-QUALITY-2026,B03,Gázminőség és elszámolási fűtőérték,MVM Next Energiakereskedelmi Zrt.,https://www.mvmnext.hu/foldgaz/Egyetemes-Szolgaltatas/Ugyintezes/Szamlazas/Gazminoseg,undated,2026-08-12,customer billing period,P2,OBS,HIGH,Public web page; reuse terms require verification,,"A lakossági elszámolás az adott időszak napi tényértékeinek átlagából képzett fűtőértékre épül; egyetlen országos konstans nem használható."
SRC-B03-ACER-TTF-2026,B03,TTF gas day-ahead and forward prices,Agency for the Cooperation of Energy Regulators,https://aegis.acer.europa.eu/chest/dataitems/1090/view,2026-04-21,2026-08-22,2025-01 to 2027-03 official data item,P1,OBS,HIGH,ACER data item with CSV/Excel download; reuse and redistribution terms require verification,,"Official EU data item for TTF gas day-ahead and forward prices; local numeric snapshot is Q until the export and licence are captured."
SRC-B03-EUROSTAT-GAS-PRICES-2026,B03,Household natural gas prices by consumption band,Eurostat,https://ec.europa.eu/eurostat/cache/metadata/en/nrg_pc_202_sims.htm,undated,2026-08-22,2015-2026 semestrial official statistics,P1,OBS,HIGH,Eurostat public statistics; reuse under EU data conditions,,"Official market-based household price benchmark with energy/supply and network/tax components; exact Hungarian period values remain Q until downloaded and snapshotted."
SRC-B03-MVM-GAS-TARIFFS-2026,B03,Lakossági földgáz árak és díjszabások,MVM Next Energiakereskedelmi Zrt.,https://www.mvmnext.hu/foldgaz/Egyetemes-Szolgaltatas/Ugyintezes/Arak-dijszabasok,undated,2026-08-22,current universal-service tariff schedule,P2,OBS,HIGH,Public tariff page; current tariff table and reuse terms require verification,,"Official tariff gate for discounted and above-threshold residential bands; 63 645 MJ / at least 1 729 m3 annual threshold is documented, exact unit prices remain Q until the current table is snapshotted."
SRC-B03-MVM-REGULATED-TARIFF-F4-2026,B03,F.4 függelék – Egyetemes szolgáltatás ára és áralkalmazási feltételek,MVM Next Energiakereskedelmi Zrt.,https://www.mvmnext.hu/foldgaz/contents/Documents/foldgaz/Dokumentumok/Jogszabalyok-szabalyzatok/AKTUALIS-UZLETSZABALYZAT-ALTALANOS-SZERZODESI-FELTETELEK/Egyetemes-foldgazszolgaltatoi-uzletszabalyzat-20260301.pdf?download=,2026-03-01,2026-08-22,2026-03-01 onward,P2,OBS,HIGH,Public official PDF; current legal text controls reuse,,"F.4 is effective 2026-03-01. A1 discounted gas charge is 2.256 Ft/MJ; above-threshold residential price is net 17.324 and gross 22.002 Ft/MJ."
SRC-B03-MVM-GAS-BILLING-2026,B03,Alkalmazott díjak és MJ-alapú elszámolás,MVM Next Energiakereskedelmi Zrt.,https://www.mvmnext.hu/foldgaz/Kozszolgaltatasi-informaciok/Alkalmazott-dijak,undated,2026-08-22,current billing method,P2,OBS,HIGH,Public official web page; current legal text controls reuse,,"Normalised m3 × measured heating value × Ft/MJ; residential amount is VAT-inclusive."
SRC-B03-MVM-GAS-CALCULATOR-2026,B03,Éves lakossági földgáz árkalkulátor,MVM Next Energiakereskedelmi Zrt.,https://www.mvmnext.hu/foldgaz/Egyetemes-Szolgaltatas/Ugyintezes/Arak-dijszabasok/Eves-dijkalkulator/dijkalkulator,undated,2026-08-22,current calculator reference,P2,OBS,HIGH,Public official web page; reference value only,,"MVM calculator documents illustrative 34.87 MJ/m3 and correction factor 1; actual billing uses period-specific measured values."
SRC-B04-MVM-TARIFFS-2026,B04,Lakossági egyetemes szolgáltatói egységárak és árszabások,MVM Next Energiakereskedelmi Zrt.,https://www.mvmnext.hu/aram/pages/aloldal.jsp?id=791,undated,2026-08-22,current tariff conditions,P2,OBS,HIGH,Public web page; reuse terms require verification,,"Legacy source gate retained; current numeric M.1 and tariff-table snapshots are separately versioned in SRC-B04-MVM-M1-2026 and SRC-B04-MVM-RESIDENTIAL-TARIFF-2026."
SRC-B04-NFM-PRICE-RULES-2011,B04,4/2011. (I. 31.) NFM rendelet a villamos energia egyetemes szolgáltatás árképzéséről,Hatályos Jogszabályok Gyűjteménye,https://net.jogtar.hu/jogszabaly?docid=a1100004.nfm,2011-01-31,2026-08-12,current consolidated text,P1,POL,HIGH,Official legal text,,"Az A1 A2 B és H árszabások árképzési és választási kerete; a modell futtatásakor hatályossági ellenőrzés szükséges."
SRC-B04-MEKH-SYSTEM-FEES-2024,B04,10/2024. (XI. 14.) MEKH rendelet a villamos energia rendszerhasználati díjak és külön díjak alkalmazási szabályairól,Nemzeti Jogszabálygyűjtemény,https://njt.hu/jogszabaly/2024-10-20-5Z,2024-11-14,2026-08-22,current consolidated text,P1,POL,HIGH,Official legal text,,"A rendszerhasználati díjak alkalmazási szabályainak jogi forrása; 2026 numerical component bridge remains separately verified."
SRC-B05-JRC-COP-2023,B05,Heat pump efficiency and COP definition,European Commission Joint Research Centre,https://publications.jrc.ec.europa.eu/repository/bitstream/JRC134991/JRC134991_01.pdf,2023-01-01,2026-08-22,technical methodology summary,P1,OBS,HIGH,Public official report,,"JRC defines COP as useful heat output divided by electricity input; metadata only, no copyrighted standard text copied."
SRC-B05-JRC-EN14511-EN14825-2017,B05,Test method EN 14825 and relationship to EN 14511,European Commission Joint Research Centre,https://publications.jrc.ec.europa.eu/repository/bitstream/JRC109209/kjnc28961enn.pdf,2017-01-01,2026-08-22,standard-method summary,P1,OBS,HIGH,Public official report,,"Methodology metadata: EN 14511 operating-point testing; EN 14825 seasonal calculation. Standards text is not reproduced."
SRC-B05-EPREL-2026,B05,European Product Registry for Energy Labelling,European Commission,https://energy-efficient-products.ec.europa.eu/eprel_en,undated,2026-08-22,public product information,P1,OBS,HIGH,Public registry; API requires key,,"Lawful product-performance acquisition gate; product-level operating points require model-specific retrieval."
SRC-B05-EPREL-SPACEHEATERS-2026,B05,EPREL space-heater heat-pump public search,European Commission,https://eprel.ec.europa.eu/screen/product/spaceheaters,undated,2026-08-22,public product information,P1,OBS,HIGH,Public registry,,"Public model fields include rated heat output and seasonal efficiency; not treated as operating-point data by itself."
SRC-B05-HUNGARY-MET-ARCHIVE-2026,B05,Meteorológiai Adattár,HungaroMet / Országos Meteorológiai Szolgálat,https://www.met.hu/omsz/tevekenysegek/adattar/,undated,2026-08-22,open meteorological data policy,P1,OBS,HIGH,Open data with stated terms,,"Official Hungarian weather archive and metadata gate."
SRC-B05-HUNGARY-HOURLY-2026,B05,Automata állomások órás adatai,HungaroMet / Országos Meteorológiai Szolgálat,https://snack.met.hu/climate/observations_hungary/hourly/,undated,2026-08-22,hourly station observations,P1,OBS,HIGH,Public directory; coverage/quality requires selection,,"Hourly station observation acquisition gate; national 1-in-10 scenario definition remains Q."
SRC-B05-EU-HEATPUMP-REG-2016,B05,Commission Regulation (EU) 2016/2281 heat-pump test and seasonal data,European Commission,https://eur-lex.europa.eu/eli/reg/2016/2281/oj,2016-05-30,2026-08-22,current consolidated EU regulation,P1,POL,HIGH,Official legal text,,"Regulatory reference for standard conditions and seasonal/bin metadata; not a substitute for product data."
SRC-B05-SYNTHETIC-TEST-GRID,B05,Bounded synthetic performance grid for unit tests,Repository test fixture,https://github.com/Anonymoos-Rommel/hoszivattyu-akkumulator-orszagos-modell,2026-08-22,2026-08-22,test-only synthetic grid,P4,SCN,LOW,Repository-owned test fixture,,"SCN values only; never national/product OBS and never used to calibrate policy outcomes."
SRC-B05-ENGINE-CONTRACT-2026,B05,B05 physical engine contract and derived outputs,Anonymoos-Rommel/hoszivattyu-akkumulator-orszagos-modell,https://github.com/Anonymoos-Rommel/hoszivattyu-akkumulator-orszagos-modell,2026-08-22,2026-08-22,engine contract,P4,DER,MEDIUM,Repository contract,,"Formula and unit lineage for derived physical outputs; not external performance evidence."
SRC-B05-VAILLANT-AROTHERM-SPLIT-2019,B05,aroTHERM Split technical information,Vaillant Group UK Ltd.,https://professional.vaillant.co.uk/downloads/aproducts/renewables-1/arotherm-split-1/vaillant-arotherm-split-1-0-lr-1454128.pdf,2019-01-01,2026-08-22,manufacturer technical performance table,P2,OBS,HIGH,Public manufacturer PDF,,"Source-native A-7/A2/A7 W35 and A7/W55 capacity, effective electrical input and EN 14511 COP for 3.5/7/12 kW classes; displayed values are rounded."
SRC-B05-VAILLANT-AROTHERM-PLUS-2020,B05,aroTHERM plus 230V single technical data,Vaillant Group UK Ltd.,https://professional.vaillant.co.uk/downloads/product-brochures/arotherm-plus-230v-single-2626670.pdf,2020-08-20,2026-08-22,manufacturer technical performance table,P2,OBS,HIGH,Public manufacturer PDF,,"Source-native A2/A7 W35 and A7/W45/W55 plus A-7/W35 points and A7/W35 minimum/maximum range for 3.5/5.5/7.5 kW classes; displayed values are rounded."
SRC-B05-VAILLANT-SPLIT-EU-ORIGIN-2019,B05,aroTHERM Split EU manufacturing statement,Vaillant Group UK Ltd.,https://professional.vaillant.co.uk/downloads/aproducts/renewables-1/arotherm-split-1/vaillant-arotherm-split-1-0-lr-1454128.pdf,2019-01-01,2026-08-22,manufacturer origin statement,P2,OBS,HIGH,Public manufacturer PDF,,"Manufacturer states products are developed in Germany and manufactured exclusively in the EU; used as the origin gate for all aroTHERM Split rows."
SRC-B05-VAILLANT-PLUS-EU-ORIGIN-2020,B05,aroTHERM plus European production statement,Vaillant Group,https://www.vaillant-group.com/newsroom/publications/2020/tc-magazine/vgtakingcaremag19-20-1752679-en.pdf,2020-01-01,2026-08-22,manufacturer origin statement,P2,OBS,HIGH,Public manufacturer publication,,"Manufacturer describes EU production for aroTHERM plus components: indoor-unit production in Slovakia and outdoor-unit production in France; origin gate retained separately from performance table."
SRC-B05-STIEBEL-HPA-O-CS-PLUS-2022,B05,HPA-O CS Plus int technical and installation manual,STIEBEL ELTRON,https://www.stiebel-eltron.com/static/ste/docportal/manual/DM0000113814-fjw.pdf,undated,2026-08-22,manufacturer EN 14511 performance table,P2,OBS,HIGH,Public manufacturer PDF,,"Source-native A-7/A2/A7 W35 and W45 capacity, total input and COP for HPA-O 4 CS Plus int and HPA-O 8 CS Plus int; manual states integral auxiliary drives are included and shows Made in Germany type-plate evidence."
SRC-B05-STIEBEL-HIGH-SUPPLY-AUDIT-2026,B05,STIEBEL WPL-A supplementary high-supply planning table,STIEBEL ELTRON AG,https://www.stiebel-eltron.ch/content/dam/ste/ch/de/downloads/technik/planungsunterlagen/formulare/Technische%20Zusatzdokumentation.pdf,undated,2026-08-22,manufacturer supplementary planning document,P2,Q,MEDIUM,Public manufacturer PDF,,"P5 audit candidate: output-only A-15/W45 and A-15/W55 values with estimated/interpolated caveat; no complete total-unit input/COP triple and no HPA-O 4/8 promotion."
SRC-B05-STIEBEL-DEFROST-2026,B05,HPA-O CS Plus defrost and minimum-flow instructions,STIEBEL ELTRON,https://www.stiebel-eltron.com/toolbox/content/docs/anleitungen/installation/HPA_O_Plus/332107-43892-9726_HPA-O_3-8_CS_Plus_en.pdf,undated,2026-08-22,current manufacturer installation manual,P2,OBS,HIGH,Public manufacturer PDF,,"States that minimum flow and defrost energy must be assured and that an emergency/auxiliary heater may activate during defrost; does not provide a separable point-level defrost-energy series or EN 14511 inclusion boundary."
SRC-B05-VAILLANT-DEFROST-2026,B05,aroTHERM plus defrost volume and operating-control documentation,Vaillant Group,https://professional.vaillant.co.uk/downloads/aproducts/renewables-1/arotherm-plus/arotherm-plus-spec-sheet-1892564.pdf,undated,2026-08-22,current manufacturer technical documentation,P2,OBS,HIGH,Public manufacturer PDF,,"Specifies minimum heating-circuit volume for defrost; paired controls documentation exposes compressor anti-cycling time and compressor modulation but no measured cycling-loss coefficient or point-level defrost accounting."
SRC-B05-VAILLANT-CONTROLS-CYCLING-2026,B05,aroTHERM plus appliance interface operating instructions,Vaillant Group,https://professional.vaillant.co.uk/downloads/aproducts/renewables-1/arotherm-plus/appliance-interface-operating-and-installation-instructions-1799367.pdf,undated,2026-08-22,current manufacturer operating instructions,P2,OBS,HIGH,Public manufacturer PDF,,"Exposes compressor anti-cycling time and compressor modulation as controller states; no measured Cdh, cycling COP or defrost accounting boundary."
SRC-B05-EU-813-2013-CDH-2026,B05,Commission Regulation (EU) No 813/2013 Cdh definitions and default,European Commission,https://eur-lex.europa.eu/legal-content/EN/ALL/?uri=CELEX:32013R0813,2013-09-06,2026-08-22,current consolidated legal text,P1,POL,HIGH,Official EUR-Lex legal text,,"Defines cycling interval quantities and Cdh; if not determined by measurement the regulatory default is 0.9. This is a compliance-method POL value, not a product OBS or runtime penalty."
SRC-B05-STIEBEL-EU-ORIGIN-2026,B05,STIEBEL ELTRON production locations,STIEBEL ELTRON,https://www.stiebel-eltron.com/en/home/company/about-stiebel-eltron/locations.html,undated,2026-08-22,manufacturer production statement,P2,OBS,HIGH,Public manufacturer webpage,,"Manufacturer states Holzminden Germany produces air source heat pumps; used as separate EU-origin corroboration for HPA-O CS Plus int."
SRC-B04-MVM-M1-2026,B04,Elektromos egyetemes szolgáltatói üzletszabályzat M.1 melléklet 2026. március 1.,MVM Next Energiakereskedelmi Zrt.,https://www.mvmnext.hu/aram/servlet/download?id=16548&type=file,2026-03-01,2026-08-22,2026-03-01 onward,P1,OBS,HIGH,Public official PDF; current tariff appendix,,"A1/A2/B/H energiaárak, 27% ÁFA, 2523 kWh küszöb és H műszaki-jogi feltételek hivatalos aktuális forrása."
SRC-B04-MVM-RESIDENTIAL-TARIFF-2026,B04,Lakossági villamosenergia árak és díjtájékoztató,MVM Next Energiakereskedelmi Zrt.,https://www.mvmnext.hu/aram/servlet/download?id=16214&type=file,2024-12-01,2026-08-22,current tariff-table snapshot,P1,OBS,HIGH,Public official PDF; table is used as current tariff cross-check,,"Elosztói területenkénti végső bruttó A1/A2/H értékek és fix díj; a 2026 M.1 energiaárakkal együtt, a komponenshíd részleges státuszával kezelendő."
SRC-B04-MVM-H-FAQ-2026,B04,H tarifa gyakori kérdések,MVM Next Energiakereskedelmi Zrt.,https://gyik.mvmnext.hu/aram/h-tarifat-igenybe-tudok-venni-ha-arammal-futok,undated,2026-08-24,current customer rules,P1,OBS,HIGH,Public official page,,"Október 15.–április 15. idény, külön mért kéttarifás mérő, 3,4 szezonális fűtési tényező és 2523 kWh szabály; akkumulátor-gate-re nem ad explicit engedélyt."
SRC-B04-NJT-H-TARIFF-2026,B04,44/2008. (XII. 31.) KHEM rendelet H árszabásának hatályos szövege,Nemzeti Jogszabálytár,https://njt.hu/jogszabaly/2008-44-20-2M,2008-12-31,2026-08-24,current consolidated text,P1,POL,HIGH,Official legal text,,"A 9. § (9) a külön mért, állandóan bekötött, nem dugaszolható H-köri hőszivattyú és közvetlen segédberendezés fogyasztási körét írja le; akkumulátortöltést, kisütést vagy exportot nem engedélyez kifejezetten."
SRC-B04-MVM-HALOZAT-H-DATA-2026,B04,H-tarifás berendezések adatszolgáltatás,MVM Émász Áramhálózati Kft.,https://mvmhalozat.hu/htarifaadatszolgaltatas,undated,2026-08-24,current MVM Émász service page,P1,OBS,HIGH,Public official page,,"Territorial evidence only for the MVM Émász distribution area: H meter and connected eligible equipment are inventoried; the page does not authorize battery charging, discharge or export."
SRC-B04-MEKH-HMKE-EXPORT-2026,B04,Hálózati betáplálási lehetőség ellenőrzése,Magyar Energetikai és Közmű-szabályozási Hivatal,https://napeleminfo.mekh.hu/,undated,2026-08-24,current official portal,P1,POL,HIGH,Public official portal,,"HMKE export is POD- and distribution-area-specific and requires the DSO process/MGT; this is not an H-tariff battery-export authorization."
SRC-B04-MVM-TARIFF-OVERVIEW-2026,B04,Lakossági villamosenergia-tarifák áttekintése,MVM Next Energiakereskedelmi Zrt.,https://www.mvmnext.hu/aram/pages/aloldal.jsp?id=1926709,undated,2026-08-22,current tariff overview,P1,OBS,HIGH,Public official page,,"A/B/H mérőkörök, HMKE korlátozások és 27% ÁFA összefoglaló kapuja."
SRC-B04-MVM-BILLING-2026,B04,Részletes információk az áramszámláról,MVM Next Energiakereskedelmi Zrt.,https://www.mvmnext.hu/lakossagirezsi/reszletes-informaciok-az-aramszamlarol,undated,2026-08-22,current billing information,P1,OBS,HIGH,Public official page,,"A lakossági piaci végső bruttó ár és H idényen kívüli elszámolási logika ellenőrző forrása."
SRC-B04-HUPX-DATA-2026,B04,HUPX Data Reporting and market data licensing,HUPX Zrt.,https://hupx.hu/data-reporting,undated,2026-08-22,current data access terms,P1,POL,HIGH,Market data licensing/subscription applies,,"HUPX történeti és forward árak csak licencelt exportból; ebben a csomagban nincs jogosulatlan scrape."
SRC-B04-HUPX-DAM-REPORT-2026,B04,DAM HUPX Price Volume Report specification,HUPX Zrt.,https://hupx.hu/uploads/Kereskedes/Adatszolg%C3%A1ltat%C3%A1s/Info%20user/DAM_HUPX_Price_Volume_report_infouser_public_2022.pdf,2022-01-01,2026-08-22,public DAM report format,P1,OBS,HIGH,Public report specification,,"EUR/MWh day-ahead price-volume report formátum; aktuális és 2015–2026 teljes numerikus idősor külön Q."
SRC-B04-HUPX-MARCH-2026,B04,HUPX Spot March 2026 report,HUPX Zrt.,https://hupx.hu/sites/default/files/media/file/2026/04/HUPX_Spot_March_Report_2026.pdf,2026-04-01,2026-08-22,March 2026 observation,P1,OBS,HIGH,Public official report,,"Egyetlen hivatalos kontrollpont: 2026 márciusi DAM baseload 103.52 EUR/MWh; nem helyettesíti az egész történeti/forward sorozatot."
SRC-B04-MNB-FX-2026,B04,Árfolyamstatisztikák,Magyar Nemzeti Bank,https://statisztika.mnb.hu/publikacios-temak/arak_-arfolyamok/arfolyamok/arfolyamstatisztikak,undated,2026-08-22,current and historical FX,P1,OBS,HIGH,Public statistical page,,"EUR/HUF átszámítási kapu; konkrét napi FX érték a jelenlegi csomagban Q."
SRC-B05-HUNGARY-HOURLY-HIST-2026,B05,HungaroMet automata állomások órás historikus adatai,HungaroMet / Meteorológiai Adattár,https://odp.met.hu/climate/observations_hungary/hourly/historical/,undated,2026-08-22,2002-2025 station archives,P1,OBS,HIGH,Open data with attribution and no-change terms,,"Five-station bounded panel; raw ZIPs are acquisition inputs and are not stored in Git."
SRC-B05-HUNGARY-HOURLY-DESC-2026,B05,HABP_1H historikus órás adatformátum leírása,HungaroMet / Meteorológiai Adattár,https://odp.met.hu/climate/observations_hungary/hourly/historical/Leiras_automata_oras-HABP_1H_hist-hu.pdf,undated,2026-08-22,current dataset description,P1,OBS,HIGH,Open data with attribution and no-change terms,,"UTC Time, ta/t/tn/tx/u semantics and -999 missing sentinel."
SRC-B05-HUNGARY-STATION-META-2026,B05,Automata állomások meta információi,HungaroMet / Meteorológiai Adattár,https://odp.met.hu/climate/observations_hungary/hourly/station_meta_auto.csv,undated,2026-08-22,current station metadata,P1,OBS,HIGH,Open data with attribution and no-change terms,,"Station identifiers, coordinates, elevation, names and available periods."
SRC-B05-HUNGARY-ODP-TERMS-2026,B05,Meteorológiai Adattár általános felhasználási feltételek,HungaroMet Nonprofit Zrt.,https://odp.met.hu/ODP_altalanos_felhasznalasi_feltetelek.pdf,undated,2026-08-22,current terms,P1,OBS,HIGH,Attribution required; changes require prior permission,,"Derived bounded materialization only; no raw ZIP redistribution."
SRC-B05-HUNGARY-CLIMATE-NORMAL-2026,B05,1991-2020 klimatológiai normál módszertan,HungaroMet,https://www.met.hu/eghajlat/magyarorszag_eghajlata/altalanos_eghajlati_jellemzes/felhasznalt_adatok/,undated,2026-08-22,1991-2020,P1,OBS,HIGH,Public official climate information,,"Homogenized and quality-controlled climate series remain separate from raw observed hourly event records."
SRC-B05-STIEBEL-HPA-O-P4-COLD-2025,B05,HPA-O CS Plus int cold-side planning data table,STIEBEL ELTRON,https://www.stiebel-eltron.com/toolbox/content/docs/anleitungen/installation/HPA_O_Plus/332107-43892-9726_HPA-O_3-8_CS_Plus_en.pdf,undated,2026-08-22,current manufacturer planning/installation manual,P2,OBS,HIGH,Public manufacturer PDF,,"Source-native A-15/W35 capacity, total-unit input and COP for HPA-O 4 CS Plus int and HPA-O 8 CS Plus int; integral auxiliary drives included; heat-source application limit is not a performance point."
SRC-B06-JRC-HVAR-2018,B06,Energy efficiency in European zero-energy district case studies – Hvar Island case study,European Commission Joint Research Centre,https://publications.jrc.ec.europa.eu/repository/bitstream/JRC115188/kjna29734enn.pdf,undated,2026-08-22,2012-2013 renovation cases,P1,DER,HIGH,European Commission publication; reuse with attribution,,"JRC case-study table reports before/after annual heat demand for five private dwellings and six public buildings; intervention packages combine envelope and sometimes heating-system measures; no design-peak series."
SRC-B06-EC-CONCERTO-EXEC-2010,B06,Overall energy performance of the 26 CONCERTO communities – executive summary,AIT Austrian Institute of Technology / European Commission CONCERTO,https://smart-cities-marketplace.ec.europa.eu/sites/default/files/2021-03/CONCERTO-OVERALL_ENERGY_PERFORMANCE_OF_THE_26_COMMUNITIES_EXECUTIVE_SUMMARY.pdf,undated,2026-08-22,CONCERTO first-generation communities,P1,DER,HIGH,European Commission co-funded report; reuse with attribution,,"Program-level design-data comparison uses EUROSTAT HDD18/15 correction; heating figures explicitly include DHW preparation, so not directly usable as isolated space-heating effect."
SRC-B06-REHVA-TIMISOARA-2012,B06,Calculated and measured energy use before and after thermal renovation for Romanian apartment buildings,REHVA Journal / Politehnica University of Timisoara,https://build-up.ec.europa.eu/sites/default/files/content/Mrs%20Brata.pdf,undated,2026-08-22,2007-2010 five apartment blocks,P2,OBS,HIGH,Public article hosted by EU BUILD UP; reuse with attribution,,"Five Timisoara blocks report measured heating and separately estimated/measured DHW ranges before and after envelope/system works; the source does not provide weather-normalized before/after savings."
SRC-B06-EC-DECARBONAITE-UDDEVALLA-2023,B06,DecarbonAIte: advancing sustainable building renovation in Sweden through AI,European Commission BUILD UP / DecarbonAIte,https://build-up.ec.europa.eu/en/resources-and-tools/articles/technical-article-decarbonaite-advancing-sustainable-building,undated,2026-08-22,Uddevalla 2020 renovation case,P2,OBS,HIGH,Public EU BUILD UP article; reuse with attribution,,"Measured pre/post heating energy was used for calibration and the article reports a 16% measured reduction, but the 2017 and 2020 climates differ and no normalized peak load is published."
SRC-B06-JRC-RENOVATION-METHOD-2024,B06,Energy performance of buildings – renovation measurement and normalisation guidance,European Commission Joint Research Centre,https://publications.jrc.ec.europa.eu/repository/bitstream/JRC139118/JRC139118_01.pdf,undated,2026-08-22,current JRC guidance,P1,DER,HIGH,European Commission publication; reuse with attribution,,"Method guidance requires weather, occupancy, operation and end-use separation; Eurostat HDD/long-period correction is a method boundary, not an intervention effect."
SRC-B07-VARTA-PULSE-NEO-2024,B07,VARTA pulse neo manufacturer brochure,VARTA Storage GmbH,https://www.varta-ag.com/fileadmin/varta/consumer/downloads/energy-storage/varta-pulse-neo/en/Brochure_pulse_neo_B2C_EN.pdf,undated,2026-08-24,current product brochure,P1,OBS,HIGH,Third-party source terms,,"6.5 kWh nominal; 2.5/2.3 kW AC charge/discharge; NMC; 5–30 C; product brochure efficiency boundary is not direction-specific AC/grid; 90% DoD."
SRC-B07-HTW-PULSE-NEO-2023,B07,Stromspeicher-Inspektion 2023 – VARTA pulse neo 6,HTW Berlin,https://solar.htw-berlin.de/wp-content/uploads/HTW-Stromspeicher-Inspektion-2023.pdf,2023-03-09,2026-08-24,2023 study,P1,OBS,HIGH,Public research report,,"Names VARTA pulse neo 6 as AC-coupled system A1; reports 97.8% battery efficiency and separates AC-system SPI from AC2BAT/BAT2AC curves. No single product charge/discharge AC efficiency pair is published in the captured facts; no certification claim is made."
SRC-B07-VARTA-MADE-IN-GERMANY-2022,B07,VARTA Storage German production statement,VARTA AG,https://www.varta-ag.com/en/about-varta/news-press/details/varta-launches-gigafactory-for-energy-storage-systems,2022-02-02,2026-08-24,current manufacturer statement,P1,OBS,HIGH,Third-party source terms,,"Manufacturer states residential storage systems are developed and manufactured at German locations; exact cell origin remains Q."
SRC-B07-SONNEN-10-PERFORMANCE-2026,B07,sonnenBatterie 10 performance product page,sonnen GmbH,https://www.sonnen.de/stromspeicher/sonnenbatterie-10-performance,undated,2026-08-24,current product page,P1,OBS,HIGH,Third-party source terms,,"11 kWh entry capacity; 7 kW entry charge/discharge; LFP; 10 years/10,000 cycles and 80% module capacity warranty; no exact product-specific charge/discharge efficiency published on the captured page."
SRC-B07-SONNEN-EFFICIENCY-EXPLAINER-2026,B07,sonnen efficiency and conversion-loss explainer,sonnen GmbH,https://www.sonnen.de/wissen/wirkungsgrad-wandlungsverluste/,undated,2026-08-24,current manufacturer explainer,P1,OBS,HIGH,Public official webpage,,"Describes a practical 75–80% whole-system example and explains inverter/battery/self-consumption losses; explicitly not a product datasheet value or direction-specific runtime input."
SRC-B07-SONNEN-MADE-IN-GERMANY-2023,B07,sonnen German production statement,sonnen GmbH,https://sonnen.de/presse/sonnen-faehrt-produktion-weiter-hoch/,2023-05-25,2026-08-24,current manufacturer statement,P1,OBS,HIGH,Third-party source terms,,"Manufacturer states home-storage production Made in Germany at Wildpoldsried; exact cell origin remains Q."
SRC-B07-SYNTHETIC-PHYSICAL-FIXTURE,B07,B07 P1 deterministic physical fixture,Repository-created,https://github.com/Anonymoos-Rommel/hoszivattyu-akkumulator-orszagos-modell,2026-08-24,2026-08-24,repository test fixture,P3,SCN,HIGH,CC BY-SA 4.0,,"Synthetic mechanics fixture only; not household observation or national calibration."
SRC-B08-SCN-GRID-FIXTURE,B08,Bounded B08 electrical grid-load SCN fixture,Repository-created,https://github.com/Anonymoos-Rommel/hoszivattyu-akkumulator-orszagos-modell/blob/main/data/fixtures/b08_grid_load_scn.json,2026-08-25,2026-08-25,2026 SCN fixture,P3,SCN,MEDIUM,CC BY-SA 4.0,,"Bounded dataset-level fixture only; explicit region scheme; no Hungarian or national claim."
SRC-B08-ENTSOE-ACTUAL-TOTAL-LOAD-2026,B08,Actual Total Load [6.1.A] – A65/A16/A04,ENTSO-E,https://web-api.tp.entsoe.eu/api,undated,2026-09-01,2015-present subject to platform availability,P1,OBS,HIGH,ENTSO-E Transparency Platform Terms; A65 reuse is not established by the inspected 2023-10-18 free-reuse list,,Source-native realised total load query; Hungarian EIC 10YHU-MAVIR----U; control-area/bidding-zone grain only; API requires registered-user token; raw responses deliberately external; runtime OBS still requires explicit REUSE_CLEARED.
SRC-B08-ENTSOE-DDD-2023,B08,Detailed Data Descriptions v3r4 – total load semantics,ENTSO-E,https://eepublicdownloads.entsoe.eu/clean-documents/Transparency/MoP_Ref2_DDD_v3r4.pdf,2023-12-15,2026-09-01,v3r4 methodology,P1,OBS,HIGH,Public official methodology; reuse terms for data remain separate,,Defines Actual Total Load, real-time MTU average, MW formula, H+1 publication and the forecast distinction; may estimate an unknown net-generation component, so no component reconstruction is performed.
SRC-B08-ENTSOE-REST-API-IG-2024,B08,RESTful API Implementation Guide – load extraction,ENTSO-E,https://transparency.entsoe.eu/content/static_content/Static%20content/web%20api/RestfulAPI_IG.pdf,undated,2026-09-01,API guide version published by platform,P1,OBS,HIGH,Public official technical guide; API access requires registration/token,,A65 plus A16, A04, OutBiddingZone_Domain and UTC PeriodStart/PeriodEnd query contract; XML response is the machine-readable intake path.
SRC-B08-ENTSOE-MARKET-AREAS-2024,B08,Market Areas v2.0 – Hungarian area EIC,ENTSO-E,https://www.entsoe.eu/fileadmin/user_upload/edi/library/downloads/Market_Areas_v2.0.pdf,undated,2026-09-01,current published market-area reference,P1,OBS,HIGH,Public official reference document; reuse terms require verification,,Identifies 10YHU-MAVIR----U as Hungary's market/control/bidding/scheduling area code; it does not create DSO or county topology.
SRC-B08-ENTSOE-REUSE-LIST-2019,B08,List of data available for free re-use (historical),ENTSO-E,https://transparency.entsoe.eu/content/static_content/Static%20content/terms%20and%20conditions/190107_List_of_Data_available_for_reuse.pdf,2019-01-07,2026-09-01,historical; superseded by 2023-10-18 list,P1,OBS,HIGH,ENTSO-E Terms and Conditions; only listed data are free to reuse without primary-owner agreement,,Historical list retained for audit trail; it does not establish free reuse for Actual Total Load.
SRC-B08-ENTSOE-TERMS-2023,B08,General Terms and Conditions of Use of ENTSO-E Transparency Platform,ENTSO-E,https://transparency.entsoe.eu/content/static_content/download?path=%2FStatic+content%2Fterms+and+conditions%2F230309_ENTSOE_Transparency_Terms_Conditions_MC_APPROVED.pdf,2023-03-09,2026-09-01,2023 terms,P1,OBS,HIGH,Official ENTSO-E terms; attribution and primary-owner reuse conditions apply,,Governing terms context inspected alongside the 2023-10-18 free-reuse list; does not itself clear A65 reuse.
SRC-B08-ENTSOE-REUSE-LIST-2023,B08,List of Data Available for Free Re-use (last modified 2023-10-18),ENTSO-E,https://transparency.entsoe.eu/content/static_content/download?path=%2FStatic+content%2Fterms+and+conditions%2F231018_List_of_Data_available_for_reuse.pdf,2023-10-18,2026-09-01,2023-10-18 list,P1,OBS,HIGH,CC BY 4.0 for listed data only; A65 reuse not established,,Lists day/week/month/year-ahead total-load forecasts and other specified items; Actual Total Load/A65 is not listed. Omission is not treated as a prohibition; runtime clearance remains acquisition-specific and unresolved.
SRC-B08-MAVIR-RTDW-PUBLICATION-2026,B08,MAVIR publikáció – public VER/system data interface,MAVIR ZRt.,https://rtdwweb.mavir.hu/rtdwweb/webuser/GenerateChartsServlet?hunLang=hu-hu&tabId=tab7679,undated,2026-09-01,current public interface,P1,OBS,MEDIUM,Public UI with no captured stable machine schema or explicit reuse terms,,The interface exposes date range resolution format and export controls but this audit did not establish a reproducible API/download contract or licence for numeric repository inclusion; candidate remains non-canonical for this slice.
SRC-B09-SCN-SUPPLY-FIXTURE,B09,Bounded B09 delivered-supply SCN fixture,Repository-created,https://github.com/Anonymoos-Rommel/hoszivattyu-akkumulator-orszagos-modell/blob/main/data/fixtures/b09_supply_adequacy_scn.json,2026-08-25,2026-08-25,2026 SCN fixture,P3,SCN,MEDIUM,CC BY-SA 4.0,,"Repository-created bounded supply panel; no national generation, dispatch, market or storage claim."
SRC-B09-ENTSOE-ACTUAL-GENERATION-TYPE-2026,B09,Actual Generation per Production Type [16.1.B&C] – A75/A16,ENTSO-E,https://web-api.tp.entsoe.eu/api,undated,2026-09-01,2015-present subject to platform availability,P1,OBS,HIGH,ENTSO-E Transparency Platform Terms; A75 raw-response reuse not established,,"A75/A16 source-native actual generation at Hungarian EIC 10YHU-MAVIR----U production-type/control-area grain; API requires registered access/token; source actual values may include provider estimates; no raw response committed; runtime OBS requires REUSE_CLEARED."
SRC-B09-ENTSOE-DDD-2023,B09,Detailed Data Descriptions v3r4 – generation semantics,ENTSO-E,https://eepublicdownloads.entsoe.eu/clean-documents/Transparency/MoP_Ref2_DDD_v3r4.pdf,2023-12-15,2026-09-01,v3r4; 16.1.B&C,P1,OBS,HIGH,Public official methodology; reuse terms remain separate,,"Defines aggregated generation per type as actual net generation output in MW per market time unit and production type; A75 estimate caveat for unknown output/small-scale measurement; v3r4 is the latest relevant DDD artifact directly verified for this slice."
SRC-B09-ENTSOE-PROCESS-IG-03,B09,Generation and Load Process Implementation Guide version 0.3 – Draft,ENTSO-E,https://transparency.entsoe.eu/content/static_content/download?path=%2FStatic+content%2Fweb+api%2FIG-for-TP-data-extraction-process.pdf,undated,2026-09-01,Version 0.3 draft,P1,OBS,MEDIUM,Public official technical guide; API access requires registration/token,,"Generation/load dependency tables support A75/A16/A01/A93/A94/A08, InBiddingZone_Domain and the documented request/response extraction path; use the exact source document version only."
SRC-B09-ENTSOE-MOP-V35,B09,Manual of Procedures v3.5 package,ENTSO-E,https://eepublicdownloads.blob.core.windows.net/public-cdn-container/clean-documents/mc-documents/transparency-platform/MOP/MoP_v3r5_final.zip,undated,2026-09-01,current revision page states v3.5 package available,P1,OBS,HIGH,Official ENTSO-E publication; reuse terms remain separate,,"Current ENTSO-E MoP page identifies v3.5 as the latest revision context. This row does not claim that v3.5 supersedes the directly verified v3r4 DDD 16.1.B&C text."
SRC-B09-ENTSOE-GENERATION-UI-2026,B09,Actual Generation per Production Type platform data view,ENTSO-E,https://transparency.entsoe.eu/generation/r2/actualGenerationPerProductionType/show?name=,undated,2026-09-01,current inspected platform view,P1,OBS,MEDIUM,Public UI; export requires login and reuse terms remain separate,,"Confirms product identity Aggregated Generation per Type [16.1.B&C], Control Area/Bidding zone/Country selectors and production-type table; corroboration only, not the canonical raw intake."
SRC-B09-ENTSOE-TERMS-2023,B09,General Terms and Conditions of Use of ENTSO-E Transparency Platform,ENTSO-E,https://transparency.entsoe.eu/content/static_content/download?path=%2FStatic+content%2Fterms+and+conditions%2F230309_ENTSOE_Transparency_Terms_Conditions_MC_APPROVED.pdf,2023-03-09,2026-09-01,2023 terms,P1,OBS,HIGH,Official ENTSO-E terms; attribution and primary-owner reuse conditions apply,,"Governing terms context inspected with the 2023 free-reuse list; does not itself clear A75 raw-response reuse."
SRC-B09-ENTSOE-REUSE-LIST-2023,B09,List of Data Available for Free Re-use (last modified 2023-10-18),ENTSO-E,https://transparency.entsoe.eu/content/static_content/download?path=%2FStatic+content%2Fterms+and+conditions%2F231018_List_of_Data_available_for_reuse.pdf,2023-10-18,2026-09-01,2023-10-18 list,P1,OBS,HIGH,CC BY 4.0 for listed data only; A75 reuse not established,,"Lists day/week/month/year-ahead total-load forecasts and other specified items; Actual Generation per Production Type/A75 is not listed. Omission is not treated as prohibition; acquisition-specific clearance remains unresolved."
SRC-B10-OPUS-TITASZ-CONSUMPTION-HEADROOM-2026,B10,OPUS TITÁSZ consumption-purpose headroom publication,OPUS TITÁSZ Áramhálózati Zártkörűen Működő Részvénytársaság,https://www.opustitasz.hu/storage/documents/ugyfelek/halozati-szolgaltatasok/Al%C3%A1llom%C3%A1sok_szabad_kapacit%C3%A1sai.pdf,2026-07-22,2026-09-01,EFFECTIVE_2026-07-22; current/five-year free capacity,P2,OBS,HIGH,Copyrighted OPUS material; republication/storage beyond personal use requires prior written permission; raw PDF external,3550266167435880f2055497aa5da5d5a4d04240cbfaac4c1425c46b8f4e8e48,"Official OPUS TITÁSZ publication. Source-native fields are station_code, station_name, current free capacity MW and five-year forecast free capacity MW; values are indicative estimates, not MGT/connection permission. Station code is not assumed unique: DEBR repeats; exact source-row key is (station_code, station_name). No voltage, N-1 or peak field is invented; no raw PDF is committed."
SRC-B10-OPUS-TITASZ-HEADROOM-LANDING-2026,B10,OPUS TITÁSZ Alállomások szabad kapacitásai landing page,OPUS TITÁSZ Áramhálózati Zártkörűen Működő Részvénytársaság,https://www.opustitasz.hu/ugyfelek/halozati-szolgaltatas-es-termekek/alallomasok-szabad-kapacitasai,undated,2026-09-01,Current official landing page,P2,OBS,HIGH,Official OPUS webpage; linked PDF reuse remains subject to legal notice,,"Identifies the official publication link for current and forward-looking free-capacity data. Landing-page authority does not create additional fields or assessment permission."
SRC-B10-OPUS-TITASZ-LEGAL-2026,B10,OPUS TITÁSZ legal notice,OPUS TITÁSZ Áramhálózati Zártkörűen Működő Részvénytársaság,https://www.opustitasz.hu/jogi-nyilatkozat,undated,2026-09-01,Current legal notice,P2,OBS,HIGH,Official legal notice; prior written consent required for non-personal-use storage/copying/distribution,,"Confirms that downloadable documents and information materials are copyright-protected and reuse beyond personal use requires prior written consent; no REUSE_CLEARED decision is inferred."
SRC-B10-OPUS-TITASZ-COMPANY-2026,B10,OPUS TITÁSZ company identity / public information,OPUS TITÁSZ Áramhálózati Zártkörűen Működő Részvénytársaság,https://www.opustitasz.hu/kozszolgalati-informaciok,undated,2026-09-01,Current company information,P2,OBS,HIGH,Official OPUS public-information page,,"Confirms legal company name OPUS TITÁSZ Áramhálózati Zártkörűen Működő Részvénytársaság and short name OPUS TITÁSZ Zrt.; no DSO-to-county crosswalk is created."
SRC-B10-MVM-DEMASZ-CONSUMPTION-HEADROOM-2026,B10,MVM Démász consumption-purpose free-capacity publication,MVM Démász Áramhálózati Kft.,https://mvmhalozat.hu/attachments/41914,undated,2026-09-01,2026-09-01 publication,P1,OBS,HIGH,Official MVM Démász publication; numeric PDF redistribution clearance was not established; raw PDF remains external,,"Official DSO publication containing consumption-purpose station-level current and five-year headroom-related fields. Values are indicative/network-calculated information, not MGT or connection permission; no national aggregation authority; raw PDF is not committed by B10-P1."
SRC-B10-MVM-DEMASZ-HEADROOM-METHOD-2026,B10,MVM Démász free-capacity methodology / interpretation,MVM Démász Áramhálózati Kft.,https://mvmhalozat.hu/attachments/41913,undated,2026-09-01,2026-09-01 methodology,P1,OBS,HIGH,Official MVM Démász methodology; numeric source reuse clearance was not established; raw PDF remains external,,"Preserves current consumption-side free-capacity methodology: N-1 transformer capacity versus measured winter-evening peak load; five-year planning/prognosis semantics; indicative nature; individual technical/MGT assessment remains separate."
SRC-B10-MEKH-NETWORK-DEVELOPMENT-2026,B10,MEKH official regulatory network-development decision portal,Magyar Energetikai és Közmű-szabályozási Hivatal,https://www.mekh.hu/,undated,2026-09-01,current official regulatory portal,P1,OBS,HIGH,Official regulator portal; project-level reuse and status require document-specific verification,,"Fresh source audit anchor for regulatory/authority evidence. The portal's existence does not by itself prove a project, cost, funding status or programme causality."
SRC-B10-MAVIR-GRID-DEVELOPMENT-2026,B10,MAVIR official operational rules and network-planning publication area,MAVIR ZRt.,https://www.mavir.hu/,undated,2026-09-01,current official system-operator portal,P1,OBS,HIGH,Official system-operator publication area; project-level reuse and status require document-specific verification,,"Fresh source audit confirms official MAVIR publication authority. No project list, amount, completion status or DSO mapping is inferred from the portal alone."
SRC-B10-MVM-NETWORK-PROJECTS-2024,B10,Kis- és középfeszültségű hálózatfejlesztések hivatalos közlés,MVM Hálózat,https://www.mvmhalozat.hu/aram/aktualitasok/55853,2024-09-17,2026-09-01,2024 MVM network-development communication,P4,OBS,HIGH,Official MVM communication; project-specific contractual/funding evidence must be separately bound,,"The communication confirms a defined MVM network-development programme and RRF context, but it is not by itself a complete project-level baseline ledger and does not prove programme causality for the heat-pump/battery programme."
SRC-B10-OPUS-RRF-NETWORK-PROJECT-2022,B10,OPUS TITÁSZ több tízmilliárdos hálózatfejlesztési projekt,OPUS TITÁSZ Áramhálózati Zrt.,https://www.opustitasz.hu/storage/documents/tarsasagunk/sajtokozlemenyek-hirek/sajtokozlemenyek/Press_rel_T%C3%B6bb_t%C3%ADzmilli%C3%A1rdos_h%C3%A1.pdf,2022-08-15,2026-09-01,RRF-6.1.1-21 project communication,P4,OBS,HIGH,Official OPUS communication; contract/funding and project-row identity require separate verification,,"Fresh official-source audit records the disclosed RRF network-development project context. Its published programme totals are not copied into the B10 baseline or incremental registries; public announcement is not treated as a programme-induced incremental cost."
SRC-B10-MVM-DEMASZ-RRF-PROJECT-2026,B10,MVM Démász RRF project page — service-area network developments,MVM Démász Áramhálózati Kft.,https://mvmhalozat.hu/aram/oldalak/54325,undated,2026-09-02,RRF-6.1.1-21-2022-00006 project page,P4,OBS,HIGH,Official MVM project page; exact project/grant facts are OBS; page is not completion authority,,"Binds the exact project identifier, beneficiary and multi-asset service-area scope. This project page is the authority for exact grant 42,909,187,827 HUF and 50% support rate. OPERATING/completion and 782 MW realised renewable/PV integration capability are bound separately to the 2026-06-15 completion communication."
SRC-B10-MVM-DEMASZ-RRF-COMPLETION-2026,B10,MVM Démász RRF project completion communication,MVM Démász Áramhálózati Kft.,https://www.mvmhalozat.hu/aram/aktualitasok/126245,2026-06-15,2026-09-02,RRF-6.1.1-21-2022-00006 completion publication,P4,OBS,HIGH,Official completion communication; source-native OPERATING status and realised 782 MW capability are OBS; financial wording is rounded,,"Explicitly states successful completion of RRF-6.1.1-21-2022-00006, the beneficiary, realised network scope and 782 MW realised renewable/PV integration capability. Its support wording is rounded (more than 42.909 billion HUF), so it is not the authority for the exact 42,909,187,827 HUF grant. No exact total project cost is recorded or derived."
SRC-B10-OPUS-TITASZ-RRF-PROJECT-2026,B10,OPUS TITÁSZ RRF project page,OPUS TITÁSZ Áramhálózati Zrt.,https://www.opustitasz.hu/tarsasagunk/fejlesztesi-projektek/rrf-projekt,undated,2026-09-02,RRF-6.1.1-21-2022-00001 project page,P4,OBS,HIGH,"Official OPUS project/funding page; exact project, support and total-cost facts are OBS; page is not OPERATING authority",,"Binds the exact project identifier, operator and service-area scope. This project/funding page is the authority for exact total project cost 41,489,280,000 HUF and exact support 20,744,640,000 HUF. It separately states 378 MW project-page capability; this is not relabelled as realised completion capacity. OPERATING status is bound to the completion communication."
SRC-B10-OPUS-TITASZ-RRF-COMPLETION-2026,B10,OPUS TITÁSZ RRF project completion communication,OPUS TITÁSZ Áramhálózati Zrt.,https://www.opustitasz.hu/tarsasagunk/sajtokozlemenyek-hirek/sajtokozlemenyek/az-opus-titasz-tobb-mint-41-milliard-forint-ertekben-valositott-meg-halozatfejlesztest-az-rrf-program-kereteben,2026-06-15,2026-09-02,RRF-6.1.1-21-2022-00001 completion publication,P4,OBS,HIGH,Official completion communication; source-native OPERATING status and realised 261 MW capability are OBS; financial wording is rounded,,"Explicitly states completion of RRF-6.1.1-21-2022-00001 and reports 261 MW realised additional weather-dependent integration capability. Its financial wording is rounded (41.489 billion HUF total; 20.744 billion HUF support), so it does not mint the higher-precision exact ledger cost. Exact financial values are bound to the separate project/funding page."
SRC-B10-MVM-DEMASZ-NETWORK-BUILD-MGT-2026,B10,"Új csatlakozás, teljesítménynövelés, fázisbővítés hálózatépítéssel",MVM Démász Áramhálózati Kft.,https://mvmhalozat.hu/aram/oldalak/1477,undated,2026-09-02,current official connection/network-build process,P1,OBS,HIGH,Official public web page; reuse terms require verification,,"Official DSO process authority: insufficient existing network may require network construction; after request/site assessment the MGT states required works, expected implementation deadline and estimated payable costs, later refined after detailed design. This is not programme-causality evidence, not a nationwide reinforcement-cost dataset, and customer-payable connection cost is not automatically programme-incremental CAPEX."
SRC-B10-OPUS-TITASZ-RRF-TIMING-2024,B10,Hálózatfejlesztésekkel teszi lehetővé újabb napelemek telepítését az OPUS TITÁSZ Zrt.,OPUS TITÁSZ Áramhálózati Zrt.,https://www.opustitasz.hu/tarsasagunk/sajtokozlemenyek-hirek/sajtokozlemenyek/halozatfejlesztesekkel-teszi-lehetove-ujabb-napelemek-telepiteset-az-opus-titasz-zrt,2024-09-30,2026-09-02,RRF-6.1.1-21-2022-00001 ex-ante timing snapshot,P4,OBS,HIGH,Official OPUS public communication; raw content remains external,,"Dated ex-ante timing authority for project RRF-6.1.1-21-2022-00001: 378 MW target by 2026-04-03 and expectation to meet/exceed it by that date. Not a generic delay model, completion probability, programme causality or CAPEX authority."
SRC-B06-HU-OFP-RRF-2024,B06,Otthonfelújítási Program RRF-REP-10.13.1-24,Magyar Fejlesztési Bank,https://www.mfb.hu/kozlemenyek/megjelent-az-otthonfelujitasi-program-lakossagi-energiahatekonysagi-beruhazasok-n1513,2024-06-18,2026-09-20,2024 programme,P1,POL,HIGH,Official public webpage; reuse terms require verification,,"Official Hungarian programme rule for at least 30% primary-energy reduction from pre-project state supported by a Hiteles Energetikai Tanúsítvány; gate authority only."
SRC-B06-HU-OFP-KEHOP-2026,B06,Energiamegtakarítást célzó otthonfelújítási programok családi házakhoz Budapesten és vidéken,Magyar Fejlesztési Bank,https://www.mfb.hu/energiamegtakaritast-celzo-otthonfelujitasi-programok-csaladi-hazakhoz-budapesten-es-videken-s2830,2026-01-21,2026-09-20,2026 current programme,P1,POL,HIGH,Official public webpage; reuse terms require verification,,"Current programme requires demonstrable at least 30% primary-energy savings per building and states financing may be recovered if the required post-project saving is not achieved; no completed-project microdata are inferred. P90 programme-page audit: the inspected official page states >=30% primary-energy saving and eligible measures including insulation/window replacement, but no building-level n50 target is stated there. Therefore the P90 airtightness target is not labelled an MFB eligibility requirement. P108 window-component use: the current official programme scope includes window replacement/energy-saving modernization as an eligible building-envelope action. This is action/programme authority only; realized replacement still requires the P64 completion chain."
SRC-B06-HU-RENOPONT-KESZTHELY,B06,Társasház felújítás Keszthelyen,Budapest Főváros / RenoPont,https://budapest.hu/api/file/doc/ta-rsasha-zi-laka-sok-a4-ka-zika-nyv-jav.pdf,undated,2026-09-20,2017-2018 case,P2,DER,MEDIUM,Public municipal PDF; reuse terms require verification,,"Bounded Hungarian case reports 220 to 126-129 kWh/m2a and 41-42.5% saving versus the 2017 base year. Context/calibration only."
SRC-B06-HU-RENOPONT-FAMILY-3600-1600,B06,Két generációs családi ház a 80-as évekből,Budapest Főváros / RenoPont,https://budapest.hu/api/file/doc/aha-energia-csaladi-hazak-kezikonyv.pdf,undated,2026-09-20,case year not stated,P2,OBS,MEDIUM,Public municipal PDF; reuse terms require verification,,"Bounded Hungarian case reports gas use 3600 to 1600 m3 (56%) after combined retrofit; weather normalisation and DHW separation are not stated, so no generic effect factor is admitted."
SRC-B06-HU-ZALAVAR-HET-ZBR-2015,B06,HET-00259140 / ZBR EH 09 pre-renovation calculation,Összefog / OÉNY-linked public certificate package,https://www.osszefog.hu/doc/6_melleklet_zalavar_u_4_hiteles_energetikai_tanusitvany.pdf,2015-04-21,2026-09-20,2015 pre-renovation residential calculation,P2,DER,HIGH,Public PDF; reuse terms require verification,,"Real Hungarian 19-dwelling residential building; same pre-renovation phase carries annual net heating demand inputs and a source-native 132.35 kW estimated design heat demand. No raw PDF committed."
SRC-B06-HU-EKR-18-2025,B06,18/2025. (VII. 31.) EM rendelet consolidated EKR execution rules,Nemzeti Jogszabálytár,https://njt.hu/jogszabaly/2025-18-20-8Y,2025-07-31,2026-09-20,current consolidated text,P1,POL,HIGH,Official legal text,,"Current Hungarian legal authority for record-level annual heating-demand/consumption evidence including HET-supported routes; does not itself provide a design-peak kW field. P88 section 2.8 authority: the official heat-recovery method applies 0.35*V*c*n_required*(eta_new-eta_old), so heat recovery acts on required ventilation flow; it does not establish national HRV prevalence or installed eta. P104 current window-compliance authority: current catalogue measures 1.2/1.4/1.6 are window-replacement routes (action type 1103), require RAL installation and post-action compliance with 9/2023 EKM Annex 1 U requirements. The technical record captures new opening type/U directly or via manufacturer/type/U performance declarations depending route, plus completion documentation. This qualifies a record-level verified specification/compliance route, not a public national cohort share. P109 taxonomy binding: current section 1.2 identifies measure type 1103 as building-structure renovation / window replacement and requires explicit technical parameters including old/new opening U values on the detailed route. KEHOP completion use of the MEKH category list can identify 1103 action class, but category identity alone is not proof that a HEM was created or registered."
SRC-B02-EU-ECODESIGN-VENTILATION-1253-2014,B02,Commission Regulation (EU) No 1253/2014 - ecodesign requirements for ventilation units,European Commission / EUR-Lex,https://eur-lex.europa.eu/eli/reg/2014/1253/oj/eng/pdf,2014-11-25,2026-09-22,2014 regulation referenced by current Hungarian EKR,P1,POL,HIGH,Official Journal of the European Union,,"Annex IV requires residential ventilation-unit product information to declare heat-recovery-system type and thermal efficiency. P88 uses that declared eta only as selected-product/procurement/project evidence; it is not a national population distribution and not proof of installed commissioned performance."
SRC-B06-HU-ZALAVAR-ZBR-PRE-2015,B06,ZBR EH 09 existing-state calculation for Zalavár u. 4,Összefogás Lakásszövetkezet / public project package,https://www.osszefog.hu/doc/3_melleklet_zalavar_4__energetikai_felmeres_meglevo_allapot.pdf,2015-04-21,2026-09-20,2015 pre-renovation,P2,DER,HIGH,Public PDF; reuse terms require verification,,"Same 19-dwelling real Hungarian building; PRE state carries source-native annual net heating demand 207172 kWh/a and design heat demand 132.35 kW under KESZ ZBR EH 09-3."
SRC-B06-HU-ZALAVAR-ZBR-POST-2015,B06,ZBR EH 09 planned post-renovation calculation for Zalavár u. 4,Összefogás Lakásszövetkezet / public project package,https://www.osszefog.hu/doc/4_melleklet_zalavar_4_energetikai_szamitas_felujitott_elotanusitvany.pdf,undated,2026-09-20,2015 planned post-renovation,P2,DER,HIGH,Public PDF; reuse terms require verification,,"Same building/method/design temperatures; planned POST carries source-native annual net heating demand 36687 kWh/a and design heat demand 46.47 kW. Planned design is not realized completion."
SRC-B06-HU-ZALAVAR-SCOPE-2015,B06,ZFR-TH/15 Zalavár u. 4 approved intervention scope,Összefogás Lakásszövetkezet,https://www.osszefog.hu/doc/16_melleklet_zalavar_4_nfm_palyzathoz_kozgyulesi_jkv_minta.pdf,2015-04-23,2026-09-20,2015 project scope,P2,OBS,HIGH,Public PDF; reuse terms require verification,,"Documents same-building intervention scope: facade/roof/basement-ceiling insulation, window replacement and air inlets. Scope evidence only; no completion claim."
SRC-B06-HU-TABULA-TYPOLOGY-2014,B06,Lakóépület tipológia Magyarországon / National Typology of Residential Buildings in Hungary,Budapesti Műszaki és Gazdaságtudományi Egyetem / EPISCOPE,https://episcope.eu/fileadmin/tabula/public/docs/brochure/HU_TABULA_TypologyBrochure_BME.pdf,2014-10-13,2026-09-20,2014 typology brochure,P2,DER,MEDIUM,Public research publication; reuse terms require verification,,"Hungarian type/age and refurbishment-state modelling reference. The brochure explicitly treats example buildings as illustrative rather than statistically representative, so it validates applicability axes and effect-shape differences only; no household or national factor is inferred."
SRC-B06-HU-KEHOP-417-COMPLETION-2025,B06,KEHOP Plusz-4.1.7-24 Felhívás – realized completion and result verification,Magyar Fejlesztési Bank / public copy of MFB document,https://epito.turszol.hu/wp-content/uploads/2025/10/kehop-plusz-417-24-felhivas-hatalyos-20251015-tol.pdf,2025-10-15,2026-09-20,2025-10-15 programme version,P2,POL,HIGH,Public MFB-branded programme document mirrored by third party; canonical programme page remains MFB/palyazat.gov.hu,,"Defines physical-completion/last-draw proof and post-completion final-HET result verification. Used as programme-process authority, not as evidence that any specific dwelling completed a retrofit. P108 component-specific bridge authority: the admitted completion chain binds realized scope, itemized final invoice and performance confirmation to the same project/site as the final HET and supporting final energy calculation. When realized scope explicitly includes window replacement and the final calculation or installed-product declaration carries window U evidence linked to that scope, the record can support component-specific post-state performance. This still does not expose a public national completed-project microdataset. P109 completion-indicator cohort authority: the 2025-10-15 call requires project-level data at physical completion for the professional indicator 'Energiahatékonysági intézkedés kategória', using the current MEKH category list based on the energy certificate. Under 18/2025 EM, window replacement is exact measure category 1103. This proves an administrative 1103 cohort key for completed 4.1.7 projects but does not expose the cohort publicly or supply component U by itself. P110 access-layer implication: because the 1103-capable professional indicator is reported at physical completion, the preferred cohort denominator is the completed-project administration/FAIR layer rather than application intake or public programme status."
SRC-B06-MCS-021-2-1-2015,B06,MCS 021 Heat Emitter Guide for Domestic Heat Pumps,MCS,https://mcscertified.com/wp-content/uploads/2025/06/MCS-021-Issue-2.1-Heat-Emitter-Guide.pdf,2015-05-01,2026-09-20,Issue 2.1,P1,POL,HIGH,Official public guidance; reuse terms require verification,,"Dwelling-specific emitter method authority. The process is repeated for all heated rooms and combines room heat loss with emitter output to determine flow temperature. Method-shape authority only; not a Hungarian stock factor or building default. P98 category authority: the official emitter guide is dwelling/room specific and publishes flow-temperature design bands including <=35, 36-40, 41-45, 46-50 and 51-55 C (and higher bands). P98 uses only the <=55 bands as a prospective reference-programme set; the guide does not authorize a Hungarian population distribution or a 55 C physical equipment limit."
SRC-B06-HU-ULLOI411-MEP-2024,B06,1181 Budapest Üllői út 411 – 12 lakásos társasház épületgépészeti engedélyezési terv,Balogh András G-T-01-13184 / public developer-hosted design,https://marcsellohazak.hu/wp-content/uploads/2025/02/Gepeszeti-engedely-1.pdf,2024-07-23,2026-09-20,2024 design,P2,DER,HIGH,Public design PDF; reuse terms require verification,,"Real Hungarian residential design validation: -13 C design outdoor temperature; 47.3 kW building heat loss; heat-pump 45/40 C rating point; apartment underfloor-heating 40/35 C; hydraulic balancing described. New-build design, not retrofit evidence and not an engine default. P98 Hungarian design validation: source-native 40/35 C apartment underfloor-heating design and 45/40 C heat-pump point demonstrate that low-temperature hydronic design values inside the P98 envelope occur in a real Hungarian residential design. New-build validation only; no national default is inferred."
SRC-B02-BME-RBSM-2026,B02,Development and Parametric Analysis of Hungary's Residential Building Stock Model on the Example of an Archetype Building,Budapest University of Technology and Economics,https://pp.bme.hu/me/article/view/43518,2026-02-24,2026-09-20,2026 model / EPC-derived input distributions,P1,DER,HIGH,CC BY,,"2026 Hungarian RBSM uncertainty/sensitivity framework using EPC-derived envelope/system characteristics. Inspected publication parameterizes a traditional gas-boiler archetype and publishes heating-system-efficiency distributions; no radiator/surface-heating/fan-coil emitter-class or design-temperature distribution is published The paper also states that the representative 2029-building KEOP survey underlies 23 synthetic average buildings (12 single-family, 11 multi-family), with geometry/building-physics characteristics built from certificate-database averages. For the examined Type-5 family house it publishes 103.4 m2 heated floor area and filtered EPC-derived envelope distributions. It explicitly reports no reliable survey distribution for thermal bridges and some geometry parameters; these remain Q rather than receiving defaults. P87 exact ventilation calibration: the Type-5 archetype derives ventilation from 30 m3/h/person and REKK occupant counts, fits a truncated lognormal over the source-derived 0.110-0.860 1/h range, and reports infiltration as Normal(mu=0.280 1/h, sigma=0.100 1/h). These are Type-5 empirical calibration parameters, not all-stock post-retrofit distributions. P103 exact Type-5 window calibration: EPC-derived window U data were filtered to 1.10-4.00 W/m2K and fitted as Normal(mu=2.518, sigma=0.670 W/m2K). This is the full Type-5 EPC window set, not a replaced-window subset and not a national all-archetype distribution. P106 preserves this as validation-only for the non-EKR branch: the paper uses certification-database window U values filtered to 1.10-4.00 W/m2K and fits a Normal distribution for the investigated Type-5 archetype, but the model intentionally represents original/uninsulated stock and is not a replaced-window subset or all-archetype national performance distribution."
SRC-B02-ENERGIAKLUB-LAKCIMKE-2010,B02,Lakcímke – Avagy hogyan lesz otthonunk energiatudatos?,Energiaklub,https://lakcimke.energiaklub.hu/lakcimke.pdf,2010-01-01,2026-09-20,2010 professional guidance,P2,DER,MEDIUM,Public professional guidance; exact reuse terms not used for binary redistribution,,Qualitative Hungarian heating-system engineering context: central heating is predominantly hot-water radiator heating with fewer floor/other surface systems; surface heating is described around 40 C; central radiator heating is described as the most widespread high-temperature solution. No numeric national prevalence is published.
SRC-B02-KSH-OSAP-1831-2026,B02,"OSAP 1831 – Megfigyelt építési munkák – Épületek, 2026 segédlet",Központi Statisztikai Hivatal,https://www.ksh.hu/docs/hun/info/02osap/2026/segedlet/s261831.pdf,undated,2026-09-20,2026,P1,POL,HIGH,Official KSH publication; source attribution required,,"Official current construction-work taxonomy distinguishes 1-22-02 padlófűtés, 1-22-03 radiátoros fűtés and 1-22-04 fan-coil szerelése. It proves current taxonomy only. OSAP 1831 is quarterly construction-price statistics based on representative construction items reported by selected construction firms; it does not provide installed residential-stock prevalence or national installation volumes."
SRC-B02-EHI-HMR-2024-SURFACE-PENETRATION,B02,Heating Market Report 2024 – surface heating & cooling penetration maps,Association of the European Heating Industry,https://ehi.eu/wp-content/uploads/2025/04/HMR2024_web.pdf,undated,2026-09-20,"Heating Market Report 2024; figure reference year not explicit",P2,DER,HIGH,Public industry-association report; binary redistribution not assumed,,"Figure 50 apartments and Figure 51 houses classify Hungary in the 33%-66% Medium Penetration band for surface heating & cooling. The map is binned market-intelligence evidence, not a point estimate. Report context defines surface systems as hydronic floor/wall/ceiling systems operating around 35/28 C; radiator section states modern radiators can operate around 55 C or lower while traditional systems used 70-80 C. Temperature statements are technology guidance, not Hungarian population weights. P98 temperature-envelope support: report technology context describes hydronic surface heating around 35/28 C and modern radiators around 55 C or lower. These values support the prospective low-temperature programme envelope only; they are not Hungarian design-temperature weights."
SRC-B02-EHI-EPBD-LOW-TEMP-EMITTERS-2021,B02,EHI proposal for low-temperature emitters under the EPBD,Association of the European Heating Industry,https://ehi.eu/wp-content/uploads/2021/12/EHI_EPBD_position_paper_-_final_w_annex.pdf,undated,2026-09-20,December 2021 position paper,P2,POL,HIGH,Public industry-association position paper; binary redistribution not assumed,,"EHI states that heating-water temperature is not an emitter-specific feature but a building/heating-system design and operation feature; design temperatures depend on heat/cooling load and operating temperatures vary with the heating curve. Used as semantic/method boundary only, not Hungarian population evidence."
SRC-B02-FRAUNHOFER-HP-TEMP-META-2023,B02,Heat Pump Systems in Existing Multifamily Buildings – temperature and performance meta-analysis,Fraunhofer ISE / University of Freiburg,https://doi.org/10.1002/ente.202300379,2023-07-31,2026-09-20,field-measurement meta-analysis 2023,P1,DER,HIGH,Open Access article; upstream Wiley terms apply,,"Meta-analysis covers more than 50 residential heat pumps. It reports radiator, floor-heating and mixed systems; field subset n=9 floor, n=14 radiator, n=23 mixed. Mean HP temperatures were 33.2 C floor, 38.4 C mixed and 38.9 C radiators; heating curves vary within categories. Used for engineering validation, not Hungarian prevalence. P98 validation: observed mean HP temperatures 33.2 C floor, 38.4 C mixed and 38.9 C radiator confirm real low-temperature operation and overlap between emitter categories. These are operating means, not design-point lower/upper bounds and not Hungarian prevalence."
SRC-B02-DESNZ-EOH-PDI-2024,B02,Electrification of Heat Project - Property Design and Installation Information,Department for Energy Security and Net Zero / Energy Systems Catapult,https://usmart.ai/organisation/esc/discovery/5325ef18-9cd1-493c-beae-e278d8998400,undated,2026-09-21,"uSmart dataset GUID 5325ef18-9cd1-493c-beae-e278d8998400; final project dataset",P1,OBS,HIGH,Open Government Licence,,"Source-native participant/home-survey/system-design/installation fields with common Property_ID. Current catalogue is OGL. P67 derives only aggregate conditional response statistics; no raw dataset is committed. Analysed transport mirror installed subset reconciles exactly to the official 742-system final cohort and reproduces the official rounded 93% emitter-replacement finding."
SRC-B02-DESNZ-EOH-PERF-2024,B02,Electrification of Heat Project - Heat Pump Performance Data Summary,Department for Energy Security and Net Zero / Energy Systems Catapult,https://usmart.ai/organisation/esc/discovery/6a5e5753-aaff-455e-8b3b-8ee282010261,2024-12-19,2026-09-21,"current catalogue last updated 2025-10-03; 742 records",P1,DER,HIGH,Open Government Licence,,"742-record performance summary with Property_ID linkage. Catalogue states approximately 2-minute monitoring between October 2020 and September 2023 followed by cleansing quality checking and analysis. P67 uses mean space-heating flow temperature and SPFH4 only as realized-operation response validation; SPFH4 is not design-point COP."
SRC-B02-HU-KEHOP-417-MAX-COST-2025,B02,KEHOP Plusz-4.1.7-24 Felhívás - 1. melléklet maximális fajlagos költségek,Magyar Fejlesztési Bank,https://epito.turszol.hu/wp-content/uploads/2025/10/kehop-plusz-417-24-felhivas-hatalyos-20251015-tol.pdf,2025-10-15,2026-09-21,"Hatályos 2025. október 15-től; Annex 1",P1,POL,HIGH,"Public MFB-branded programme document mirrored by third party; canonical current programme page is MFB/palyazat.gov.hu",,"Annex 1 publishes gross material/labour maximums: emitter replacement package 1,422,400 + 2,133,600 = 3,556,000 HUF/set; air-water heat-pump system 6,438,980 + 2,112,867 = 8,551,847 HUF/set; floor heating 18,034 + 19,050 = 37,084 HUF/m2; ceiling heating/cooling 19,050 + 31,750 = 50,800 HUF/m2. These are official programme ceilings, not market-average or realized prices. Current call sections 3.4.1.2-3.4.1.3 also permit secondary-circuit adaptation, heat-emitter modernization or replacement, and automatic central/local controls; Annex 1 still provides no separate reuse-only price line. P98 programme-action support: current programme material permits secondary-circuit adaptation and emitter modernization/replacement, so a prospective <=55 C design ceiling may trigger emitter/hydraulic adaptation rather than forcing an unsupported high-temperature default. Programme scope/cost authority does not prove realized design temperature."
SRC-B02-DESNZ-EOH-INSTALL-REPORT-2022,B02,Electrification of Heat Demonstration Project - Home Surveys and Install Report,Department for Business Energy and Industrial Strategy / Energy Systems Catapult,https://es.catapult.org.uk/wp-content/uploads/2022/12/BEIS-Electrification-of-Heat-Home-Survey-and-Install-Report.pdf,2022-12-02,2026-09-21,"Section 6.3.2 Heat emitter upgrades; final 742-installation project cohort",P1,DER,HIGH,Public report; source reuse subject to publisher terms,,"Official report states 93% of installed homes had new heat emitters installed and that replacement was not always necessary. It says new emitters were usually standard or low-temperature radiators and notes contractor evidence that all existing emitters tended to be replaced when new emitters were fitted was anecdotal because the number of existing radiators was not recorded. P69 therefore uses the report for installation-event semantics only, not room-level subtype or Hungarian prevalence."
SRC-B02-HU-EKR-211-SECONDARY-HEATING-2026,B02,"18/2025. (VII. 31.) EM rendelet - 2.11 Szekunder oldali fűtés rekonstrukció","Nemzeti Jogszabálytár / Energiaügyi Minisztérium",https://njt.hu/jogszabaly/2025-18-20-8Y,2025-07-31,2026-09-21,"current consolidated text; section 2.11",P1,POL,HIGH,Official legal text,,"Current 2.11 defines the secondary-side action family, hydraulic-balancing requirement and conditional large-water-volume cast-iron radiator replacement. Its source-native accounting cases use 4/6/10% base values, conditional +3% with all relevant cast-iron radiators replaced and at least 7 C supply-temperature reduction, and +1% reflector effect. Introduction of a new heating energy carrier is an exclusion, so these percentages are not direct AWHP programme-response authority."
SRC-B02-HU-KEHOP-417-PROGRAMME-2026,B02,KEHOP Plusz-4.1.7-24 Otthonfelújítási Program 2025 - Budapesten kívüli ingatlanokhoz,Magyar Fejlesztési Bank,https://cms.mfb.hu/maganszemelyek/kehop-plusz-417-24-otthonfelujitasi-program-2025--budapesten-kivuli-ingatlanokhoz-t240-p240,undated,2026-09-21,current programme page,P1,POL,HIGH,Official MFB programme page; reuse terms require verification,,"Current official scope/status page. The programme family-house scope is narrower than the entire national P73 nonreuse population; used for scope boundary only. Numeric Annex 1 ceilings remain under SRC-B02-HU-KEHOP-417-MAX-COST-2025."
SRC-B02-HU-KEHOP-417-418-SCOPE-2026,B02,Energiamegtakarítást célzó otthonfelújítási programok családi házakhoz Budapesten és vidéken,Magyar Fejlesztési Bank,https://www.mfb.hu/energiamegtakaritast-celzo-otthonfelujitasi-programok-csaladi-hazakhoz-budapesten-es-videken-s2830,2026-01-21,2026-09-21,current 4.1.7-24 + 4.1.8-24 programme property scope,P1,POL,HIGH,Official MFB public page; reuse terms require verification,,"MFB states that 4.1.7 covers outside Budapest and 4.1.8 covers Budapest and that the programmes concern occupied one- and multi-dwelling family houses built and permitted before 2007. Used only for structural property/geography scope; current funding availability and applicant/project legal eligibility are separate. P109 national programme-family boundary: 4.1.7 covers outside Budapest and 4.1.8 covers Budapest. The completion-indicator cohort contract therefore admits both programmes for national KEHOP geography, while preserving programme code as an exact field."

SRC-B02-HU-EPISCOPE-AVERAGE-BUILDING-METHOD,B02,Concept of Average Buildings,EPISCOPE / Institut Wohnen und Umwelt,https://episcope.eu/monitoring/average-buildings/,undated,2026-09-21,average-building methodology,P2,DER,HIGH,Public research project webpage; reuse terms require verification,,"Defines synthetical average buildings as theoretical buildings whose geometric and thermophysical characteristics equal the averages of the represented stock subgroup. Method authority only; does not make any particular example building nationally representative."
SRC-B02-HU-EPISCOPE-BUDAORS-AVERAGE-2015,B02,EPISCOPE Hungary local case - national average buildings applied in Budaors,BME / EPISCOPE,https://episcope.eu/fileadmin/episcope/public/docs/average-buildings/HU_L_01_EPISCOPE_CaseStudy_TABULA_Local.pdf,undated,2026-09-21,2015 Budaors local case using national average-building model,P2,DER,MEDIUM,Public research project PDF; reuse terms require verification,,"States that national average buildings from a BME model based on a survey of about 2000 buildings were applied to the 2015 Budaors case. Contains average-building geometry/thermophysical fields but is historical/local calibration, not current national prevalence or post-retrofit observation."
SRC-B02-HU-CSOKNYAI-HOUSING-STOCK-DISSERTATION-2022,B02,A magyarországi lakóépület-állomány energetikai modellezése a korszerűsítés lehetőségei,Csoknyai Tamás / BME / MTA doktori értekezés,https://real-d.mtak.hu/1472/7/dc_2011_22_doktori_mu.pdf,undated,2026-09-21,"KEOP 2015 survey; dissertation synthesis through 2022",P2,DER,HIGH,Public MTA repository doctoral dissertation; reuse terms require verification,,"Documents the representative 2029-building KEOP survey, 398 fields per building, 23-type synthetic-average matrix, type-level geometry/building-physics processing and validation. Table 8.3 publishes component U-value statistics for all 23 types. Historical baseline/model authority only; not a direct 2026 post-retrofit stock observation. Table 8.3 supplies type-level renovated/unrenovated component U-value statistics; Table 9.1 supplies the dissertation reference-retrofit U requirements; section 9.2.4.2 explicitly evaluates air-to-water heat-pump cases with unchanged and reference-retrofitted envelopes. These remain historical/model authorities, not direct 2026 stock observations or current legal requirements. P102 source qualification: section 8.2 / Table 8.3 explicitly separates renovated and unrenovated component mean U-values by type. The author states that renovated averages must be treated with caution because renovated-case counts are generally low, and deliberately leaves results N/A where occurrence is very low or zero. P102 therefore uses these as historical synthetic-type calibration only, never as current household U observations."
SRC-B02-MSZ-24140-2026,B02,MSZ 24140:2026 Épületek és épülethatároló szerkezetek hő- és nedvességtechnikai számításai,Magyar Szabványügyi Testület,https://ugyintezes.mszt.hu/webaruhaz/szabvany-adatok?standard=152860,2026-04-01,2026-09-22,current from 2026-04-01,P1,POL,HIGH,Copyrighted standard; metadata/public summary only; standard text not stored,,"MSZT official metadata confirms MSZ 24140:2026 became valid on 2026-04-01 and replaced MSZ 24140:2015. MSZT public news confirms a new map gives guiding design outdoor temperatures for heating heat-load calculation. Exact copyrighted F1 map geometry is not republished in this repository. P97 national-envelope authority: official MSZT metadata remains the primary authority for the current standard identity/effective date and existence of the revised design-temperature map. P97 does not republish or reconstruct the copyrighted F1 geometry; it propagates the complete current zone domain as a set-valued national reference-programme input."
SRC-B02-BIMLINE-MSZ24140-2026,B02,Az MSZ-04-140-től az EN 12831-ig – MSZ 24140:2026 új méretezési hőmérséklet-térképe,BIMLine Gépész Kft.,https://www.bimline.hu/blog/msz-04-140-tol-az-en-12831-ig-msz-24140-2026-uj-meretezesi-homerseklet-terkep/,2026-09-03,2026-09-22,MSZ 24140:2026 public technical interpretation,P2,DER,MEDIUM,Public technical article; exact standard/map copyright not assumed,,"Public engineering interpretation reports current F1 map zones -12/-11/-10 C, named city control points, and section 6.4.2 application caveats (>30000 population and <=300 m baseline scope plus project-specific local/risk adjustments). Secondary interpretation is not a substitute for exact project-level standard access. P97 set-valued national inference: the public technical interpretation supplies the complete current F1 zone value set -12/-11/-10 C and the already-frozen baseline-scope caveats (>30000 population, <=300 m, project/local adjustments). P97 uses the full zone set for bounded national reference-programme propagation and explicitly does not convert it into exact settlement/project authority."

SRC-B02-HU-PTE-AIRTIGHTNESS-2014,B02,ACH and air tightness test results in the Croatian and Hungarian border region,University of Pécs / AIVC,https://www.aivc.org/sites/default/files/119.pdf,2014-09-24,2026-09-22,2013 field campaign,P1,OBS,HIGH,Conference paper / public web copy,,"Hungarian side includes field testing at 33 locations (19 Pécs, 14 smaller settlements), mostly residential. Type A leaves purposeful vents/chimneys active; Type B seals them. Seven traditional-brick examples publish n50 1.86..8.28 1/h, flow exponent 0.566..0.689 and calculated 4 Pa ACH 0.36..1.52 1/h. The paper reports annual-average Hungarian pressure difference 4 Pa and R2=0.9819 for the measured n50 / calculated n4 relation. P89 uses this only for Hungarian pressure-transfer/current-stock calibration, not as paired retrofit effect or national post-retrofit distribution."
SRC-B02-UK-RFTF-AIRTIGHTNESS-2013,B02,Retrofit Revealed - The Retrofit for the Future projects data analysis report,Technology Strategy Board / GOV.UK,https://www.gov.uk/government/publications/retrofit-revealed-retrofit-for-the-future-data-analysis,2013-03-01,2026-09-22,Retrofit for the Future programme,P1,OBS,HIGH,Official UK government publication,,"Airtightness was tested before and after retrofit with comparable results for 87 properties in the source report. The most frequent q50 result shifts from about 8 pre-retrofit to about 4 m3/m2/h @50Pa post-retrofit; properties below 5 rise from 2 to 39 and five post-retrofit properties are below 1. P89 treats q50 as a foreign whole-house response envelope only; q50 is not n50 and not a Hungarian population weight."
SRC-B02-US-WINDOW-AIRTIGHTNESS-2026,B02,Experimental and data-driven characterization of window-induced air leakage in residential buildings,Oak Ridge National Laboratory / Results in Engineering,https://doi.org/10.1016/j.rineng.2026.109265,undated,2026-09-22,2026 paired occupied-home field study,P2,OBS,HIGH,CC BY 4.0,,"20 occupied homes undergoing window replacement received 40 blower-door tests. Mean ACH50 reduction is 6.1% and the maximum reported improvement is 19.3%. Search-visible source text conflicts on the minimum (0.3% highlight versus 0.5% abstract), so P89 does not admit a minimum effect floor. Action-specific foreign sensitivity only; no Hungarian prevalence transfer."
SRC-B02-UK-AIRTIGHTNESS-DURABILITY-2025,B02,Airtightness retrofit and construction practices unintended consequences and ventilation practices,UK Department for Energy Security and Net Zero,https://www.gov.uk/government/publications/gathering-evidence-to-improve-airtightness-in-the-uk-housing-stock,2025-10-01,2026-09-22,retrofit case-study revisit,P1,OBS,HIGH,Official UK government publication,,"Four cases with both pre- and immediate post-retrofit airtightness tests all became more airtight. In the 10-dwelling decade revisit, seven became less airtight; mean air-permeability increase was 0.52 m3/h/m2 @50Pa, with reported change range -1.41..+2.58. P89 uses this as durability sensitivity only, not as a Hungarian decay rate."
SRC-B02-EU-TABULA-DATABASE-EVALUATION-2015,B02,Evaluation of the TABULA Database - Comparison of Typical Buildings and Heat Supply Systems from 20 European Countries,IWU / EPISCOPE project team,https://episcope.eu/fileadmin/tabula/public/docs/report/TABULA_WorkReport_EvaluationDatabase.pdf,2015-12-10,2026-09-22,April 2015 database version,P1,DER,HIGH,Public EPISCOPE project report; reuse terms require verification,,"P92 geometry authority. Table 2 defines A_Window_1/A_Window_2 and A_Door_1 separately; the evaluation auxiliary quantity is exactly A_Window=A_Window_1+A_Window_2+A_Door_1 and therefore means aggregate openings including a door. Table 4 Hungarian class averages: SFH A_C_Ref=112 m2, A_Window=16 m2, A_Wall=128 m2; MFH 644/97/668; AB 1702/359/1197. HU terraced-house values are absent. The report states these area ratios can serve as a preliminary basis for synthetic average buildings when deeper empirical stock geometry is unavailable. P92 uses opening/(wall+opening) only as a Hungarian class-average reference-programme calibration, not as household or age-specific observation. P93 top-envelope authority: Table 3 defines A_Roof=A_Roof_1+A_Roof_2; Table 4 publishes Hungarian class-average A_Roof/A_C_Ref ratios SFH=0.84, MFH=0.35, AB=0.20, averaged over construction-year classes. The report states such envelope-area indicators may serve as a preliminary basis for synthetic average buildings where deeper empirical stock geometry is unavailable. P93 applies these ratios only to canonical heated-floor-area bounds as a reference-programme proxy; roof/upper-ceiling semantics follow source attic state and do not resolve pitched-roof U. P94 bottom-envelope authority: Table 3 defines A_Floor=A_Floor_1+A_Floor_2; Table 4 publishes Hungarian class-average A_Floor/A_C_Ref ratios SFH=0.80, MFH=0.33, AB=0.20, averaged over construction-year classes. P94 applies these ratios only to canonical heated-floor-area bounds as a reference-programme bottom-envelope geometry proxy. A_Floor remains an aggregate bottom thermal-envelope area and is not silently promoted to ground-floor-only or basement-ceiling-only semantics. P95 facade-estimator authority: section 2.3/2.4 defines the simplified facade estimator as A_facade=b+0.7*A_C_Ref with b=50/25/5 m2 for 0/1/2 attached neighbours. The procedure is used for plausibility control and rough assessment of large housing portfolios. For total envelope area, 40% of database buildings lie within +/-0.1 and 80% within +/-0.3 of the estimate; the report states no relevant systematic deviation and considers the procedure suited to larger stock subsets. P95 does not convert that total-envelope +/-0.3 statement into a facade-specific error bound. The independent P85 bbox audit finds only 2/23 overlap when heated floor is used as the closest A_C_Ref proxy and only 11/23 overlap after widening A_C_Ref proxy to heated..total floor; bbox facade is therefore superseded rather than certified."
SRC-B02-EU-TABULA-REFERENCE-AREA-WEB,B02,TABULA Building Typologies - Country Pages / reference floor area explanation,IWU / EPISCOPE,https://episcope.eu/building-typology/country/,undated,2026-09-22,current public website,P1,POL,HIGH,Public website; reuse terms require verification,,"P95 semantic authority for TABULA A_C_Ref. The public explanation defines TABULA reference floor area as conditioned reference floor area based on internal dimensions; net internal area is the principle definition and gross internal area may also be used directly because the difference is small. P95 does not claim the KEOP23 heated-floor field is exactly A_C_Ref; instead it preserves an explicit heated-to-total floor-area proxy interval for the reference-programme facade estimator."
SRC-B02-HU-REKK-TARKI-ENVELOPE-2022,B02,Az orosz gáz kivezetésének lehetősége Magyarországon – TÁRKI-REKK lakossági felmérés és épületmodell,REKK / TÁRKI,https://rekk.hu/downloads/projects/ECF_HU_Gas_phaseout_REKK_study_final.pdf,2023-05-31,2026-09-23,2022 October-November household survey; previous-12-month renovation actions,P1,OBS,HIGH,Public research report; reuse terms require verification,,"P99 binding national envelope-action evidence. The final TARKI sample was weighted using KSH data and described as representative along region and building-type dimensions. Table 38/39 reports 2022 stock-state calibration (insulated facade 35.0%, insulated attic/ceiling 29.7%, window replacement 52.7%). Table 40 reports previous-12-month actions: facade insulation 3.7%, roof insulation 2.4%, attic-floor insulation 4.1%, window replacement 8.2%. Action overlap is not published; P99 therefore derives only an any-action union bound 8.2%-18.4%, never a summed point rate. Survey state/action evidence is not reference-U compliance or future programme action share. P101 source-native Table 38 detail: all 23 type rows publish 2022 insulated-facade, insulated-attic and window-replaced shares. Section 14.4.2 states the final survey sample was weighted with KSH data by region and building type and is representative on those dimensions, and that type-level weighted averages were used in the residential model. P101 uses the 23 type rows only as current-state calibration; renovation labels are not U-compliance evidence. P102 uses Table 38 current 2022 insulated-facade share only for direct EXTERNAL_WALL calibration. The single insulated-attic metric is not silently split across P80 ATTIC_FLOOR/FLAT_ROOF/PITCHED_ROOF states. Window-replacement share remains non-U evidence. P106 uses the 2022 weighted national window-replaced shares as the observed calibration target for any model-based non-EKR performance route. Replacement label remains distinct from realized/reference-compliant Uw."
SRC-B02-BUDAPEST-CARES-HOUSEHOLD-SURVEY-2023,B02,Socio-economic analysis of the residential building stock in Budapest – Budapest CARES household survey,Metropolitan Research Institute / Budapest CARES,https://mri.hu/en/wp-content/uploads/sites/2/2024/09/Survey-of-households-in-Budapest-about-energy-efficiency.pdf,undated,2026-09-23,in-person survey 2023-10-13 to 2023-11-07; 2009 owner households in Budapest,P1,OBS,HIGH,Public research report; reuse terms require verification,,"Already used by P38 as an independent structural holdout. P99 adds envelope-action use: representative Budapest survey, not national prevalence. Family-house last-10-year intervention list includes 94 window/door changes and 47 partial/full external-wall insulation mentions; pre-1991 family houses emphasize insulation/window needs. Used only for regional/structural validation, never as a Hungary-wide rate."
SRC-B02-HU-EKR-ATTIC-IMPLEMENTATION-2026,B02,Otthonfelújítási programok – EKR realized attic-floor insulation count,Nemzetgazdasági Minisztérium / Magyarország Kormánya,https://kormany.hu/hirek/teljes-tevuton-a-hvg-az-otthonfelujitasi-programok-nepszeruek-es-valos-segitseget-jelentenek-a-magyar-embereknek,2026-02-04,2026-09-23,EKR implementation reported through 2026-02-04,P1,OBS,HIGH,Official government public statement; reuse terms require verification,,"P99 recent implementation validation: official statement reports free attic-floor insulation realized in 50,000 properties under EKR. This proves current national-scale envelope-action activity but is not divided by B02 stock to create an annual rate because programme denominator/scope and period are not equivalent to the representative TARKI-REKK survey estimand."
SRC-B02-HU-MEHI-RENOVATION-DATA-GAPS-2025,B02,JustReno – comprehensive analysis of Hungarian building-stock renovation data gaps,Magyar Energiahatékonysági Intézet (MEHI),https://mehi.hu/justreno-projekt-atfogo-elemzes-az-magyarorszagi-epuletallomanyarol/,2025-10-23,2026-09-23,2025 analysis; page updated 2026-01-14,P2,DER,HIGH,Public professional research/policy analysis; reuse terms require verification,,"P99 negative current-data boundary: MEHI reports that the planned Building Renovation Monitoring System has not been implemented and Hungarian building energy/renovation data remain fragmented in collection frequency and quality. A unified database is needed to track renovation counts, type, depth/effect and to measure a reliable annual renovation rate. Used to prevent promotion of programme counts/publication dates into a fabricated 2026 national point action rate. P104 EPC/renovation-access boundary: the JustReno baseline assessment describes EPCs as detailed expert-calculation records but notes that detailed data are not publicly accessible and the certificate population is not representative of the full housing stock. It therefore cannot be silently used as a public national replaced-window Uw distribution."
SRC-B02-HU-TNM-ENERGY-RULES-2006,B02,7/2006. (V. 24.) TNM rendelet az épületek energetikai jellemzőinek meghatározásáról,Nemzeti Jogszabálytár,https://njt.hu/jogszabaly/2006-7-20-6F,2006-05-24,2026-09-23,historical legal requirement epochs through supersession,P1,POL,HIGH,Official legal text,,"P103 historical window-requirement authority. Older generic tier: wood/PVC facade window 1.60 W/m2K and metal-frame 2.00 W/m2K. For qualifying energy-saving renovation of affected structures after 2017-12-31 the stricter tier applies: wood/PVC 1.15 W/m2K and metal-frame 1.40 W/m2K. Legal requirement epoch is not proof of realized installed Uw or current reference compliance."
SRC-B02-KSH-HKF-ENERGY-2020,B02,Háztartási Költségvetési és Életkörülmény Adatfelvétel 2020 – Energia kérdőív,Központi Statisztikai Hivatal,https://www.ksh.hu/docs/hun/info/02osap/onk/2154/k202154.pdf,2020-01-01,2026-09-23,2020 survey instrument,P1,POL,HIGH,Official KSH survey instrument; reuse terms require verification,,"P103 public survey-schema authority. E_NYZKORSZCS distinguishes partial/all/none/unknown window replacement and E_NYZKORSZCSIDO records most recent replacement as last year, 2-10 years, more than 10 years or unknown. The public instrument does not publish the national response distribution, frame material or realized Uw. The interviewer guidance also means the all-encompassing label is not exact technical proof for every opening. P106 non-EKR structural route: the questionnaire distinguishes partial/all/no window replacement and last replacement timing (last year / 2-10 years / >10 years / unknown). The public questionnaire and interviewer guide do not provide frame material or realized Uw, and P106 did not identify a public response distribution suitable for numerical weighting."
SRC-B02-MEKH-HEM-MODULE-HANDBOOK,B02,HEM Modul felhasználói kézikönyv,Magyar Energetikai és Közmű-szabályozási Hivatal,https://ekr.mekh.hu/docs/HEM_Modul_kezikonyv.pdf,undated,2026-09-23,current HEM module,P1,POL,HIGH,Official MEKH public handbook; reuse terms require verification,,"P104 public/private field boundary. Without login and with HEM identifier, public lookup exposes HEM identifier, saving amount, beneficiary identity/address, implementation date and lifetime; public summary exposes only total HEM count and aggregate savings. Catalogue HEM intake carries measure and technical data, but those details are not established as public fields. P105 public-discovery boundary: section 5.1 separately defines HEM/saving type (catalogue-based versus individual-audit) and Intézkedés típusa as a distinct measure-type dropdown with measure-specific technical parameters. Section 8 public output includes a 'Megtakarítás típusa' label, but P105 does not promote that label to action code 1103 without explicit semantic proof. Public lookup remains known-HEM-identifier-bound; the public summary provides only total HEM count and aggregate GJ, not an enumerated/filterable 1103 cohort."
SRC-B02-MEKH-17-2020-HEM-DATA-CONTENT,B02,17/2020. (XII. 21.) MEKH rendelet - HEM registry and submission data content,Nemzeti Jogszabálytár / MEKH,https://njt.jog.gov.hu/jogszabaly/2020-17-20-5Z,2020-12-21,2026-09-23,current consolidated text,P1,POL,HIGH,Official legal text,,"P104 administrative data authority. 2/A public-registry field set is generic; 3 § submission data additionally contain the implemented measure/investment name and type and other action data. Therefore action type 1103 exists administratively but is not proven available in the public registry field surface. P105 administrative discovery authority: current section 3 submission data contain the implemented measure/investment name and type plus short technical description, while the 2/A registry field set is materially narrower. Measure type is therefore an administrative discovery key, but public measure-code enumeration/export is not established."
SRC-B02-EHAT-15A-PUBLIC-HEM-REGISTRY,B02,2015. évi LVII. törvény 15/A - hitelesített energiamegtakarítások nyilvántartása,Nemzeti Jogszabálytár,https://njt.jog.gov.hu/jogszabaly/2015-57-00-00,2015-05-22,2026-09-23,current consolidated text,P1,POL,HIGH,Official legal text,,"P104 verification/publication authority. HEM is verified by a registered audit organisation; verification confirms actual implementation and correct application of required calculation methods/principles. Registry publication does not by itself expose the window technical fields needed for a national 1103 technical cohort."
SRC-B02-HUPX-EKR-MONITORING-2022Q3,B02,EKR Hitelesített energiamegtakarítások piacmonitoring jelentés - 2022 Q3,HUPX / CEEGEX,https://hupx.hu/uploads/EKR/EKR_HEM_2022%20Q3_report.pdf,2022-11-01,2026-09-23,registry snapshot through 2022-10-31,P2,DER,HIGH,Official market-monitoring publication based on EKR registry data; reuse terms require verification,,"P105 historical administrative aggregation proof. The report states that registry records carry measure type and other professional parameters, groups accepted savings into 39 measure categories in six major groups, and publishes category/code-level project and GJ aggregates. It reports 541 accepted projects and 597 entitlements at the historical cutoff, with 620 GJ in the broad building-structure group. Code-level examples such as 2104 demonstrate that coded measure aggregation is technically possible in the administrative dataset. Historical values are not current 1103 counts and must not be used as 2026 population weights."
SRC-B02-CEEGEX-EKR-MARKET-2026,B02,EKR piaci adatok,CEEGEX,https://ceegex.hu/hu/ekr/piaci-adatok,undated,2026-09-23,current public EKR market data,P2,OBS,HIGH,Official CEEGEX public market page; reuse terms require verification,,"P105 current public-market boundary. Public market products aggregate HEM volumes into broad tradable classes, including residential/catalogue categories, but the page does not expose current action code 1103, new-window U fields or a complete national window-replacement technical cohort. Market-product aggregation is not measure-code aggregation."
SRC-B02-MEKH-EKR-USER-GUIDE-2025,B02,EKR rendszer felhasználói kézikönyv,Magyar Energetikai és Közmű-szabályozási Hivatal,https://ekr.mekh.hu/docs/Felhasznaloi_kezikonyv_EKR.pdf,undated,2026-09-23,current EKR system,P1,POL,HIGH,Official MEKH public user guide; reuse terms require verification,,"P105 acquisition-route boundary. The guide documents a MEKH-coordinated automated data-service connection option for high-volume submissions. This proves bulk submission automation capability only; it does not establish anonymous/public read, export or extraction authority for HEM/1103 technical records."
SRC-B02-TUWIEN-INVERT-EU27-STOCK-2026,B02,EU27 residential building stock data from Invert/EE-Lab for demand-side flexibility modeling 2020-2050,TU Wien / Zenodo,https://zenodo.org/records/19599551,2026-04-15,2026-09-23,EU27 model stock 2020-2050,P2,SCN,HIGH,CC BY data record; raw binary not committed,,"P106 model-calibration route. Public dataset contains HUN at 5-year intervals, archetype name encoding building type/construction period/renovation generation, areawindows, Htr_w, number_of_buildings and number_of_dwellings_per_building. P106 defines U_eff=Htr_w/areawindows as an area-weighted model coefficient. This is model output, not observed product/in-situ Uw and not proof of window replacement. P107 exact HUN 2025 extract: source MD5 verified as 71e630ff7c575507d385208ba832513a; 1,358 HUN rows; model dwelling weight 3,515,973. No-suffix BASE_GENERATION has 1,002 rows / 2,744,573.5 dwelling weight / mean U_eff 3.95483899117; explicit gen2 has 356 rows / 771,399 dwelling weight / mean U_eff 4.2734375. Only three rows meet U_eff<=1.10 and all are New_MFH_1_MFH new-construction rows (2020/2022/2025); gen2 has zero. The raw Parquet is not committed."
SRC-B02-INVERT-METHODOLOGY-2026,B02,Invert EE-Lab methodology,TU Wien Energy Economics Group,https://www.invert.at/methodology.php,undated,2026-09-23,current public methodology,P2,DER,HIGH,Public methodology webpage; reuse terms require verification,,"P106 method authority. Invert/EE-Lab is a dynamic bottom-up building-stock model that identifies component replacement/renovation cycles and simulates renovation decisions under policy/economic conditions. Standard outputs include refurbishment measures by level and represented buildings/dwellings. Modelled renovation is not an observed household renovation event."
SRC-B02-INVERT-FLEX-RENOVATION-GENERATION-2023,B02,Impact of variable electricity price on heat pump operated buildings - Invert/FLEX building categories,Energy Informatics / PMC,https://pmc.ncbi.nlm.nih.gov/articles/PMC10445833/,2023-08-23,2026-09-23,Invert archetype methodology example,P2,DER,HIGH,Open-access research article,,"P106 semantic validation: the publication states that gen2/gen3/gen4 indicate buildings that have undergone renovation and higher generation numbers represent more recent renovations. It also publishes 5R1C Htr_w by archetype. The evidence is an Austrian model example and validates naming semantics only; it is not Hungarian prevalence or performance evidence. P107 uses this only to interpret source naming: gen2/gen3/gen4 denote renovated generations and higher numbers newer renovation. HUN 2025 contains only no suffix plus gen2. No-suffix rows are therefore retained as BASE_GENERATION; this source does not make renovation generation a component-specific window-replacement label."
SRC-B02-KTI-TERMEKINFO-2026,B02,Építési Termékek Nyilvántartása és OFP kulcstermék-adatbázis,Közlekedéstudományi és Építésügyi Minőségellenőrző Intézet,https://www.termekinfo.emi.hu/,undated,2026-09-23,current public product database,P1,OBS,HIGH,Official public product database; reuse terms require verification,,"P108 installed-product performance route. The public database contains approved construction products and their performance declarations; the OFP FAQ states the KEHOP Plusz 4.1.7/4.1.8 key-product databases remain operated by KTI and public. Catalogue presence or a performance declaration becomes project evidence only when the exact installed product/document is linked through the realized project scope and final invoice/performance-confirmation chain."
SRC-B02-HU-KEHOP-418-COMPLETION-INDICATORS-2025,B02,KEHOP Plusz-4.1.8-24 Felhívás - physical-completion indicators,Magyar Fejlesztési Bank / public copy of MFB document,https://siholding.hu/wp-content/uploads/2025/11/kehop-plusz-418-24-felhivas-hatalyos-20251015-tol.pdf,2025-10-15,2026-09-23,2025-10-15 programme version,P2,POL,HIGH,Public MFB-branded programme document mirrored by third party; canonical programme scope page remains MFB,,"P109 Budapest counterpart. The 4.1.8 call uses the same project-level physical-completion indicator set as 4.1.7, including Energiahatékonysági intézkedés kategória from the MEKH category list plus RCO18/RCR26 programme indicators. This proves the same administrative action-category key in the Budapest programme but does not expose a public completed-project technical cohort. P110 confirms the same access contract for Budapest 4.1.8, so FAIR/IH extraction must preserve programme code while permitting a combined national KEHOP programme-family cohort."
SRC-B02-KTM-KEHOP-FAIR-GOVERNANCE-2025,B02,19/2025. (XII. 19.) KTM utasítás - KEHOP Plusz monitoring and FAIR governance,Építési és Közlekedési Minisztérium / Nemzeti Jogszabálytár,https://njt.jog.gov.hu/jogszabaly/2025-19-B0-9D,2025-12-19,2026-09-23,current organisational rules,P1,POL,HIGH,Official legal text,,"P110 exact administrative-surface authority. The current rules assign KEHOP Plusz indicator monitoring, programme-progress data transfer/reporting and related implementation data duties to the responsible administration. This supports the existence of an administrative indicator surface but does not imply anonymous/public project-level export."
SRC-B02-KTM-KEHOP-FAIR-GOVERNANCE-2024,B02,25/2024. (VII. 31.) KTM utasítás - physical-indicator monitoring and FAIR information-content responsibilities,Építési és Közlekedési Minisztérium / Nemzeti Jogszabálytár,https://njt.jog.gov.hu/jogszabaly/2024-25-B0-9D.1,2024-07-31,2026-09-23,historical-to-current governance lineage,P1,POL,HIGH,Official legal text,,"P110 lineage authority. The rules explicitly assign monitoring of project implementation by physical indicators, aggregation/analysis and provision of acquired data, and participation in KEHOP Plusz FAIR development and information-content definition. This proves administrative aggregation capability/FAIR locus; it does not prove a public 1103 endpoint."
SRC-B02-FAIR-SUPPORTED-PROJECT-SEARCH-HELP-2026,B02,"Támogatott projekt kereső - EUPR/EPTK online Súgóközpont","FAIR / EUPR",https://help.fair.gov.hu/node/2060,undated,2026-09-23,current supported-project search/export behavior,P1,POL,HIGH,"Public official help page; reuse terms require verification",,"P111 machine-readable project-universe route. Official help states supported-project data are sourced from EMIR/EUPR/IIER, refreshed daily, authenticated users can export results as CSV, and Szechenyi Terv Plusz export has no result-row limit. Documented fields do not establish the KEHOP professional completion-indicator/1103 field."
SRC-B02-HU-60-2014-FAIR-REGULATION,B02,"60/2014. (III. 6.) Korm. rendelet - FAIR definitions and indicator registry","Nemzeti Jogszabálytár",https://njt.jog.gov.hu/jogszabaly/2014-60-20-22,2014-03-06,2026-09-23,current consolidated FAIR architecture,P1,POL,HIGH,"Official legal text",,"P111 administrative join-locus authority. FAIR is the unified registry of development-source procedure data; FAIR KR serves registration of available frameworks, indicators and their fulfilment. This supports internal indicator existence/registry semantics but not anonymous/public 1103 export."
SRC-B02-MFB-OFP-PROGRAMME-SCALE-2026,B02,"Kiemelkedő igénylési számokkal zárul az energiahatékonysági Otthonfelújítási Program","Magyar Fejlesztési Bank",https://www.mfb.hu/kiemelkedo-igenylesi-szamokkal-zarul-az-energiahatekonysagi-otthonfelujitasi-program-s2879,2026-04-29,2026-09-23,combined KEHOP Plusz 4.1.7/4.1.8 programme status at 2026-04-29,P1,POL,HIGH,"Official public statement; reuse terms require verification",,"P111 approximate programme-scale control only. MFB states the combined programme resources were about HUF 73bn and expected to support nearly 10,000 homes. This is not a completed-project count, exact project-universe count, 1103 count or technical-performance cohort."
SRC-B02-FAIR-MONITORING-REPORT-EXPORT-HELP-2026,B02,"Monitoring mutatók rögzítése Szakmai- és Záró Beszámolóknál","FAIR / EUPR",https://help.fair.gov.hu/node/197,undated,2026-09-23,current EUPR/EPTK reporting workflow,P1,POL,HIGH,"Public official help page; reuse terms require verification",,"P112 project-level source-export authority. Official FAIR help states the monitoring function is part of professional and closing reports; lists are exportable as CSV/Excel; documented fields include monitoring name/type, fact date/value variants, report sequence and report type including closing professional report. Access is permission-controlled. This proves project/report export mechanics but not a cross-project KEHOP 1103 cohort or direct live readback of the exact 4.1.7/4.1.8 field."
SRC-B02-FAIR-PROGRAMMONITORING-GLOSSARY-2026,B02,"Fogalmak és magyarázatuk - Programmonitoring","FAIR / EUPR",https://help.fair.gov.hu/node/2144,undated,2026-09-23,current FAIR/EUPR terminology,P1,POL,HIGH,"Public official help page; reuse terms require verification",,"P113 cross-project aggregation semantics authority. The official glossary defines Programmonitoring as aggregating the results of projects implemented under a programme and comparing those results with programme target values. This proves a native programme-level aggregation layer but does not prove that every professional metric is included, nor that KEHOP measure category 1103 is currently exposed in any institutional or public aggregate."
SRC-B02-EUROSTAT-SILC-2023-ENERGY-MODULE-ASSESSMENT,B02,"Assessment of the implementation EU-SILC 2023 operation","European Commission / Eurostat",https://ec.europa.eu/eurostat/documents/1012329/22538672/EU_SILC_2023_modules_assessment.pdf,undated,2026-09-23,2023 ad-hoc household energy efficiency module,P1,OBS,HIGH,"European Commission publication; reuse with attribution",,"P114 direct current physical-stock authority. Hungary HC004 reports only single glazing 16.2%, only double 63.1%, triple or more 12.2%, mixed single plus double/triple 5.3%, mixed double plus triple 3.2%; therefore 21.5% have at least one single-glazed window. Same survey HC001 reports district heating 15.4%, so non-district is 84.6%. No HC001 x HC004 joint table is asserted."
SRC-B02-EU-2021-2052-HC001-HC004,B02,"Commission Implementing Regulation (EU) 2021/2052 - EU-SILC 2023 housing and energy variables","European Union / EUR-Lex",https://eur-lex.europa.eu/legal-content/EN/TXT/?uri=CELEX:32021R2052,2021-11-24,2026-09-23,EU-SILC 2023 variable definitions,P1,POL,HIGH,"Official EU legal text",,"P114 semantic authority. HC001 heating system and HC004 window glazing type are household-level variables with current reference period. Used to bind the observed Hungary marginals without inventing household-to-Census-dwelling identity or a joint table."
SRC-B02-HU-2023-EKM-CURRENT-U,B02,"9/2023. (V. 25.) ÉKM rendelet az épületek energetikai jellemzőinek meghatározásáról","Nemzeti Jogszabálytár",https://njt.hu/jogszabaly/2023-9-20-8X,2023-05-25,2026-09-23,current consolidated technical requirements,P1,POL,HIGH,"Official legal text",,"P114 current technical reference. Current glazing requirement is U<=1.0 W/m2K; facade glazed window requirement is 1.10 W/m2K for wood/PVC >0.5 m2 and 1.40 W/m2K for metal. Whole-window U includes glazing, frame and spacer effects, so glazing-layer count alone is not whole-window compliance."
SRC-B02-HU-EKM-APPENDIX2-GLAZING-U,B02,"2. függelék - szerkezetek referencia hőátbocsátási tényezői","Építési és Közlekedési Minisztérium / Kormány.hu",https://cdn.kormany.hu/uploads/document/7/71/710/7104724f6e0267935518ec602269fd08733e6271.pdf,undated,2026-09-23,current official technical appendix,P1,POL,HIGH,"Official government technical publication",,"P114 glazing-performance authority. Reference U_glass values include ordinary 4 mm single glazing 5.8 W/m2K; double-glazing constructions spanning about 2.9, 1.6, 1.2 and 1.1 W/m2K; and a triple low-e argon example 0.8 W/m2K. Used to prove single glazing as a current glazing deficit class and to prohibit double/triple layer-count promotion to whole-window compliance."
SRC-B05-NIBE-S2125-IHB,B05,S2125 official installer manual,NIBE Energy Systems,https://installer.nibe.eu/download/18.69d23679185eaf109d92e22/1676544183097/S2125-IHB-631676-1.pdf,undated,2026-09-24,current manufacturer installer manual,P2,OBS,HIGH,Public manufacturer PDF,,"P10: source-native continuous W35/W45/W55 heating-capacity curves cover the P9 mean cold-stress interval. Curves are explicitly continuous-operation and exclude defrost; plotted kW values are not digitized and cold total-input/COP triples remain Q. P33: same manufacturer manual provides exact product-family defrost controller semantics and active/passive operating states; it still does not quantify event heat/electric energy."
SRC-B05-TEKNOPOINT-ATHENA-R32-2025,B05,ATHENA R32 hydronic-system performance catalogue,Tekno Point,https://teknopoint.com/pdf/catalogo_sistema_idronico_ITA_EN_2025.pdf,undated,2026-09-24,2025 manufacturer catalogue,P2,OBS,HIGH,Public manufacturer PDF,,"P11 source-native A-15/A-7 x W35/W55 capacity, published power input and COP. Product-unit electrical-input mapping only; no hidden defrost or external-system auxiliary claim."
SRC-B05-TEKNOPOINT-ATHENA-R32-CURRENT-2026,B05,ATHENA R32 current product page,Tekno Point,https://teknopoint.com/fr/pompes-a-chaleur/athena-r32,undated,2026-09-24,current product surface,P2,OBS,HIGH,Public manufacturer webpage,,"Current-product and operating-limit control only. Manufacturer states heating water to 55 C even at -20 C outdoor; this does not create a -20 C performance point."
SRC-B05-ECPOWER-PMH-2023,B05,Technical Data PMH 6 / PMH 19,EC POWER,https://www.ecpower.eu/files/ec-power/customer/EN/Downloads_EN/Information_Material/EC_POWER_EN_technical_data_PMH.pdf,undated,2026-09-24,version 03.2023 manufacturer technical data,P2,OBS,HIGH,Public manufacturer PDF,,"P12 source-native A-15/A-7 x W35/W55 heating capacity and COP. Data sheet cites TUV-Sud reports. Electrical input is intentionally DER via capacity/COP and is not promoted to source-native OBS."
SRC-B05-ECPOWER-PMH-CURRENT-2026,B05,Current PMH heat-pump product/download surface,EC POWER,https://www.ecpower.eu/en/product-range2.html,undated,2026-09-24,current manufacturer product surface,P2,OBS,HIGH,Public manufacturer webpage,,"Current-product control only. Does not establish Hungarian distribution, procurement availability or market share."
SRC-B05-WAMAK-AWK35-EVI-2026,B05,AWK 35 EVI manufacturer product sheet,WAMAK,https://www.wamak.eu/wapps/product-sheets/combine.php?code_id=WA001448&coverpg=&descriptmrktadv=&lang=en-GB,undated,2026-09-24,product sheet ver. 2024/25 accessed current 2026,P2,OBS,HIGH,Public manufacturer PDF,,"P13 source-native A-22/A-10 x W35/W55 extreme-cold performance evidence. The A-22/W55 published input conflicts with published capacity/COP and is not promoted; canonical input is DER from capacity/COP."
SRC-B05-EN14511-1-DEFROST-2022,B05,EN 14511-1:2022 terms and definitions - public preview,Slovenian Institute for Standardization / CEN,https://preview.sist.si/sist-preview/70163/c077a942ea724977b9d7f3dda0be98c7/SIST-EN-14511-1-2022.pdf,2022-09-01,2026-09-24,current EN14511 method boundary,P1,POL,HIGH,Public standard preview,,"P14 accounting authority: effective power input includes any power input for defrosting; COP uses heating capacity/effective input. Method rule only."
SRC-B05-EN14511-1-DEFROST-2011,B05,EN 14511-1:2011 terms and definitions - public preview,Slovenian Institute for Standardization / CEN,https://preview.sist.si/sist-preview/33312/068233ce44e141f1bc8238714ea5528e/SIST-EN-14511-1-2012.pdf,2011-10-01,2026-09-24,EN14511 defrost accounting corroboration,P1,POL,HIGH,Public standard preview,,"Heating capacity accounts for heat removed from the indoor heat exchanger for defrosting; effective power input includes defrost power."
SRC-B05-HPKEYMARK-ANNEXA-2026,B05,Heat Pump KEYMARK Annex A KEYMARK Requirements V2,Heat Pump KEYMARK,https://www.heatpumpkeymark.com/fileadmin/user_upload/documents/2HPK_Annex_A_KEYMARK_Requirements_V2.pdf,undated,2026-09-24,current certification scheme rules,P1,POL,HIGH,Public certification scheme PDF,,"P14: EN14511-2 performance tests and EN14511-4 defrost test are part of current outdoor-air certification requirements; no product-specific event frequency inferred."
SRC-B05-VAILLANT-SPLIT-DEFROST-DESIGN-2026,B05,aroTHERM Split current defrost design guidance,Vaillant Group UK Ltd.,https://professional.vaillant.co.uk/for-installers/products/arotherm-split-heat-pump-7kw-145985.html,undated,2026-09-24,current manufacturer design guidance,P2,OBS,HIGH,Public manufacturer webpage,,"UK-specific 12-15% design output allowance recorded as context only; not transferable to Hungarian national runtime."
SRC-B05-EN14825-CDH-2022,B05,EN 14825:2022 degradation coefficient semantics,SIST / CEN via iTeh,https://standards.iteh.ai/catalog/standards/sist/0d3be441-d22e-447c-8204-e2b4b9c731f4/sist-en-14825-2022,undated,2026-09-24,2022 standard semantics,P1,POL,HIGH,Public standards catalogue/preview,,"P15: air-to-water Cd default 0.9 only when not determined by measurement; non-default certified Cdh is therefore not the no-measurement fallback."
SRC-B05-HPKEYMARK-VAILLANT-PLUS-M-2026,B05,Vaillant aroTHERM plus M current HP KEYMARK subtype,Heat Pump KEYMARK / DIN CERTCO,https://www.heatpumpkeymark.com/de/nc/ps-keymark/certificate-holders/?cHash=49e546a4d0f777aac5ca2a80652e03a6&tx_pskeymark_frontend%5Baction%5D=showSubtype&tx_pskeymark_frontend%5Bcontroller%5D=Frontend&tx_pskeymark_frontend%5Bsubtype%5D=7607,undated,2026-09-24,current certified subtype,P1,OBS,HIGH,Public certification database,,"P15 current Vaillant 011-1W0760 / TÜV Rheinland test context with EN14825 Pdh/COP/Cdh fields. Product-specific certification evidence only; not universal cycling runtime."
SRC-B05-HPKEYMARK-BOSCH-CS5800I-2026,B05,Bosch CS5800i/6800iAW 4/5/7 OR current HP KEYMARK subtype,Heat Pump KEYMARK / DIN CERTCO,https://www.heatpumpkeymark.com/de/?cHash=53c245b5daddd9d259070acb2f8a5b5a&tx_pskeymark_frontend%5Baction%5D=showSubtype&tx_pskeymark_frontend%5Bcontroller%5D=Frontend&tx_pskeymark_frontend%5Bsubtype%5D=5929&type=109126,undated,2026-09-24,current certified subtype,P1,OBS,HIGH,Public certification database,,"P16 current Bosch registration 011-1W0581 with DIN CERTCO / Fraunhofer ISE context and certified EN14825 Pdh/COP/Cdh fields. Cross-manufacturer method validation only; no market share or universal coefficient claim."
SRC-B05-UK-HEM-TP12-2026,B05,Home Energy Model HEM-TP-12 heat pump methodology,UK Department for Energy Security and Net Zero,https://assets.publishing.service.gov.uk/media/69a6cbe7723a61518b9f1395/hem-tp-12-heat-pump-methodology.pdf,2026-03-03,2026-09-24,2026 current technical method,P1,POL,HIGH,Official UK government technical publication,,"P16 method-control authority: variable-capacity heat pumps cycle below minimum continuous load ratio; minimum modulation is a separate calculation input and on/off electricity is handled by a separate method. Not Hungarian regulatory authority, not product OBS, and no direct Cdh hourly multiplier is imported."
SRC-B05-VAILLANT-PLUS-VWL85-MINMAX-2026,B05,aroTHERM plus VWL 85/6 A 230V S3 minimum/maximum heating output,Vaillant,https://www.vaillant.pt/downloads/installation-manuals/bombas-de-calor/0020297937-02-2406576.pdf,undated,2026-09-24,current manufacturer-hosted installation/maintenance manual,P2,OBS,HIGH,Public manufacturer PDF,,"P17 same-product source-native minimum/maximum heat output at A7/W35 = 3.00..9.00 kW for VWL 85/6 A 230V S3. Bounded anchor only."
SRC-B05-BOSCH-CS5800I-MODULATION-2024,B05,CS5800iAW 4 ORE-S technical planning document,Bosch Home Comfort,https://www.bosch-homecomfort.com/be/media/country_pool/knowledge/system_pointers/fr_2/pd_cs5800iaw_4_ore-s_fr.pdf,2024-09-05,2026-09-24,2024 technical planning data,P2,OBS,HIGH,Public manufacturer PDF,,"P17 same-product modulation range at A2/W35 = 1.8..4.3 kW for CS5800iAW 4 ORE-S. Bounded anchor only; no floor surface inferred."
SRC-B05-SEAI-DEAP-CDH-METHOD-2019,B05,DEAP Heat Pump Methodology proposed changes - Cdh application,Sustainable Energy Authority of Ireland,https://www.seai.ie/sites/default/files/publications/DEAP-Heat-pumps-consultation.pdf,2019-04-01,2026-09-24,Q2 2019,P1,POL,HIGH,Official public methodology consultation,,"P18: explicit EN14825-based to-water formula COPbin=COPd*CR/(Cdh*CR+(1-Cdh)); formula semantics only, not Hungarian regulatory authority or product measurement."
SRC-B05-SEAI-DEAP-HEATPUMP-2024,B05,DEAP Heat Pump Methodology 2020 version 2.1,Sustainable Energy Authority of Ireland,https://www.seai.ie/sites/default/files/publications/DEAP-Heat-pump-methodology-2020-V1.0.pdf,2024-08-01,2026-09-24,August 2024,P1,POL,HIGH,Official public methodology,,"P18 continuity control: current published 2024 guidance states it follows the Q2 2019 proposed methodology changes. Used only to corroborate method continuity."
SRC-B05-AMITIME-PAVH06-DISTRIBUTOR-RANGE-2026,B05,AMITIME heatLITE PAVH-06V1FXC A7/W35 min/max performance ranges,Hemeltron OÜ,https://en.hemeltron.ee/amitime-heatlite,undated,2026-09-24,current distributor technical page,P3,OBS,MEDIUM,Public distributor webpage,,"P19 discovery evidence only. A7/W35 capacity/input/COP ranges are co-published for exact PAVH-06V1FXC, but range endpoints are not explicitly point-paired; no minimum-capacity COP is derived."
SRC-B05-HPKEYMARK-AMITIME-PAVH06-2026,B05,Amitime PAVH-06V1FXC current HP KEYMARK subtype,Heat Pump KEYMARK / BRE,https://www.heatpumpkeymark.com/en/nc/ps-keymark/certificate-holders/?cHash=828ac1e95e4348d03bdfd53fa712afe2&tx_pskeymark_frontend%5Baction%5D=showSubtype&tx_pskeymark_frontend%5Bcontroller%5D=Frontend&tx_pskeymark_frontend%5Bsubtype%5D=3221,2024-05-10,2026-09-24,current certified subtype,P1,OBS,HIGH,Public certification database,,"P19 exact current model identity under registration 041-K027-01/01. EN14825 average-climate Cdh fields equal 0.900 and therefore remain measurement/default ambiguous under the canonical P15 rule."
SRC-B05-MITSUBISHI-PUZ-WM-MINNOMMAX-2024,B05,PUZ-WM packaged Ecodan technical sheet with Min/Nom/Max point pairs,Mitsubishi Electric Europe B.V. Italian Branch,https://climatizzazione.mitsubishielectric.it/sites/default/files/2024-07/Scheda%20Tecnica%20PUZ-WM%20-%20rev.1.pdf,2024-07-01,2026-09-24,2024 technical sheet rev.1,P2,OBS,HIGH,Public manufacturer PDF,,"P20 exact point-pair authority: PUZ-WM50VHA A7/W35 Min/Nom/Max capacity 1.80/5.00/5.60 kW; input 0.33/1.00/1.16 kW; COP 5.46/5.00/4.82."
SRC-B05-MITSUBISHI-PUZ-WM50-OPTIONAL-BS-ID-2026,B05,Ecodan R32 PUZ-WM50VHA(-BS) manufacturer product information,Mitsubishi Electric,https://library.mitsubishielectric.co.uk/pdf/download_full/4144,undated,2026-09-24,current manufacturer product sheet,P2,OBS,HIGH,Public manufacturer PDF,,"P20 model-identity corroboration only: manufacturer itself uses PUZ-WM50VHA(-BS) notation for the same outdoor-unit base identifier."
SRC-B05-HPKEYMARK-MITSUBISHI-WM50-2026,B05,Mitsubishi Ecodan Power Inverter 5-200D Packaged current HP KEYMARK subtype,Heat Pump KEYMARK / SZU,https://www.heatpumpkeymark.com/en/nc/ps-keymark/certificate-holders/?cHash=0aecf6bcedcd369e5acf7a509916b562&tx_pskeymark_frontend%5Baction%5D=showSubtype&tx_pskeymark_frontend%5Bcontroller%5D=Frontend&tx_pskeymark_frontend%5Bsubtype%5D=4300,2023-12-19,2026-09-24,current certified subtype 037-0032-20 rev.2,P1,OBS,HIGH,Public certification database,,"P20 current certification control. Outdoor-only PUZ-WM50VHA(-BS) publishes warmer-climate low-temperature Cdh(+7)=0.950 and other non-default EN14825 fields."
SRC-B05-MITSUBISHI-ECODAN-PLAN-MINFLOOR-2021,B05,Ecodan planning handbook PUZ-WM50VHA minimum/maximum heating-output table,Mitsubishi Electric,https://files.ecohandel.ch/documents/manuals/mitsubishi/Planungshandbuch_Ecodan_2021.pdf,2021-01-01,2026-09-24,2021 planning handbook,P2,OBS,HIGH,Manufacturer-authored public PDF via public mirror,,"P21: exact A2/W35 minimum 2.5 kW and A2/W45 minimum 2.5 kW for PUZ-WM50VHA. No graph digitization; bounded table values only."
SRC-B05-MITSUBISHI-SE-WM50-A7W45-2026,B05,PUZ-WM50VHA archived manufacturer product specification,Mitsubishi Electric Sweden,https://mitsubishielectric.se/produkter/villa/luft-vatten/utgangna/ecodan-package-utomhusdel/puz-wm50vha,undated,2026-09-24,current archived manufacturer page,P2,OBS,HIGH,Official manufacturer webpage,,"P21: exact A7/W45 minimum heating output 1.3 kW for PUZ-WM50VHA; specification page notes EHPT20X-YM9D combination."
SRC-B05-MITSUBISHI-DATABOOK-WM50-MIN-GRID-2020,B05,Ecodan R32 Data Book Vol.5.3 PUZ-WM50VHA(-BS) minimum heating performance grid,Mitsubishi Electric,https://library.mitsubishielectric.co.uk/pdf/download_full/4099,2020-01-01,2026-09-24,Data Book Vol.5.3 R32,P2,OBS,HIGH,Official manufacturer PDF,,"P22 exact manufacturer Min capacity/COP grid; 40 materialized points and 27 complete bilinear cells. Blank source cells are not inferred."
SRC-B05-MITSUBISHI-ERP-WM50-CDH-2026,B05,PUZ-WM50VHA(-BS) ERP product technical documentation Cdh bins,Mitsubishi Electric,https://erp.mitsubishielectric.eu/files/library/files/erpdocs/lot1/wm050xx_001_001.pdf,undated,2026-09-24,current ERP technical documentation,P2,OBS,HIGH,Official manufacturer PDF,,"P22 low-temperature average-climate Cdh exact bins: -7=0.99, +2=0.98, +7=0.95, +12=0.93; exact 0.9 fallback semantics remain explicit."
SRC-B05-DIMPLEX-LA2030CP-MIN-SURFACE-2026,B05,LA 2030CP technical product information minimum/maximum heating-output table,Glen Dimplex Deutschland GmbH,https://dimplex.atlassian.net/wiki/spaces/PRO/pages/3902636350/Technische+Produktinformationen+LA+2030CP,undated,2026-09-24,current manufacturer planning handbook page,P2,OBS,HIGH,Official manufacturer planning knowledgebase,,"P23: 15 exact source-native minimum-output points over W35/W45/W55. A-10 minimum data are unavailable and form an explicit interpolation barrier."
SRC-B05-HPKEYMARK-DIMPLEX-LA2030CP-2026,B05,Dimplex LA 2030CP current HP KEYMARK subtype,Heat Pump KEYMARK / VDE,https://www.heatpumpkeymark.com/en/?cHash=345ece1d2c6cfa3f7606958b884b4b37&tx_pskeymark_frontend%5Baction%5D=showSubtype&tx_pskeymark_frontend%5Bcontroller%5D=Frontend&tx_pskeymark_frontend%5Bsubtype%5D=6778&type=109126,2025-08-29,2026-09-24,current certified subtype 40060852,P1,OBS,HIGH,Public certification database,,"P23 current exact-model certification and non-default average-climate low-temperature Cdh bins -7=0.990,+2=0.970,+7=0.953,+12=0.912."
SRC-B05-UK-HEM-TP12-HOURLY-ONOFF-2026,B05,Home Energy Model HEM-TP-12 v3.0 hourly on/off heat-pump method,UK Department for Energy Security and Net Zero,https://assets.publishing.service.gov.uk/media/69a6cbe7723a61518b9f1395/hem-tp-12-heat-pump-methodology.pdf,2026-01-01,2026-09-25,HEM-TP-12 v3.0 HEM 1.0,P1,POL,HIGH,Official UK government technical publication,,"P24: current HEM separates EN14825 fixed test data from dwelling/timestep runtime and uses an EN15316-derived on/off transient method below minimum continuous load ratio. Cdh temperature interpolation is not imported into the hourly runtime. P27 fresh audit confirms the current document still assigns Light embedded to all wet-distribution heat pumps."
SRC-B05-UK-HEM-RUST-ONOFF-CONSTANTS-2026,B05,Current UK Home Energy Model Rust reference implementation on/off constants and emitter mapping,UK Government communitiesuk Home Energy Model project,https://github.com/communitiesuk/epb-home-energy-model/blob/5a3ac9728df712332a5625571c43d3bc10bd2bf3/src/core/heating_systems/heat_pump.rs,2026-09-18,2026-09-25,pinned current main 5a3ac9728df712332a5625571c43d3bc10bd2bf3,P1,POL,HIGH,Official public government reference implementation,,"P25: current code encodes 1370/360/120/1560 s service constants from BS EN15316-4-2 Table 13 and requires time_constant_onoff_operation as explicit positive input. Current examples use 140 s. P27 fresh audit confirms the pinned current main still implements FanCoils=360 s separately from RadiatorsUfh=1370 s."
SRC-B05-UK-SAP-CALCM01-ONOFF-DEFAULTS-2017,B05,SAP revised heat-pump performance method on/off transient defaults,BRE for UK National Calculation Methodology,https://www.ncm-pcdb.org.uk/sap/filelibrary/pdf/Calculation_Methodology/SAP_2012/CALCM-01---SAP-REVISED-HEAT-PUMP-PERFORMANCE-METHOD---V1.2.pdf,2017-09-05,2026-09-24,CALCM:01 issue 1.2,P2,POL,HIGH,Official historical UK NCM supporting document,,"P25: explicit tau_eq default 140 s and reproduced EN15316-4-2 Table 13 time characteristics 1920/1370/360/120/1560 s. Historical method/default authority only."
SRC-B05-MITSUBISHI-WM50-OUTLET-ENVELOPE-2025,B05,PUZ-WM50VHA maximum outlet-water temperature versus ambient-temperature operating envelope,Mitsubishi Electric,https://climatizzazione.mitsubishielectric.it/sites/default/files/2025-09/Guida%20Ecodan_2025_web%20%281%29.pdf,2025-09-01,2026-09-25,Ecodan practical guide 2025,P2,OBS,HIGH,Official manufacturer PDF,,"P26 classification-only source: WM50 maximum outlet-water curve is about 40 C at A-20 and reaches W55 at A-10. No intermediate numeric graph digitization."

SRC-B05-UK-PCDB-MITSUBISHI-WM50-2026,B05,UK PCDB Mitsubishi Ecodan 5.0 kW PUZ-WM50VHA public product record,BRE / UK Building Energy Performance Assessment Support Website,https://www.ncm-pcdb.org.uk/sap/pcdbdetails.jsp?id=104570&mid=020047&pid=31&type=362,2020-10-16,2026-09-25,current public PCDB record,P1,OBS,HIGH,Public assessment database,,"P28: exact public product record exists, but the public-facing fields do not expose tau_eq. No inference is made about non-public submission fields."
SRC-B05-UK-PCDB-DIMPLEX-LA2030CP-2026,B05,UK PCDB Dimplex LA 2030CP public product record,BRE / UK Building Energy Performance Assessment Support Website,https://www.ncm-pcdb.org.uk/sap/pcdbdetails.jsp?id=111303&mid=020165&pid=31&type=362,2026-02-03,2026-09-25,current public PCDB record,P1,OBS,HIGH,Public assessment database,,"P28: exact public product search/detail record exists, but the public-facing fields do not expose tau_eq. No inference is made about non-public submission fields."
SRC-B05-MITSUBISHI-WM50-FTC6-DHW-CONTROL-2026,B05,Ecodan FTC6 packaged cylinder DHW controller settings,Mitsubishi Electric,https://library.mitsubishielectric.co.uk/pdf/download_full/4254,undated,2026-09-25,current manufacturer controller manual,P2,OBS,HIGH,Public manufacturer PDF,,"P29 bounded controller authority: exact DHW max-operation/restriction and simultaneous-operation settings. Controller semantics are not performance-point evidence."
SRC-B05-MITSUBISHI-WM50-FTC6-BINDING-2026,B05,EHPT20X-MHEDW FTC6 packaged cylinder with PUZ-WM50VHA verified system binding,BRE Global / Mitsubishi Electric,https://library.mitsubishielectric.co.uk/pdf/download_full/4888,2023-08-14,2026-09-25,EPD verification issue 2023-08-14,P1,OBS,HIGH,Public verified EPD statement,,"P29 exact system binding for PUZ-WM50VHA(-BS) with EHPT20X-MHEDW FTC6 packaged cylinder."
SRC-B05-DIMPLEX-LA2030CP-WPMTOUCH-BINDING-2026,B05,LA 2030CP Quick Installation Guide with WPM Touch controller,Glen Dimplex Deutschland GmbH,https://www.dimplex.eu/sites/g/files/emiian586/files/media_import/medias/docus/17/Dimplex_LA2030CP_QIG_FD0507_EN.pdf,undated,2026-09-25,current manufacturer quick installation guide,P2,OBS,HIGH,Public manufacturer PDF,,"P29 exact product/controller binding: LA 2030CP + WPM Touch."
SRC-B05-DIMPLEX-WPMTOUCH-DHW-CONTROL-2026,B05,WPM Touch heat-pump manager operating instructions,Glen Dimplex Deutschland GmbH,https://www.dimplex.eu/sites/g/files/emiian586/files/media_import/medias/docus/15/Dimplex_WPMTouch_Bedienungsanleitung_fd0302_en.pdf,undated,2026-09-25,current manufacturer controller manual,P2,OBS,HIGH,Public manufacturer PDF,,"P29 exact controller behavior: during heating, an active DHW request deactivates the heat circulating pump and activates the DHW circulating pump. No DHW COP is inferred."
SRC-B05-DIMPLEX-LA2030CP-HIGH-TEMP-2026,B05,LA 2030CP current installation and operating instructions high-temperature operating envelope,Glen Dimplex Deutschland GmbH,https://www.dimplex.eu/sites/g/files/emiian586/files/media_import/medias/docus/18/Dimplex_LA2030CP_Montageanweisung_FD0510_EN.pdf,undated,2026-09-25,current manufacturer installation manual,P2,OBS,HIGH,Public manufacturer PDF,,"P29 operating-envelope-only authority: heating-water flow up to 70 C; no arbitrary high-temperature capacity/COP promotion."
SRC-B05-DIMPLEX-LA2030CP-HYDRAULIC-TEST-CONDITIONS-2026,B05,LA 2030CP hydraulic test conditions and heating curves,Glen Dimplex Deutschland GmbH,https://www.dimplex.eu/sites/g/files/emiian586/files/2025-09/Dimplex_LA2030CP_Montageanweisung_FD0508_EN%20%281%29.pdf,undated,2026-09-25,current manufacturer installation and operating instructions FD0508,P2,OBS,HIGH,Public manufacturer PDF,,"P30: A7/W35...30 nominal condition and 2.0 m3/h flow plus return sensing and fixed-outlet-temperature heating curves distinguish hydraulic metadata from an independently varied performance axis."
SRC-B05-MITSUBISHI-WM50-FLOW-RETURN-INSTRUMENTATION-2026,B05,Ecodan R32 5kW PUZ-WM50VHA flow/return instrumentation and nominal flow,Mitsubishi Electric,https://library.mitsubishielectric.co.uk/pdf/download_full/5333,undated,2026-09-25,current manufacturer residential heating product information,P2,OBS,HIGH,Public manufacturer PDF,,"P30: nominal flow 14 L/min and flow/return water-temperature thermistors prove observability/control only; no return/delta performance sensitivity is inferred."
SRC-B05-DIMPLEX-LA2030CP-W65-PERFORMANCE-2026,B05,LA 2030CP W65 source-native high-temperature performance table,Glen Dimplex Deutschland GmbH,https://www.dimplex.eu/sites/g/files/emiian586/files/2026-05/Projektierungshandbuch%20System%20C%C2%AE-v15-20260319_150009__EN_V2_final.pdf,2026-03-01,2026-09-25,System C planning manual Version 03/2026 technical product information LA2030CP section 3.10.4,P2,OBS,HIGH,Public manufacturer PDF,,"P32: exact W65 Qh/Pel/COP min/max table at nine outdoor temperatures. A-22 is blank; no graph digitization or interpolation is used."
SRC-B05-NIBE-S2125-MODBUS-DEFROST-2026,B05,NIBE S-Series Modbus S2125 defrost telemetry,NIBE Energy Systems,https://www.nibe.eu/download/18.42a6470a1963dded290bb1/1746538843623/Technical%20information%20Modbus%20S-Series.pdf,undated,2026-09-25,current NIBE S-Series Modbus technical information,P2,OBS,HIGH,Public manufacturer PDF,,"P33: direct S2125/F2120 telemetry exposes BT28, BT16, current compressor frequency and Defrost status 0=off/1=active/2=passive. This is event-state observability, not event-energy measurement. P34 additionally uses common NIBE measurement-register authority: pulse-energy 396/398, flow-energy 1575/1577/1583/1585 and instantaneous used power 2166. Availability is not a numeric event observation."
SRC-B05-HEATPUMPMONITOR-API-2026,B05,HeatpumpMonitor public timeseries API contract,OpenEnergyMonitor / HeatpumpMonitor.org,https://heatpumpmonitor.org/api-helper,undated,2026-09-25,current public API,P3,OBS,MEDIUM,Public technical webpage; raw data redistribution not assumed,,"P34 acquisition-route evidence. API documents public system/feed/timeseries retrieval; it does not guarantee that a direct NIBE Defrost register is exposed for system 252. P35 source-code audit pins the API semantics to HeatpumpMonitor commit a68fdc026bdfc74afe557d952f0d4d96ce76eba5: available/data operate on configured app feed keys; custom owner state feeds are not inferred public."
SRC-B05-HEATPUMPMONITOR-S2125-SILKEBORG-252-2026,B05,Public HeatpumpMonitor system 252 - 7.6kW S2125 R290 Silkeborg,OpenEnergyMonitor / system owner,https://heatpumpmonitor.org/dashboard?id=252,undated,2026-09-25,current public monitor,P3,OBS,MEDIUM,Public monitoring dashboard; raw data redistribution not assumed,,"P34 exact field-system binding and candidate heat/electric monitoring route. No raw co-timed Defrost-state + electric + thermal event series is canonicalized."
SRC-B05-OEM-S2125-SILKEBORG-DEFROST-2026,B05,NIBE ASHP and tank defrosts - S2125/S320 field observations,OpenEnergyMonitor community / system owner,https://community.openenergymonitor.org/t/nibe-ashp-and-tank-defrosts/29553,2026-01-02,2026-09-25,2025-12 to 2026 field observations,P3,OBS,MEDIUM,Public community field report; raw data redistribution not assumed,,"P34 field context: owner binds S2125/S320 to public monitoring and describes normal/tank defrost observations plus Home Assistant defrost logging. Not admitted as numeric event-energy evidence. P35: direct defrosting-mode/last-defrost logging is field-context evidence, not a raw export."
SRC-B05-HEATPUMPMONITOR-CODE-A68FDC-2026,B05,HeatpumpMonitor defrost/loss and timeseries source-code semantics,OpenEnergyMonitor,https://github.com/openenergymonitor/heatpumpmonitor.org/tree/a68fdc026bdfc74afe557d952f0d4d96ce76eba5,2026-09-22,2026-09-25,current code commit,P2,OBS,HIGH,AGPL/open-source repository; upstream terms apply,,"P35: exact code shows defrosts-and-other-heat-lost is computed from negative heat not classified as cooling; timeseries API serves configured app feeds. This is proxy semantics, not direct NIBE event identity."
SRC-B05-OEM-S2125-MODBUS-TCP-FIELD-2024,B05,Silkeborg S2125/S320 Modbus-TCP to EmonCMS field integration,OpenEnergyMonitor community / system owner,https://community.openenergymonitor.org/t/making-a-modbus-tcp-heat-pump-work-with-emonhub/26151,2024-05-17,2026-09-25,2024 field integration,P3,OBS,MEDIUM,Public community field report; raw configuration not redistributed,,"P35: owner reports internal NIBE sensors acquired through Modbus/TCP into EmonCMS. Exact direct Defrost raw export/register binding is not published in admitted material."
SRC-B05-JKJAER-EMONHUB-FORK-5B231D-2024,B05,jkjaer public emonhub fork exact tip,jkjaer / OpenEnergyMonitor,https://github.com/jkjaer/emonhub/tree/5b231d1d13b215cea891ff0abfb62a8376f2c0d3,2024-05-20,2026-09-25,current public fork tip,P3,OBS,MEDIUM,Public GitHub repository; upstream AGPL terms apply,,"P35: current public fork exposes no owner-specific commit ahead of upstream and no site register configuration. Local/private configuration may still exist."
SRC-B05-P35-HPM252-REMOTE-PROBE-2026,B05,P35 system-252 public endpoint access probe,Anonymoos-Rommel/hoszivattyu-akkumulator-orszagos-modell,https://github.com/Anonymoos-Rommel/hoszivattyu-akkumulator-orszagos-modell/actions/runs/36121168021,2026-09-25,2026-09-25,2026 hosted probe,P4,OBS,MEDIUM,Repository workflow log,,"P35: hosted probe returned HTTP 403 before system-252 metadata retrieval. This is an access-path result only; REMOTE_403 != SOURCE_ABSENCE."
SRC-B05-OEM-S2125-PUBLIC-EMONCMS-APP-2024,B05,Silkeborg S2125 public EmonCMS read-only app route,OpenEnergyMonitor community / system owner,https://community.openenergymonitor.org/t/questions-to-nibe-ashp-control-settings/26181,2024-05-23,2026-09-25,2024 owner field discussion,P3,OBS,MEDIUM,Public community field report; read-only credential intentionally not stored,,"P36: owner publicly links an exact app named NIBE_S2125. Repository does not store or republish the read credential."
SRC-B05-P36-SILKEBORG-EMONCMS-METER-PROBE-2026,B05,P36 exact Silkeborg public EmonCMS meter-series probe,Anonymoos-Rommel/hoszivattyu-akkumulator-orszagos-modell,https://github.com/Anonymoos-Rommel/hoszivattyu-akkumulator-orszagos-modell/actions/runs/36125366409,2026-09-25,2026-09-25,2026 hosted probe,P4,OBS,MEDIUM,Repository workflow log; third-party raw payload not redistributed,,"P36: redacted probe proves exact same-system 10 s electric/thermal public export and pins response digests/counts. Credential and raw third-party payload are not stored."
SRC-B05-EMONCMS-PHPFINA-NOAVG-669ACA-2025,B05,EmonCMS PHPFina fixed-interval no-averaging semantics,EmonCMS / OpenEnergyMonitor,https://github.com/emoncms/emoncms/blob/669aca74038f271e24b23238eec639d1fa185114/Modules/feed/engine/PHPFina.php,2025-08-20,2026-09-25,exact source commit,P2,OBS,HIGH,AGPL/open-source repository; upstream terms apply,,"P36: exact source states Fixed Interval No Averaging; fixed 10 s spacing is not promoted to interval-mean power authority."
SRC-B05-EMONCMS-MYHEATPUMP-KWH-52FF3D-2026,B05,MyHeatpump cumulative energy-feed and delta semantics,EmonCMS / OpenEnergyMonitor,https://github.com/emoncms/app/tree/52ff3d9ace5e81e38833be501c5290e5fdb08c16/apps/OpenEnergyMonitor/myheatpump,2026-09-24,2026-09-25,exact app commit,P2,OBS,HIGH,AGPL/open-source repository; upstream terms apply,,"P36: exact app source defines electric/thermal kWh feeds as cumulative and computes window kWh as end minus start."
SRC-B05-P36-SILKEBORG-KWH-SEMANTICS-PROBE-2026,B05,P36 exact Silkeborg cumulative-kWh semantics probe,Anonymoos-Rommel/hoszivattyu-akkumulator-orszagos-modell,https://github.com/Anonymoos-Rommel/hoszivattyu-akkumulator-orszagos-modell/actions/runs/36126579113,2026-09-25,2026-09-25,2026 hosted probe,P4,OBS,MEDIUM,Repository workflow log; third-party raw payload not redistributed,,"P36: 68 four-feed common timestamps; 42/42 negative thermal points carry negative thermal-kWh delta; no reset-like >1 kWh step in 67 audited deltas."
