distribution_id,source_id,reference_year,regulation,building_type,construction_period,published_energy_bin_kwh_m2_year,dwelling_count,evidence_status,source_url,retrieved_at,source_html_sha256
DIST-B02-FAMILY_HOUSE-01-01,SRC-B02-KSH-ENERGY-2025,2022,EKM_9_2023,FAMILY_HOUSE,1919 előtt,10,1,MODELLED,https://www.ksh.hu/s/kiserleti-statisztika/kiadvanyok/a-magyar-lakasallomany-primerenergia-igenyenek-becslese/,2026-08-12,1a312ae2943238c139623ac6595ff9bb0ebe656fd12d2b7ab80739488b527c31
DIST-B02-FAMILY_HOUSE-01-02,SRC-B02-KSH-ENERGY-2025,2022,EKM_9_2023,FAMILY_HOUSE,1919 előtt,20,2,MODELLED,https://www.ksh.hu/s/kiserleti-statisztika/kiadvanyok/a-magyar-lakasallomany-primerenergia-igenyenek-becslese/,2026-08-12,1a312ae2943238c139623ac6595ff9bb0ebe656fd12d2b7ab80739488b527c31
DIST-B02-FAMILY_HOUSE-01-03,SRC-B02-KSH-ENERGY-2025,2022,EKM_9_2023,FAMILY_HOUSE,1919 előtt,30,12,MODELLED,https://www.ksh.hu/s/kiserleti-statisztika/kiadvanyok/a-magyar-lakasallomany-primerenergia-igenyenek-becslese/,2026-08-12,1a312ae2943238c139623ac6595ff9bb0ebe656fd12d2b7ab80739488b527c31
DIST-B02-FAMILY_HOUSE-01-04,SRC-B02-KSH-ENERGY-2025,2022,EKM_9_2023,FAMILY_HOUSE,1919 előtt,40,11,MODELLED,https://www.ksh.hu/s/kiserleti-statisztika/kiadvanyok/a-magyar-lakasallomany-primerenergia-igenyenek-becslese/,2026-08-12,1a312ae2943238c139623ac6595ff9bb0ebe656fd12d2b7ab80739488b527c31
DIST-B02-FAMILY_HOUSE-01-05,SRC-B02-KSH-ENERGY-2025,2022,EKM_9_2023,FAMILY_HOUSE,1919 előtt,50,18,MODELLED,https://www.ksh.hu/s/kiserleti-statisztika/kiadvanyok/a-magyar-lakasallomany-primerenergia-igenyenek-becslese/,2026-08-12,1a312ae2943238c139623ac6595ff9bb0ebe656fd12d2b7ab80739488b527c31
DIST-B02-FAMILY_HOUSE-01-06,SRC-B02-KSH-ENERGY-2025,2022,EKM_9_2023,FAMILY_HOUSE,1919 előtt,60,23,MODELLED,https://www.ksh.hu/s/kiserleti-statisztika/kiadvanyok/a-magyar-lakasallomany-primerenergia-igenyenek-becslese/,2026-08-12,1a312ae2943238c139623ac6595ff9bb0ebe656fd12d2b7ab80739488b527c31
DIST-B02-FAMILY_HOUSE-01-07,SRC-B02-KSH-ENERGY-2025,2022,EKM_9_2023,FAMILY_HOUSE,1919 előtt,70,23,MODELLED,https://www.ksh.hu/s/kiserleti-statisztika/kiadvanyok/a-magyar-lakasallomany-primerenergia-igenyenek-becslese/,2026-08-12,1a312ae2943238c139623ac6595ff9bb0ebe656fd12d2b7ab80739488b527c31
DIST-B02-FAMILY_HOUSE-01-08,SRC-B02-KSH-ENERGY-2025,2022,EKM_9_2023,FAMILY_HOUSE,1919 előtt,80,36,MODELLED,https://www.ksh.hu/s/kiserleti-statisztika/kiadvanyok/a-magyar-lakasallomany-primerenergia-igenyenek-becslese/,2026-08-12,1a312ae2943238c139623ac6595ff9bb0ebe656fd12d2b7ab80739488b527c31
DIST-B02-FAMILY_HOUSE-01-09,SRC-B02-KSH-ENERGY-2025,2022,EKM_9_2023,FAMILY_HOUSE,1919 előtt,90,39,MODELLED,https://www.ksh.hu/s/kiserleti-statisztika/kiadvanyok/a-magyar-lakasallomany-primerenergia-igenyenek-becslese/,2026-08-12,1a312ae2943238c139623ac6595ff9bb0ebe656fd12d2b7ab80739488b527c31
DIST-B02-FAMILY_HOUSE-01-10,SRC-B02-KSH-ENERGY-2025,2022,EKM_9_2023,FAMILY_HOUSE,1919 előtt,100,68,MODELLED,https://www.ksh.hu/s/kiserleti-statisztika/kiadvanyok/a-magyar-lakasallomany-primerenergia-igenyenek-becslese/,2026-08-12,1a312ae2943238c139623ac6595ff9bb0ebe656fd12d2b7ab80739488b527c31
DIST-B02-FAMILY_HOUSE-01-11,SRC-B02-KSH-ENERGY-2025,2022,EKM_9_2023,FAMILY_HOUSE,1919 előtt,110,97,MODELLED,https://www.ksh.hu/s/kiserleti-statisztika/kiadvanyok/a-magyar-lakasallomany-primerenergia-igenyenek-becslese/,2026-08-12,1a312ae2943238c139623ac6595ff9bb0ebe656fd12d2b7ab80739488b527c31
DIST-B02-FAMILY_HOUSE-01-12,SRC-B02-KSH-ENERGY-2025,2022,EKM_9_2023,FAMILY_HOUSE,1919 előtt,120,145,MODELLED,https://www.ksh.hu/s/kiserleti-statisztika/kiadvanyok/a-magyar-lakasallomany-primerenergia-igenyenek-becslese/,2026-08-12,1a312ae2943238c139623ac6595ff9bb0ebe656fd12d2b7ab80739488b527c31
DIST-B02-FAMILY_HOUSE-01-13,SRC-B02-KSH-ENERGY-2025,2022,EKM_9_2023,FAMILY_HOUSE,1919 előtt,130,240,MODELLED,https://www.ksh.hu/s/kiserleti-statisztika/kiadvanyok/a-magyar-lakasallomany-primerenergia-igenyenek-becslese/,2026-08-12,1a312ae2943238c139623ac6595ff9bb0ebe656fd12d2b7ab80739488b527c31
DIST-B02-FAMILY_HOUSE-01-14,SRC-B02-KSH-ENERGY-2025,2022,EKM_9_2023,FAMILY_HOUSE,1919 előtt,140,312,MODELLED,https://www.ksh.hu/s/kiserleti-statisztika/kiadvanyok/a-magyar-lakasallomany-primerenergia-igenyenek-becslese/,2026-08-12,1a312ae2943238c139623ac6595ff9bb0ebe656fd12d2b7ab80739488b527c31
DIST-B02-FAMILY_HOUSE-01-15,SRC-B02-KSH-ENERGY-2025,2022,EKM_9_2023,FAMILY_HOUSE,1919 előtt,150,381,MODELLED,https://www.ksh.hu/s/kiserleti-statisztika/kiadvanyok/a-magyar-lakasallomany-primerenergia-igenyenek-becslese/,2026-08-12,1a312ae2943238c139623ac6595ff9bb0ebe656fd12d2b7ab80739488b527c31
DIST-B02-FAMILY_HOUSE-01-16,SRC-B02-KSH-ENERGY-2025,2022,EKM_9_2023,FAMILY_HOUSE,1919 előtt,160,434,MODELLED,https://www.ksh.hu/s/kiserleti-statisztika/kiadvanyok/a-magyar-lakasallomany-primerenergia-igenyenek-becslese/,2026-08-12,1a312ae2943238c139623ac6595ff9bb0ebe656fd12d2b7ab80739488b527c31
DIST-B02-FAMILY_HOUSE-01-17,SRC-B02-KSH-ENERGY-2025,2022,EKM_9_2023,FAMILY_HOUSE,1919 előtt,170,531,MODELLED,https://www.ksh.hu/s/kiserleti-statisztika/kiadvanyok/a-magyar-lakasallomany-primerenergia-igenyenek-becslese/,2026-08-12,1a312ae2943238c139623ac6595ff9bb0ebe656fd12d2b7ab80739488b527c31
DIST-B02-FAMILY_HOUSE-01-18,SRC-B02-KSH-ENERGY-2025,2022,EKM_9_2023,FAMILY_HOUSE,1919 előtt,180,621,MODELLED,https://www.ksh.hu/s/kiserleti-statisztika/kiadvanyok/a-magyar-lakasallomany-primerenergia-igenyenek-becslese/,2026-08-12,1a312ae2943238c139623ac6595ff9bb0ebe656fd12d2b7ab80739488b527c31
DIST-B02-FAMILY_HOUSE-01-19,SRC-B02-KSH-ENERGY-2025,2022,EKM_9_2023,FAMILY_HOUSE,1919 előtt,190,749,MODELLED,https://www.ksh.hu/s/kiserleti-statisztika/kiadvanyok/a-magyar-lakasallomany-primerenergia-igenyenek-becslese/,2026-08-12,1a312ae2943238c139623ac6595ff9bb0ebe656fd12d2b7ab80739488b527c31
DIST-B02-FAMILY_HOUSE-01-20,SRC-B02-KSH-ENERGY-2025,2022,EKM_9_2023,FAMILY_HOUSE,1919 előtt,200,866,MODELLED,https://www.ksh.hu/s/kiserleti-statisztika/kiadvanyok/a-magyar-lakasallomany-primerenergia-igenyenek-becslese/,2026-08-12,1a312ae2943238c139623ac6595ff9bb0ebe656fd12d2b7ab80739488b527c31
DIST-B02-FAMILY_HOUSE-01-21,SRC-B02-KSH-ENERGY-2025,2022,EKM_9_2023,FAMILY_HOUSE,1919 előtt,210,829,MODELLED,https://www.ksh.hu/s/kiserleti-statisztika/kiadvanyok/a-magyar-lakasallomany-primerenergia-igenyenek-becslese/,2026-08-12,1a312ae2943238c139623ac6595ff9bb0ebe656fd12d2b7ab80739488b527c31
DIST-B02-FAMILY_HOUSE-01-22,SRC-B02-KSH-ENERGY-2025,2022,EKM_9_2023,FAMILY_HOUSE,1919 előtt,220,961,MODELLED,https://www.ksh.hu/s/kiserleti-statisztika/kiadvanyok/a-magyar-lakasallomany-primerenergia-igenyenek-becslese/,2026-08-12,1a312ae2943238c139623ac6595ff9bb0ebe656fd12d2b7ab80739488b527c31
DIST-B02-FAMILY_HOUSE-01-23,SRC-B02-KSH-ENERGY-2025,2022,EKM_9_2023,FAMILY_HOUSE,1919 előtt,230,1128,MODELLED,https://www.ksh.hu/s/kiserleti-statisztika/kiadvanyok/a-magyar-lakasallomany-primerenergia-igenyenek-becslese/,2026-08-12,1a312ae2943238c139623ac6595ff9bb0ebe656fd12d2b7ab80739488b527c31
DIST-B02-FAMILY_HOUSE-01-24,SRC-B02-KSH-ENERGY-2025,2022,EKM_9_2023,FAMILY_HOUSE,1919 előtt,240,1422,MODELLED,https://www.ksh.hu/s/kiserleti-statisztika/kiadvanyok/a-magyar-lakasallomany-primerenergia-igenyenek-becslese/,2026-08-12,1a312ae2943238c139623ac6595ff9bb0ebe656fd12d2b7ab80739488b527c31
DIST-B02-FAMILY_HOUSE-01-25,SRC-B02-KSH-ENERGY-2025,2022,EKM_9_2023,FAMILY_HOUSE,1919 előtt,250,1596,MODELLED,https://www.ksh.hu/s/kiserleti-statisztika/kiadvanyok/a-magyar-lakasallomany-primerenergia-igenyenek-becslese/,2026-08-12,1a312ae2943238c139623ac6595ff9bb0ebe656fd12d2b7ab80739488b527c31
DIST-B02-FAMILY_HOUSE-01-26,SRC-B02-KSH-ENERGY-2025,2022,EKM_9_2023,FAMILY_HOUSE,1919 előtt,260,1976,MODELLED,https://www.ksh.hu/s/kiserleti-statisztika/kiadvanyok/a-magyar-lakasallomany-primerenergia-igenyenek-becslese/,2026-08-12,1a312ae2943238c139623ac6595ff9bb0ebe656fd12d2b7ab80739488b527c31
DIST-B02-FAMILY_HOUSE-01-27,SRC-B02-KSH-ENERGY-2025,2022,EKM_9_2023,FAMILY_HOUSE,1919 előtt,270,2333,MODELLED,https://www.ksh.hu/s/kiserleti-statisztika/kiadvanyok/a-magyar-lakasallomany-primerenergia-igenyenek-becslese/,2026-08-12,1a312ae2943238c139623ac6595ff9bb0ebe656fd12d2b7ab80739488b527c31
DIST-B02-FAMILY_HOUSE-01-28,SRC-B02-KSH-ENERGY-2025,2022,EKM_9_2023,FAMILY_HOUSE,1919 előtt,280,2512,MODELLED,https://www.ksh.hu/s/kiserleti-statisztika/kiadvanyok/a-magyar-lakasallomany-primerenergia-igenyenek-becslese/,2026-08-12,1a312ae2943238c139623ac6595ff9bb0ebe656fd12d2b7ab80739488b527c31
DIST-B02-FAMILY_HOUSE-01-29,SRC-B02-KSH-ENERGY-2025,2022,EKM_9_2023,FAMILY_HOUSE,1919 előtt,290,2888,MODELLED,https://www.ksh.hu/s/kiserleti-statisztika/kiadvanyok/a-magyar-lakasallomany-primerenergia-igenyenek-becslese/,2026-08-12,1a312ae2943238c139623ac6595ff9bb0ebe656fd12d2b7ab80739488b527c31
DIST-B02-FAMILY_HOUSE-01-30,SRC-B02-KSH-ENERGY-2025,2022,EKM_9_2023,FAMILY_HOUSE,1919 előtt,300,3096,MODELLED,https://www.ksh.hu/s/kiserleti-statisztika/kiadvanyok/a-magyar-lakasallomany-primerenergia-igenyenek-becslese/,2026-08-12,1a312ae2943238c139623ac6595ff9bb0ebe656fd12d2b7ab80739488b527c31
DIST-B02-FAMILY_HOUSE-01-31,SRC-B02-KSH-ENERGY-2025,2022,EKM_9_2023,FAMILY_HOUSE,1919 előtt,310,3719,MODELLED,https://www.ksh.hu/s/kiserleti-statisztika/kiadvanyok/a-magyar-lakasallomany-primerenergia-igenyenek-becslese/,2026-08-12,1a312ae2943238c139623ac6595ff9bb0ebe656fd12d2b7ab80739488b527c31
DIST-B02-FAMILY_HOUSE-01-32,SRC-B02-KSH-ENERGY-2025,2022,EKM_9_2023,FAMILY_HOUSE,1919 előtt,320,4122,MODELLED,https://www.ksh.hu/s/kiserleti-statisztika/kiadvanyok/a-magyar-lakasallomany-primerenergia-igenyenek-becslese/,2026-08-12,1a312ae2943238c139623ac6595ff9bb0ebe656fd12d2b7ab80739488b527c31
DIST-B02-FAMILY_HOUSE-01-33,SRC-B02-KSH-ENERGY-2025,2022,EKM_9_2023,FAMILY_HOUSE,1919 előtt,330,4698,MODELLED,https://www.ksh.hu/s/kiserleti-statisztika/kiadvanyok/a-magyar-lakasallomany-primerenergia-igenyenek-becslese/,2026-08-12,1a312ae2943238c139623ac6595ff9bb0ebe656fd12d2b7ab80739488b527c31
DIST-B02-FAMILY_HOUSE-01-34,SRC-B02-KSH-ENERGY-2025,2022,EKM_9_2023,FAMILY_HOUSE,1919 előtt,340,4858,MODELLED,https://www.ksh.hu/s/kiserleti-statisztika/kiadvanyok/a-magyar-lakasallomany-primerenergia-igenyenek-becslese/,2026-08-12,1a312ae2943238c139623ac6595ff9bb0ebe656fd12d2b7ab80739488b527c31
DIST-B02-FAMILY_HOUSE-01-35,SRC-B02-KSH-ENERGY-2025,2022,EKM_9_2023,FAMILY_HOUSE,1919 előtt,350,5744,MODELLED,https://www.ksh.hu/s/kiserleti-statisztika/kiadvanyok/a-magyar-lakasallomany-primerenergia-igenyenek-becslese/,2026-08-12,1a312ae2943238c139623ac6595ff9bb0ebe656fd12d2b7ab80739488b527c31
DIST-B02-FAMILY_HOUSE-01-36,SRC-B02-KSH-ENERGY-2025,2022,EKM_9_2023,FAMILY_HOUSE,1919 előtt,360,6101,MODELLED,https://www.ksh.hu/s/kiserleti-statisztika/kiadvanyok/a-magyar-lakasallomany-primerenergia-igenyenek-becslese/,2026-08-12,1a312ae2943238c139623ac6595ff9bb0ebe656fd12d2b7ab80739488b527c31
DIST-B02-FAMILY_HOUSE-01-37,SRC-B02-KSH-ENERGY-2025,2022,EKM_9_2023,FAMILY_HOUSE,1919 előtt,370,6878,MODELLED,https://www.ksh.hu/s/kiserleti-statisztika/kiadvanyok/a-magyar-lakasallomany-primerenergia-igenyenek-becslese/,2026-08-12,1a312ae2943238c139623ac6595ff9bb0ebe656fd12d2b7ab80739488b527c31
DIST-B02-FAMILY_HOUSE-01-38,SRC-B02-KSH-ENERGY-2025,2022,EKM_9_2023,FAMILY_HOUSE,1919 előtt,380,7798,MODELLED,https://www.ksh.hu/s/kiserleti-statisztika/kiadvanyok/a-magyar-lakasallomany-primerenergia-igenyenek-becslese/,2026-08-12,1a312ae2943238c139623ac6595ff9bb0ebe656fd12d2b7ab80739488b527c31
DIST-B02-FAMILY_HOUSE-01-39,SRC-B02-KSH-ENERGY-2025,2022,EKM_9_2023,FAMILY_HOUSE,1919 előtt,390,8742,MODELLED,https://www.ksh.hu/s/kiserleti-statisztika/kiadvanyok/a-magyar-lakasallomany-primerenergia-igenyenek-becslese/,2026-08-12,1a312ae2943238c139623ac6595ff9bb0ebe656fd12d2b7ab80739488b527c31
DIST-B02-FAMILY_HOUSE-01-40,SRC-B02-KSH-ENERGY-2025,2022,EKM_9_2023,FAMILY_HOUSE,1919 előtt,400,9692,MODELLED,https://www.ksh.hu/s/kiserleti-statisztika/kiadvanyok/a-magyar-lakasallomany-primerenergia-igenyenek-becslese/,2026-08-12,1a312ae2943238c139623ac6595ff9bb0ebe656fd12d2b7ab80739488b527c31
DIST-B02-FAMILY_HOUSE-01-41,SRC-B02-KSH-ENERGY-2025,2022,EKM_9_2023,FAMILY_HOUSE,1919 előtt,410,11061,MODELLED,https://www.ksh.hu/s/kiserleti-statisztika/kiadvanyok/a-magyar-lakasallomany-primerenergia-igenyenek-becslese/,2026-08-12,1a312ae2943238c139623ac6595ff9bb0ebe656fd12d2b7ab80739488b527c31
DIST-B02-FAMILY_HOUSE-01-42,SRC-B02-KSH-ENERGY-2025,2022,EKM_9_2023,FAMILY_HOUSE,1919 előtt,420,11816,MODELLED,https://www.ksh.hu/s/kiserleti-statisztika/kiadvanyok/a-magyar-lakasallomany-primerenergia-igenyenek-becslese/,2026-08-12,1a312ae2943238c139623ac6595ff9bb0ebe656fd12d2b7ab80739488b527c31
DIST-B02-FAMILY_HOUSE-01-43,SRC-B02-KSH-ENERGY-2025,2022,EKM_9_2023,FAMILY_HOUSE,1919 előtt,430,12812,MODELLED,https://www.ksh.hu/s/kiserleti-statisztika/kiadvanyok/a-magyar-lakasallomany-primerenergia-igenyenek-becslese/,2026-08-12,1a312ae2943238c139623ac6595ff9bb0ebe656fd12d2b7ab80739488b527c31
DIST-B02-FAMILY_HOUSE-01-44,SRC-B02-KSH-ENERGY-2025,2022,EKM_9_2023,FAMILY_HOUSE,1919 előtt,440,12477,MODELLED,https://www.ksh.hu/s/kiserleti-statisztika/kiadvanyok/a-magyar-lakasallomany-primerenergia-igenyenek-becslese/,2026-08-12,1a312ae2943238c139623ac6595ff9bb0ebe656fd12d2b7ab80739488b527c31
DIST-B02-FAMILY_HOUSE-01-45,SRC-B02-KSH-ENERGY-2025,2022,EKM_9_2023,FAMILY_HOUSE,1919 előtt,450,11547,MODELLED,https://www.ksh.hu/s/kiserleti-statisztika/kiadvanyok/a-magyar-lakasallomany-primerenergia-igenyenek-becslese/,2026-08-12,1a312ae2943238c139623ac6595ff9bb0ebe656fd12d2b7ab80739488b527c31
DIST-B02-FAMILY_HOUSE-01-46,SRC-B02-KSH-ENERGY-2025,2022,EKM_9_2023,FAMILY_HOUSE,1919 előtt,460,9647,MODELLED,https://www.ksh.hu/s/kiserleti-statisztika/kiadvanyok/a-magyar-lakasallomany-primerenergia-igenyenek-becslese/,2026-08-12,1a312ae2943238c139623ac6595ff9bb0ebe656fd12d2b7ab80739488b527c31
DIST-B02-FAMILY_HOUSE-01-47,SRC-B02-KSH-ENERGY-2025,2022,EKM_9_2023,FAMILY_HOUSE,1919 előtt,470,7598,MODELLED,https://www.ksh.hu/s/kiserleti-statisztika/kiadvanyok/a-magyar-lakasallomany-primerenergia-igenyenek-becslese/,2026-08-12,1a312ae2943238c139623ac6595ff9bb0ebe656fd12d2b7ab80739488b527c31
DIST-B02-FAMILY_HOUSE-01-48,SRC-B02-KSH-ENERGY-2025,2022,EKM_9_2023,FAMILY_HOUSE,1919 előtt,480,5704,MODELLED,https://www.ksh.hu/s/kiserleti-statisztika/kiadvanyok/a-magyar-lakasallomany-primerenergia-igenyenek-becslese/,2026-08-12,1a312ae2943238c139623ac6595ff9bb0ebe656fd12d2b7ab80739488b527c31
DIST-B02-FAMILY_HOUSE-01-49,SRC-B02-KSH-ENERGY-2025,2022,EKM_9_2023,FAMILY_HOUSE,1919 előtt,490,4004,MODELLED,https://www.ksh.hu/s/kiserleti-statisztika/kiadvanyok/a-magyar-lakasallomany-primerenergia-igenyenek-becslese/,2026-08-12,1a312ae2943238c139623ac6595ff9bb0ebe656fd12d2b7ab80739488b527c31
DIST-B02-FAMILY_HOUSE-01-50,SRC-B02-KSH-ENERGY-2025,2022,EKM_9_2023,FAMILY_HOUSE,1919 előtt,500,2579,MODELLED,https://www.ksh.hu/s/kiserleti-statisztika/kiadvanyok/a-magyar-lakasallomany-primerenergia-igenyenek-becslese/,2026-08-12,1a312ae2943238c139623ac6595ff9bb0ebe656fd12d2b7ab80739488b527c31
DIST-B02-FAMILY_HOUSE-01-51,SRC-B02-KSH-ENERGY-2025,2022,EKM_9_2023,FAMILY_HOUSE,1919 előtt,510,1716,MODELLED,https://www.ksh.hu/s/kiserleti-statisztika/kiadvanyok/a-magyar-lakasallomany-primerenergia-igenyenek-becslese/,2026-08-12,1a312ae2943238c139623ac6595ff9bb0ebe656fd12d2b7ab80739488b527c31
DIST-B02-FAMILY_HOUSE-01-52,SRC-B02-KSH-ENERGY-2025,2022,EKM_9_2023,FAMILY_HOUSE,1919 előtt,520,1175,MODELLED,https://www.ksh.hu/s/kiserleti-statisztika/kiadvanyok/a-magyar-lakasallomany-primerenergia-igenyenek-becslese/,2026-08-12,1a312ae2943238c139623ac6595ff9bb0ebe656fd12d2b7ab80739488b527c31
DIST-B02-FAMILY_HOUSE-01-53,SRC-B02-KSH-ENERGY-2025,2022,EKM_9_2023,FAMILY_HOUSE,1919 előtt,530,708,MODELLED,https://www.ksh.hu/s/kiserleti-statisztika/kiadvanyok/a-magyar-lakasallomany-primerenergia-igenyenek-becslese/,2026-08-12,1a312ae2943238c139623ac6595ff9bb0ebe656fd12d2b7ab80739488b527c31
DIST-B02-FAMILY_HOUSE-01-54,SRC-B02-KSH-ENERGY-2025,2022,EKM_9_2023,FAMILY_HOUSE,1919 előtt,540,513,MODELLED,https://www.ksh.hu/s/kiserleti-statisztika/kiadvanyok/a-magyar-lakasallomany-primerenergia-igenyenek-becslese/,2026-08-12,1a312ae2943238c139623ac6595ff9bb0ebe656fd12d2b7ab80739488b527c31
DIST-B02-FAMILY_HOUSE-01-55,SRC-B02-KSH-ENERGY-2025,2022,EKM_9_2023,FAMILY_HOUSE,1919 előtt,550,355,MODELLED,https://www.ksh.hu/s/kiserleti-statisztika/kiadvanyok/a-magyar-lakasallomany-primerenergia-igenyenek-becslese/,2026-08-12,1a312ae2943238c139623ac6595ff9bb0ebe656fd12d2b7ab80739488b527c31
DIST-B02-FAMILY_HOUSE-01-56,SRC-B02-KSH-ENERGY-2025,2022,EKM_9_2023,FAMILY_HOUSE,1919 előtt,560,236,MODELLED,https://www.ksh.hu/s/kiserleti-statisztika/kiadvanyok/a-magyar-lakasallomany-primerenergia-igenyenek-becslese/,2026-08-12,1a312ae2943238c139623ac6595ff9bb0ebe656fd12d2b7ab80739488b527c31
DIST-B02-FAMILY_HOUSE-01-57,SRC-B02-KSH-ENERGY-2025,2022,EKM_9_2023,FAMILY_HOUSE,1919 előtt,570,199,MODELLED,https://www.ksh.hu/s/kiserleti-statisztika/kiadvanyok/a-magyar-lakasallomany-primerenergia-igenyenek-becslese/,2026-08-12,1a312ae2943238c139623ac6595ff9bb0ebe656fd12d2b7ab80739488b527c31
DIST-B02-FAMILY_HOUSE-01-58,SRC-B02-KSH-ENERGY-2025,2022,EKM_9_2023,FAMILY_HOUSE,1919 előtt,580,140,MODELLED,https://www.ksh.hu/s/kiserleti-statisztika/kiadvanyok/a-magyar-lakasallomany-primerenergia-igenyenek-becslese/,2026-08-12,1a312ae2943238c139623ac6595ff9bb0ebe656fd12d2b7ab80739488b527c31
DIST-B02-FAMILY_HOUSE-01-59,SRC-B02-KSH-ENERGY-2025,2022,EKM_9_2023,FAMILY_HOUSE,1919 előtt,590,74,MODELLED,https://www.ksh.hu/s/kiserleti-statisztika/kiadvanyok/a-magyar-lakasallomany-primerenergia-igenyenek-becslese/,2026-08-12,1a312ae2943238c139623ac6595ff9bb0ebe656fd12d2b7ab80739488b527c31
DIST-B02-FAMILY_HOUSE-02-01,SRC-B02-KSH-ENERGY-2025,2022,EKM_9_2023,FAMILY_HOUSE,1919–1945,10,1,MODELLED,https://www.ksh.hu/s/kiserleti-statisztika/kiadvanyok/a-magyar-lakasallomany-primerenergia-igenyenek-becslese/,2026-08-12,1a312ae2943238c139623ac6595ff9bb0ebe656fd12d2b7ab80739488b527c31
DIST-B02-FAMILY_HOUSE-02-02,SRC-B02-KSH-ENERGY-2025,2022,EKM_9_2023,FAMILY_HOUSE,1919–1945,20,3,MODELLED,https://www.ksh.hu/s/kiserleti-statisztika/kiadvanyok/a-magyar-lakasallomany-primerenergia-igenyenek-becslese/,2026-08-12,1a312ae2943238c139623ac6595ff9bb0ebe656fd12d2b7ab80739488b527c31
DIST-B02-FAMILY_HOUSE-02-03,SRC-B02-KSH-ENERGY-2025,2022,EKM_9_2023,FAMILY_HOUSE,1919–1945,30,7,MODELLED,https://www.ksh.hu/s/kiserleti-statisztika/kiadvanyok/a-magyar-lakasallomany-primerenergia-igenyenek-becslese/,2026-08-12,1a312ae2943238c139623ac6595ff9bb0ebe656fd12d2b7ab80739488b527c31
DIST-B02-FAMILY_HOUSE-02-04,SRC-B02-KSH-ENERGY-2025,2022,EKM_9_2023,FAMILY_HOUSE,1919–1945,40,7,MODELLED,https://www.ksh.hu/s/kiserleti-statisztika/kiadvanyok/a-magyar-lakasallomany-primerenergia-igenyenek-becslese/,2026-08-12,1a312ae2943238c139623ac6595ff9bb0ebe656fd12d2b7ab80739488b527c31
DIST-B02-FAMILY_HOUSE-02-05,SRC-B02-KSH-ENERGY-2025,2022,EKM_9_2023,FAMILY_HOUSE,1919–1945,50,13,MODELLED,https://www.ksh.hu/s/kiserleti-statisztika/kiadvanyok/a-magyar-lakasallomany-primerenergia-igenyenek-becslese/,2026-08-12,1a312ae2943238c139623ac6595ff9bb0ebe656fd12d2b7ab80739488b527c31
DIST-B02-FAMILY_HOUSE-02-06,SRC-B02-KSH-ENERGY-2025,2022,EKM_9_2023,FAMILY_HOUSE,1919–1945,60,26,MODELLED,https://www.ksh.hu/s/kiserleti-statisztika/kiadvanyok/a-magyar-lakasallomany-primerenergia-igenyenek-becslese/,2026-08-12,1a312ae2943238c139623ac6595ff9bb0ebe656fd12d2b7ab80739488b527c31
DIST-B02-FAMILY_HOUSE-02-07,SRC-B02-KSH-ENERGY-2025,2022,EKM_9_2023,FAMILY_HOUSE,1919–1945,70,34,MODELLED,https://www.ksh.hu/s/kiserleti-statisztika/kiadvanyok/a-magyar-lakasallomany-primerenergia-igenyenek-becslese/,2026-08-12,1a312ae2943238c139623ac6595ff9bb0ebe656fd12d2b7ab80739488b527c31
DIST-B02-FAMILY_HOUSE-02-08,SRC-B02-KSH-ENERGY-2025,2022,EKM_9_2023,FAMILY_HOUSE,1919–1945,80,46,MODELLED,https://www.ksh.hu/s/kiserleti-statisztika/kiadvanyok/a-magyar-lakasallomany-primerenergia-igenyenek-becslese/,2026-08-12,1a312ae2943238c139623ac6595ff9bb0ebe656fd12d2b7ab80739488b527c31
DIST-B02-FAMILY_HOUSE-02-09,SRC-B02-KSH-ENERGY-2025,2022,EKM_9_2023,FAMILY_HOUSE,1919–1945,90,63,MODELLED,https://www.ksh.hu/s/kiserleti-statisztika/kiadvanyok/a-magyar-lakasallomany-primerenergia-igenyenek-becslese/,2026-08-12,1a312ae2943238c139623ac6595ff9bb0ebe656fd12d2b7ab80739488b527c31
DIST-B02-FAMILY_HOUSE-02-10,SRC-B02-KSH-ENERGY-2025,2022,EKM_9_2023,FAMILY_HOUSE,1919–1945,100,89,MODELLED,https://www.ksh.hu/s/kiserleti-statisztika/kiadvanyok/a-magyar-lakasallomany-primerenergia-igenyenek-becslese/,2026-08-12,1a312ae2943238c139623ac6595ff9bb0ebe656fd12d2b7ab80739488b527c31
DIST-B02-FAMILY_HOUSE-02-11,SRC-B02-KSH-ENERGY-2025,2022,EKM_9_2023,FAMILY_HOUSE,1919–1945,110,121,MODELLED,https://www.ksh.hu/s/kiserleti-statisztika/kiadvanyok/a-magyar-lakasallomany-primerenergia-igenyenek-becslese/,2026-08-12,1a312ae2943238c139623ac6595ff9bb0ebe656fd12d2b7ab80739488b527c31
DIST-B02-FAMILY_HOUSE-02-12,SRC-B02-KSH-ENERGY-2025,2022,EKM_9_2023,FAMILY_HOUSE,1919–1945,120,179,MODELLED,https://www.ksh.hu/s/kiserleti-statisztika/kiadvanyok/a-magyar-lakasallomany-primerenergia-igenyenek-becslese/,2026-08-12,1a312ae2943238c139623ac6595ff9bb0ebe656fd12d2b7ab80739488b527c31
DIST-B02-FAMILY_HOUSE-02-13,SRC-B02-KSH-ENERGY-2025,2022,EKM_9_2023,FAMILY_HOUSE,1919–1945,130,248,MODELLED,https://www.ksh.hu/s/kiserleti-statisztika/kiadvanyok/a-magyar-lakasallomany-primerenergia-igenyenek-becslese/,2026-08-12,1a312ae2943238c139623ac6595ff9bb0ebe656fd12d2b7ab80739488b527c31
DIST-B02-FAMILY_HOUSE-02-14,SRC-B02-KSH-ENERGY-2025,2022,EKM_9_2023,FAMILY_HOUSE,1919–1945,140,309,MODELLED,https://www.ksh.hu/s/kiserleti-statisztika/kiadvanyok/a-magyar-lakasallomany-primerenergia-igenyenek-becslese/,2026-08-12,1a312ae2943238c139623ac6595ff9bb0ebe656fd12d2b7ab80739488b527c31
DIST-B02-FAMILY_HOUSE-02-15,SRC-B02-KSH-ENERGY-2025,2022,EKM_9_2023,FAMILY_HOUSE,1919–1945,150,401,MODELLED,https://www.ksh.hu/s/kiserleti-statisztika/kiadvanyok/a-magyar-lakasallomany-primerenergia-igenyenek-becslese/,2026-08-12,1a312ae2943238c139623ac6595ff9bb0ebe656fd12d2b7ab80739488b527c31
DIST-B02-FAMILY_HOUSE-02-16,SRC-B02-KSH-ENERGY-2025,2022,EKM_9_2023,FAMILY_HOUSE,1919–1945,160,529,MODELLED,https://www.ksh.hu/s/kiserleti-statisztika/kiadvanyok/a-magyar-lakasallomany-primerenergia-igenyenek-becslese/,2026-08-12,1a312ae2943238c139623ac6595ff9bb0ebe656fd12d2b7ab80739488b527c31
DIST-B02-FAMILY_HOUSE-02-17,SRC-B02-KSH-ENERGY-2025,2022,EKM_9_2023,FAMILY_HOUSE,1919–1945,170,656,MODELLED,https://www.ksh.hu/s/kiserleti-statisztika/kiadvanyok/a-magyar-lakasallomany-primerenergia-igenyenek-becslese/,2026-08-12,1a312ae2943238c139623ac6595ff9bb0ebe656fd12d2b7ab80739488b527c31
DIST-B02-FAMILY_HOUSE-02-18,SRC-B02-KSH-ENERGY-2025,2022,EKM_9_2023,FAMILY_HOUSE,1919–1945,180,865,MODELLED,https://www.ksh.hu/s/kiserleti-statisztika/kiadvanyok/a-magyar-lakasallomany-primerenergia-igenyenek-becslese/,2026-08-12,1a312ae2943238c139623ac6595ff9bb0ebe656fd12d2b7ab80739488b527c31
DIST-B02-FAMILY_HOUSE-02-19,SRC-B02-KSH-ENERGY-2025,2022,EKM_9_2023,FAMILY_HOUSE,1919–1945,190,1040,MODELLED,https://www.ksh.hu/s/kiserleti-statisztika/kiadvanyok/a-magyar-lakasallomany-primerenergia-igenyenek-becslese/,2026-08-12,1a312ae2943238c139623ac6595ff9bb0ebe656fd12d2b7ab80739488b527c31
DIST-B02-FAMILY_HOUSE-02-20,SRC-B02-KSH-ENERGY-2025,2022,EKM_9_2023,FAMILY_HOUSE,1919–1945,200,988,MODELLED,https://www.ksh.hu/s/kiserleti-statisztika/kiadvanyok/a-magyar-lakasallomany-primerenergia-igenyenek-becslese/,2026-08-12,1a312ae2943238c139623ac6595ff9bb0ebe656fd12d2b7ab80739488b527c31
DIST-B02-FAMILY_HOUSE-02-21,SRC-B02-KSH-ENERGY-2025,2022,EKM_9_2023,FAMILY_HOUSE,1919–1945,210,1190,MODELLED,https://www.ksh.hu/s/kiserleti-statisztika/kiadvanyok/a-magyar-lakasallomany-primerenergia-igenyenek-becslese/,2026-08-12,1a312ae2943238c139623ac6595ff9bb0ebe656fd12d2b7ab80739488b527c31
DIST-B02-FAMILY_HOUSE-02-22,SRC-B02-KSH-ENERGY-2025,2022,EKM_9_2023,FAMILY_HOUSE,1919–1945,220,1268,MODELLED,https://www.ksh.hu/s/kiserleti-statisztika/kiadvanyok/a-magyar-lakasallomany-primerenergia-igenyenek-becslese/,2026-08-12,1a312ae2943238c139623ac6595ff9bb0ebe656fd12d2b7ab80739488b527c31
DIST-B02-FAMILY_HOUSE-02-23,SRC-B02-KSH-ENERGY-2025,2022,EKM_9_2023,FAMILY_HOUSE,1919–1945,230,1770,MODELLED,https://www.ksh.hu/s/kiserleti-statisztika/kiadvanyok/a-magyar-lakasallomany-primerenergia-igenyenek-becslese/,2026-08-12,1a312ae2943238c139623ac6595ff9bb0ebe656fd12d2b7ab80739488b527c31
DIST-B02-FAMILY_HOUSE-02-24,SRC-B02-KSH-ENERGY-2025,2022,EKM_9_2023,FAMILY_HOUSE,1919–1945,240,1959,MODELLED,https://www.ksh.hu/s/kiserleti-statisztika/kiadvanyok/a-magyar-lakasallomany-primerenergia-igenyenek-becslese/,2026-08-12,1a312ae2943238c139623ac6595ff9bb0ebe656fd12d2b7ab80739488b527c31
DIST-B02-FAMILY_HOUSE-02-25,SRC-B02-KSH-ENERGY-2025,2022,EKM_9_2023,FAMILY_HOUSE,1919–1945,250,2120,MODELLED,https://www.ksh.hu/s/kiserleti-statisztika/kiadvanyok/a-magyar-lakasallomany-primerenergia-igenyenek-becslese/,2026-08-12,1a312ae2943238c139623ac6595ff9bb0ebe656fd12d2b7ab80739488b527c31
DIST-B02-FAMILY_HOUSE-02-26,SRC-B02-KSH-ENERGY-2025,2022,EKM_9_2023,FAMILY_HOUSE,1919–1945,260,2520,MODELLED,https://www.ksh.hu/s/kiserleti-statisztika/kiadvanyok/a-magyar-lakasallomany-primerenergia-igenyenek-becslese/,2026-08-12,1a312ae2943238c139623ac6595ff9bb0ebe656fd12d2b7ab80739488b527c31
DIST-B02-FAMILY_HOUSE-02-27,SRC-B02-KSH-ENERGY-2025,2022,EKM_9_2023,FAMILY_HOUSE,1919–1945,270,2967,MODELLED,https://www.ksh.hu/s/kiserleti-statisztika/kiadvanyok/a-magyar-lakasallomany-primerenergia-igenyenek-becslese/,2026-08-12,1a312ae2943238c139623ac6595ff9bb0ebe656fd12d2b7ab80739488b527c31
DIST-B02-FAMILY_HOUSE-02-28,SRC-B02-KSH-ENERGY-2025,2022,EKM_9_2023,FAMILY_HOUSE,1919–1945,280,3628,MODELLED,https://www.ksh.hu/s/kiserleti-statisztika/kiadvanyok/a-magyar-lakasallomany-primerenergia-igenyenek-becslese/,2026-08-12,1a312ae2943238c139623ac6595ff9bb0ebe656fd12d2b7ab80739488b527c31
DIST-B02-FAMILY_HOUSE-02-29,SRC-B02-KSH-ENERGY-2025,2022,EKM_9_2023,FAMILY_HOUSE,1919–1945,290,4178,MODELLED,https://www.ksh.hu/s/kiserleti-statisztika/kiadvanyok/a-magyar-lakasallomany-primerenergia-igenyenek-becslese/,2026-08-12,1a312ae2943238c139623ac6595ff9bb0ebe656fd12d2b7ab80739488b527c31
DIST-B02-FAMILY_HOUSE-02-30,SRC-B02-KSH-ENERGY-2025,2022,EKM_9_2023,FAMILY_HOUSE,1919–1945,300,4704,MODELLED,https://www.ksh.hu/s/kiserleti-statisztika/kiadvanyok/a-magyar-lakasallomany-primerenergia-igenyenek-becslese/,2026-08-12,1a312ae2943238c139623ac6595ff9bb0ebe656fd12d2b7ab80739488b527c31
DIST-B02-FAMILY_HOUSE-02-31,SRC-B02-KSH-ENERGY-2025,2022,EKM_9_2023,FAMILY_HOUSE,1919–1945,310,5476,MODELLED,https://www.ksh.hu/s/kiserleti-statisztika/kiadvanyok/a-magyar-lakasallomany-primerenergia-igenyenek-becslese/,2026-08-12,1a312ae2943238c139623ac6595ff9bb0ebe656fd12d2b7ab80739488b527c31
DIST-B02-FAMILY_HOUSE-02-32,SRC-B02-KSH-ENERGY-2025,2022,EKM_9_2023,FAMILY_HOUSE,1919–1945,320,6305,MODELLED,https://www.ksh.hu/s/kiserleti-statisztika/kiadvanyok/a-magyar-lakasallomany-primerenergia-igenyenek-becslese/,2026-08-12,1a312ae2943238c139623ac6595ff9bb0ebe656fd12d2b7ab80739488b527c31
DIST-B02-FAMILY_HOUSE-02-33,SRC-B02-KSH-ENERGY-2025,2022,EKM_9_2023,FAMILY_HOUSE,1919–1945,330,6698,MODELLED,https://www.ksh.hu/s/kiserleti-statisztika/kiadvanyok/a-magyar-lakasallomany-primerenergia-igenyenek-becslese/,2026-08-12,1a312ae2943238c139623ac6595ff9bb0ebe656fd12d2b7ab80739488b527c31
DIST-B02-FAMILY_HOUSE-02-34,SRC-B02-KSH-ENERGY-2025,2022,EKM_9_2023,FAMILY_HOUSE,1919–1945,340,7596,MODELLED,https://www.ksh.hu/s/kiserleti-statisztika/kiadvanyok/a-magyar-lakasallomany-primerenergia-igenyenek-becslese/,2026-08-12,1a312ae2943238c139623ac6595ff9bb0ebe656fd12d2b7ab80739488b527c31
DIST-B02-FAMILY_HOUSE-02-35,SRC-B02-KSH-ENERGY-2025,2022,EKM_9_2023,FAMILY_HOUSE,1919–1945,350,8561,MODELLED,https://www.ksh.hu/s/kiserleti-statisztika/kiadvanyok/a-magyar-lakasallomany-primerenergia-igenyenek-becslese/,2026-08-12,1a312ae2943238c139623ac6595ff9bb0ebe656fd12d2b7ab80739488b527c31
DIST-B02-FAMILY_HOUSE-02-36,SRC-B02-KSH-ENERGY-2025,2022,EKM_9_2023,FAMILY_HOUSE,1919–1945,360,9384,MODELLED,https://www.ksh.hu/s/kiserleti-statisztika/kiadvanyok/a-magyar-lakasallomany-primerenergia-igenyenek-becslese/,2026-08-12,1a312ae2943238c139623ac6595ff9bb0ebe656fd12d2b7ab80739488b527c31
DIST-B02-FAMILY_HOUSE-02-37,SRC-B02-KSH-ENERGY-2025,2022,EKM_9_2023,FAMILY_HOUSE,1919–1945,370,10571,MODELLED,https://www.ksh.hu/s/kiserleti-statisztika/kiadvanyok/a-magyar-lakasallomany-primerenergia-igenyenek-becslese/,2026-08-12,1a312ae2943238c139623ac6595ff9bb0ebe656fd12d2b7ab80739488b527c31
DIST-B02-FAMILY_HOUSE-02-38,SRC-B02-KSH-ENERGY-2025,2022,EKM_9_2023,FAMILY_HOUSE,1919–1945,380,11485,MODELLED,https://www.ksh.hu/s/kiserleti-statisztika/kiadvanyok/a-magyar-lakasallomany-primerenergia-igenyenek-becslese/,2026-08-12,1a312ae2943238c139623ac6595ff9bb0ebe656fd12d2b7ab80739488b527c31
DIST-B02-FAMILY_HOUSE-02-39,SRC-B02-KSH-ENERGY-2025,2022,EKM_9_2023,FAMILY_HOUSE,1919–1945,390,12933,MODELLED,https://www.ksh.hu/s/kiserleti-statisztika/kiadvanyok/a-magyar-lakasallomany-primerenergia-igenyenek-becslese/,2026-08-12,1a312ae2943238c139623ac6595ff9bb0ebe656fd12d2b7ab80739488b527c31
DIST-B02-FAMILY_HOUSE-02-40,SRC-B02-KSH-ENERGY-2025,2022,EKM_9_2023,FAMILY_HOUSE,1919–1945,400,15550,MODELLED,https://www.ksh.hu/s/kiserleti-statisztika/kiadvanyok/a-magyar-lakasallomany-primerenergia-igenyenek-becslese/,2026-08-12,1a312ae2943238c139623ac6595ff9bb0ebe656fd12d2b7ab80739488b527c31
DIST-B02-FAMILY_HOUSE-02-41,SRC-B02-KSH-ENERGY-2025,2022,EKM_9_2023,FAMILY_HOUSE,1919–1945,410,18230,MODELLED,https://www.ksh.hu/s/kiserleti-statisztika/kiadvanyok/a-magyar-lakasallomany-primerenergia-igenyenek-becslese/,2026-08-12,1a312ae2943238c139623ac6595ff9bb0ebe656fd12d2b7ab80739488b527c31
DIST-B02-FAMILY_HOUSE-02-42,SRC-B02-KSH-ENERGY-2025,2022,EKM_9_2023,FAMILY_HOUSE,1919–1945,420,20293,MODELLED,https://www.ksh.hu/s/kiserleti-statisztika/kiadvanyok/a-magyar-lakasallomany-primerenergia-igenyenek-becslese/,2026-08-12,1a312ae2943238c139623ac6595ff9bb0ebe656fd12d2b7ab80739488b527c31
DIST-B02-FAMILY_HOUSE-02-43,SRC-B02-KSH-ENERGY-2025,2022,EKM_9_2023,FAMILY_HOUSE,1919–1945,430,22034,MODELLED,https://www.ksh.hu/s/kiserleti-statisztika/kiadvanyok/a-magyar-lakasallomany-primerenergia-igenyenek-becslese/,2026-08-12,1a312ae2943238c139623ac6595ff9bb0ebe656fd12d2b7ab80739488b527c31
DIST-B02-FAMILY_HOUSE-02-44,SRC-B02-KSH-ENERGY-2025,2022,EKM_9_2023,FAMILY_HOUSE,1919–1945,440,22636,MODELLED,https://www.ksh.hu/s/kiserleti-statisztika/kiadvanyok/a-magyar-lakasallomany-primerenergia-igenyenek-becslese/,2026-08-12,1a312ae2943238c139623ac6595ff9bb0ebe656fd12d2b7ab80739488b527c31
DIST-B02-FAMILY_HOUSE-02-45,SRC-B02-KSH-ENERGY-2025,2022,EKM_9_2023,FAMILY_HOUSE,1919–1945,450,22219,MODELLED,https://www.ksh.hu/s/kiserleti-statisztika/kiadvanyok/a-magyar-lakasallomany-primerenergia-igenyenek-becslese/,2026-08-12,1a312ae2943238c139623ac6595ff9bb0ebe656fd12d2b7ab80739488b527c31
DIST-B02-FAMILY_HOUSE-02-46,SRC-B02-KSH-ENERGY-2025,2022,EKM_9_2023,FAMILY_HOUSE,1919–1945,460,20928,MODELLED,https://www.ksh.hu/s/kiserleti-statisztika/kiadvanyok/a-magyar-lakasallomany-primerenergia-igenyenek-becslese/,2026-08-12,1a312ae2943238c139623ac6595ff9bb0ebe656fd12d2b7ab80739488b527c31
DIST-B02-FAMILY_HOUSE-02-47,SRC-B02-KSH-ENERGY-2025,2022,EKM_9_2023,FAMILY_HOUSE,1919–1945,470,17949,MODELLED,https://www.ksh.hu/s/kiserleti-statisztika/kiadvanyok/a-magyar-lakasallomany-primerenergia-igenyenek-becslese/,2026-08-12,1a312ae2943238c139623ac6595ff9bb0ebe656fd12d2b7ab80739488b527c31
DIST-B02-FAMILY_HOUSE-02-48,SRC-B02-KSH-ENERGY-2025,2022,EKM_9_2023,FAMILY_HOUSE,1919–1945,480,15208,MODELLED,https://www.ksh.hu/s/kiserleti-statisztika/kiadvanyok/a-magyar-lakasallomany-primerenergia-igenyenek-becslese/,2026-08-12,1a312ae2943238c139623ac6595ff9bb0ebe656fd12d2b7ab80739488b527c31
DIST-B02-FAMILY_HOUSE-02-49,SRC-B02-KSH-ENERGY-2025,2022,EKM_9_2023,FAMILY_HOUSE,1919–1945,490,11717,MODELLED,https://www.ksh.hu/s/kiserleti-statisztika/kiadvanyok/a-magyar-lakasallomany-primerenergia-igenyenek-becslese/,2026-08-12,1a312ae2943238c139623ac6595ff9bb0ebe656fd12d2b7ab80739488b527c31
DIST-B02-FAMILY_HOUSE-02-50,SRC-B02-KSH-ENERGY-2025,2022,EKM_9_2023,FAMILY_HOUSE,1919–1945,500,8644,MODELLED,https://www.ksh.hu/s/kiserleti-statisztika/kiadvanyok/a-magyar-lakasallomany-primerenergia-igenyenek-becslese/,2026-08-12,1a312ae2943238c139623ac6595ff9bb0ebe656fd12d2b7ab80739488b527c31
DIST-B02-FAMILY_HOUSE-02-51,SRC-B02-KSH-ENERGY-2025,2022,EKM_9_2023,FAMILY_HOUSE,1919–1945,510,5787,MODELLED,https://www.ksh.hu/s/kiserleti-statisztika/kiadvanyok/a-magyar-lakasallomany-primerenergia-igenyenek-becslese/,2026-08-12,1a312ae2943238c139623ac6595ff9bb0ebe656fd12d2b7ab80739488b527c31
DIST-B02-FAMILY_HOUSE-02-52,SRC-B02-KSH-ENERGY-2025,2022,EKM_9_2023,FAMILY_HOUSE,1919–1945,520,3998,MODELLED,https://www.ksh.hu/s/kiserleti-statisztika/kiadvanyok/a-magyar-lakasallomany-primerenergia-igenyenek-becslese/,2026-08-12,1a312ae2943238c139623ac6595ff9bb0ebe656fd12d2b7ab80739488b527c31
DIST-B02-FAMILY_HOUSE-02-53,SRC-B02-KSH-ENERGY-2025,2022,EKM_9_2023,FAMILY_HOUSE,1919–1945,530,2559,MODELLED,https://www.ksh.hu/s/kiserleti-statisztika/kiadvanyok/a-magyar-lakasallomany-primerenergia-igenyenek-becslese/,2026-08-12,1a312ae2943238c139623ac6595ff9bb0ebe656fd12d2b7ab80739488b527c31
DIST-B02-FAMILY_HOUSE-02-54,SRC-B02-KSH-ENERGY-2025,2022,EKM_9_2023,FAMILY_HOUSE,1919–1945,540,1725,MODELLED,https://www.ksh.hu/s/kiserleti-statisztika/kiadvanyok/a-magyar-lakasallomany-primerenergia-igenyenek-becslese/,2026-08-12,1a312ae2943238c139623ac6595ff9bb0ebe656fd12d2b7ab80739488b527c31
DIST-B02-FAMILY_HOUSE-02-55,SRC-B02-KSH-ENERGY-2025,2022,EKM_9_2023,FAMILY_HOUSE,1919–1945,550,1039,MODELLED,https://www.ksh.hu/s/kiserleti-statisztika/kiadvanyok/a-magyar-lakasallomany-primerenergia-igenyenek-becslese/,2026-08-12,1a312ae2943238c139623ac6595ff9bb0ebe656fd12d2b7ab80739488b527c31
DIST-B02-FAMILY_HOUSE-02-56,SRC-B02-KSH-ENERGY-2025,2022,EKM_9_2023,FAMILY_HOUSE,1919–1945,560,819,MODELLED,https://www.ksh.hu/s/kiserleti-statisztika/kiadvanyok/a-magyar-lakasallomany-primerenergia-igenyenek-becslese/,2026-08-12,1a312ae2943238c139623ac6595ff9bb0ebe656fd12d2b7ab80739488b527c31
DIST-B02-FAMILY_HOUSE-02-57,SRC-B02-KSH-ENERGY-2025,2022,EKM_9_2023,FAMILY_HOUSE,1919–1945,570,543,MODELLED,https://www.ksh.hu/s/kiserleti-statisztika/kiadvanyok/a-magyar-lakasallomany-primerenergia-igenyenek-becslese/,2026-08-12,1a312ae2943238c139623ac6595ff9bb0ebe656fd12d2b7ab80739488b527c31
DIST-B02-FAMILY_HOUSE-02-58,SRC-B02-KSH-ENERGY-2025,2022,EKM_9_2023,FAMILY_HOUSE,1919–1945,580,399,MODELLED,https://www.ksh.hu/s/kiserleti-statisztika/kiadvanyok/a-magyar-lakasallomany-primerenergia-igenyenek-becslese/,2026-08-12,1a312ae2943238c139623ac6595ff9bb0ebe656fd12d2b7ab80739488b527c31
DIST-B02-FAMILY_HOUSE-02-59,SRC-B02-KSH-ENERGY-2025,2022,EKM_9_2023,FAMILY_HOUSE,1919–1945,590,237,MODELLED,https://www.ksh.hu/s/kiserleti-statisztika/kiadvanyok/a-magyar-lakasallomany-primerenergia-igenyenek-becslese/,2026-08-12,1a312ae2943238c139623ac6595ff9bb0ebe656fd12d2b7ab80739488b527c31
DIST-B02-FAMILY_HOUSE-03-01,SRC-B02-KSH-ENERGY-2025,2022,EKM_9_2023,FAMILY_HOUSE,1946–1960,10,0,MODELLED,https://www.ksh.hu/s/kiserleti-statisztika/kiadvanyok/a-magyar-lakasallomany-primerenergia-igenyenek-becslese/,2026-08-12,1a312ae2943238c139623ac6595ff9bb0ebe656fd12d2b7ab80739488b527c31
DIST-B02-FAMILY_HOUSE-03-02,SRC-B02-KSH-ENERGY-2025,2022,EKM_9_2023,FAMILY_HOUSE,1946–1960,20,2,MODELLED,https://www.ksh.hu/s/kiserleti-statisztika/kiadvanyok/a-magyar-lakasallomany-primerenergia-igenyenek-becslese/,2026-08-12,1a312ae2943238c139623ac6595ff9bb0ebe656fd12d2b7ab80739488b527c31
DIST-B02-FAMILY_HOUSE-03-03,SRC-B02-KSH-ENERGY-2025,2022,EKM_9_2023,FAMILY_HOUSE,1946–1960,30,11,MODELLED,https://www.ksh.hu/s/kiserleti-statisztika/kiadvanyok/a-magyar-lakasallomany-primerenergia-igenyenek-becslese/,2026-08-12,1a312ae2943238c139623ac6595ff9bb0ebe656fd12d2b7ab80739488b527c31
DIST-B02-FAMILY_HOUSE-03-04,SRC-B02-KSH-ENERGY-2025,2022,EKM_9_2023,FAMILY_HOUSE,1946–1960,40,8,MODELLED,https://www.ksh.hu/s/kiserleti-statisztika/kiadvanyok/a-magyar-lakasallomany-primerenergia-igenyenek-becslese/,2026-08-12,1a312ae2943238c139623ac6595ff9bb0ebe656fd12d2b7ab80739488b527c31
DIST-B02-FAMILY_HOUSE-03-05,SRC-B02-KSH-ENERGY-2025,2022,EKM_9_2023,FAMILY_HOUSE,1946–1960,50,13,MODELLED,https://www.ksh.hu/s/kiserleti-statisztika/kiadvanyok/a-magyar-lakasallomany-primerenergia-igenyenek-becslese/,2026-08-12,1a312ae2943238c139623ac6595ff9bb0ebe656fd12d2b7ab80739488b527c31
DIST-B02-FAMILY_HOUSE-03-06,SRC-B02-KSH-ENERGY-2025,2022,EKM_9_2023,FAMILY_HOUSE,1946–1960,60,13,MODELLED,https://www.ksh.hu/s/kiserleti-statisztika/kiadvanyok/a-magyar-lakasallomany-primerenergia-igenyenek-becslese/,2026-08-12,1a312ae2943238c139623ac6595ff9bb0ebe656fd12d2b7ab80739488b527c31
DIST-B02-FAMILY_HOUSE-03-07,SRC-B02-KSH-ENERGY-2025,2022,EKM_9_2023,FAMILY_HOUSE,1946–1960,70,38,MODELLED,https://www.ksh.hu/s/kiserleti-statisztika/kiadvanyok/a-magyar-lakasallomany-primerenergia-igenyenek-becslese/,2026-08-12,1a312ae2943238c139623ac6595ff9bb0ebe656fd12d2b7ab80739488b527c31
DIST-B02-FAMILY_HOUSE-03-08,SRC-B02-KSH-ENERGY-2025,2022,EKM_9_2023,FAMILY_HOUSE,1946–1960,80,62,MODELLED,https://www.ksh.hu/s/kiserleti-statisztika/kiadvanyok/a-magyar-lakasallomany-primerenergia-igenyenek-becslese/,2026-08-12,1a312ae2943238c139623ac6595ff9bb0ebe656fd12d2b7ab80739488b527c31
DIST-B02-FAMILY_HOUSE-03-09,SRC-B02-KSH-ENERGY-2025,2022,EKM_9_2023,FAMILY_HOUSE,1946–1960,90,106,MODELLED,https://www.ksh.hu/s/kiserleti-statisztika/kiadvanyok/a-magyar-lakasallomany-primerenergia-igenyenek-becslese/,2026-08-12,1a312ae2943238c139623ac6595ff9bb0ebe656fd12d2b7ab80739488b527c31
DIST-B02-FAMILY_HOUSE-03-10,SRC-B02-KSH-ENERGY-2025,2022,EKM_9_2023,FAMILY_HOUSE,1946–1960,100,191,MODELLED,https://www.ksh.hu/s/kiserleti-statisztika/kiadvanyok/a-magyar-lakasallomany-primerenergia-igenyenek-becslese/,2026-08-12,1a312ae2943238c139623ac6595ff9bb0ebe656fd12d2b7ab80739488b527c31
DIST-B02-FAMILY_HOUSE-03-11,SRC-B02-KSH-ENERGY-2025,2022,EKM_9_2023,FAMILY_HOUSE,1946–1960,110,242,MODELLED,https://www.ksh.hu/s/kiserleti-statisztika/kiadvanyok/a-magyar-lakasallomany-primerenergia-igenyenek-becslese/,2026-08-12,1a312ae2943238c139623ac6595ff9bb0ebe656fd12d2b7ab80739488b527c31
DIST-B02-FAMILY_HOUSE-03-12,SRC-B02-KSH-ENERGY-2025,2022,EKM_9_2023,FAMILY_HOUSE,1946–1960,120,392,MODELLED,https://www.ksh.hu/s/kiserleti-statisztika/kiadvanyok/a-magyar-lakasallomany-primerenergia-igenyenek-becslese/,2026-08-12,1a312ae2943238c139623ac6595ff9bb0ebe656fd12d2b7ab80739488b527c31
DIST-B02-FAMILY_HOUSE-03-13,SRC-B02-KSH-ENERGY-2025,2022,EKM_9_2023,FAMILY_HOUSE,1946–1960,130,534,MODELLED,https://www.ksh.hu/s/kiserleti-statisztika/kiadvanyok/a-magyar-lakasallomany-primerenergia-igenyenek-becslese/,2026-08-12,1a312ae2943238c139623ac6595ff9bb0ebe656fd12d2b7ab80739488b527c31
DIST-B02-FAMILY_HOUSE-03-14,SRC-B02-KSH-ENERGY-2025,2022,EKM_9_2023,FAMILY_HOUSE,1946–1960,140,547,MODELLED,https://www.ksh.hu/s/kiserleti-statisztika/kiadvanyok/a-magyar-lakasallomany-primerenergia-igenyenek-becslese/,2026-08-12,1a312ae2943238c139623ac6595ff9bb0ebe656fd12d2b7ab80739488b527c31
DIST-B02-FAMILY_HOUSE-03-15,SRC-B02-KSH-ENERGY-2025,2022,EKM_9_2023,FAMILY_HOUSE,1946–1960,150,542,MODELLED,https://www.ksh.hu/s/kiserleti-statisztika/kiadvanyok/a-magyar-lakasallomany-primerenergia-igenyenek-becslese/,2026-08-12,1a312ae2943238c139623ac6595ff9bb0ebe656fd12d2b7ab80739488b527c31
DIST-B02-FAMILY_HOUSE-03-16,SRC-B02-KSH-ENERGY-2025,2022,EKM_9_2023,FAMILY_HOUSE,1946–1960,160,567,MODELLED,https://www.ksh.hu/s/kiserleti-statisztika/kiadvanyok/a-magyar-lakasallomany-primerenergia-igenyenek-becslese/,2026-08-12,1a312ae2943238c139623ac6595ff9bb0ebe656fd12d2b7ab80739488b527c31
DIST-B02-FAMILY_HOUSE-03-17,SRC-B02-KSH-ENERGY-2025,2022,EKM_9_2023,FAMILY_HOUSE,1946–1960,170,628,MODELLED,https://www.ksh.hu/s/kiserleti-statisztika/kiadvanyok/a-magyar-lakasallomany-primerenergia-igenyenek-becslese/,2026-08-12,1a312ae2943238c139623ac6595ff9bb0ebe656fd12d2b7ab80739488b527c31
DIST-B02-FAMILY_HOUSE-03-18,SRC-B02-KSH-ENERGY-2025,2022,EKM_9_2023,FAMILY_HOUSE,1946–1960,180,866,MODELLED,https://www.ksh.hu/s/kiserleti-statisztika/kiadvanyok/a-magyar-lakasallomany-primerenergia-igenyenek-becslese/,2026-08-12,1a312ae2943238c139623ac6595ff9bb0ebe656fd12d2b7ab80739488b527c31
DIST-B02-FAMILY_HOUSE-03-19,SRC-B02-KSH-ENERGY-2025,2022,EKM_9_2023,FAMILY_HOUSE,1946–1960,190,1083,MODELLED,https://www.ksh.hu/s/kiserleti-statisztika/kiadvanyok/a-magyar-lakasallomany-primerenergia-igenyenek-becslese/,2026-08-12,1a312ae2943238c139623ac6595ff9bb0ebe656fd12d2b7ab80739488b527c31
DIST-B02-FAMILY_HOUSE-03-20,SRC-B02-KSH-ENERGY-2025,2022,EKM_9_2023,FAMILY_HOUSE,1946–1960,200,1258,MODELLED,https://www.ksh.hu/s/kiserleti-statisztika/kiadvanyok/a-magyar-lakasallomany-primerenergia-igenyenek-becslese/,2026-08-12,1a312ae2943238c139623ac6595ff9bb0ebe656fd12d2b7ab80739488b527c31
DIST-B02-FAMILY_HOUSE-03-21,SRC-B02-KSH-ENERGY-2025,2022,EKM_9_2023,FAMILY_HOUSE,1946–1960,210,1619,MODELLED,https://www.ksh.hu/s/kiserleti-statisztika/kiadvanyok/a-magyar-lakasallomany-primerenergia-igenyenek-becslese/,2026-08-12,1a312ae2943238c139623ac6595ff9bb0ebe656fd12d2b7ab80739488b527c31
DIST-B02-FAMILY_HOUSE-03-22,SRC-B02-KSH-ENERGY-2025,2022,EKM_9_2023,FAMILY_HOUSE,1946–1960,220,1856,MODELLED,https://www.ksh.hu/s/kiserleti-statisztika/kiadvanyok/a-magyar-lakasallomany-primerenergia-igenyenek-becslese/,2026-08-12,1a312ae2943238c139623ac6595ff9bb0ebe656fd12d2b7ab80739488b527c31
DIST-B02-FAMILY_HOUSE-03-23,SRC-B02-KSH-ENERGY-2025,2022,EKM_9_2023,FAMILY_HOUSE,1946–1960,230,2016,MODELLED,https://www.ksh.hu/s/kiserleti-statisztika/kiadvanyok/a-magyar-lakasallomany-primerenergia-igenyenek-becslese/,2026-08-12,1a312ae2943238c139623ac6595ff9bb0ebe656fd12d2b7ab80739488b527c31
DIST-B02-FAMILY_HOUSE-03-24,SRC-B02-KSH-ENERGY-2025,2022,EKM_9_2023,FAMILY_HOUSE,1946–1960,240,2372,MODELLED,https://www.ksh.hu/s/kiserleti-statisztika/kiadvanyok/a-magyar-lakasallomany-primerenergia-igenyenek-becslese/,2026-08-12,1a312ae2943238c139623ac6595ff9bb0ebe656fd12d2b7ab80739488b527c31
DIST-B02-FAMILY_HOUSE-03-25,SRC-B02-KSH-ENERGY-2025,2022,EKM_9_2023,FAMILY_HOUSE,1946–1960,250,2541,MODELLED,https://www.ksh.hu/s/kiserleti-statisztika/kiadvanyok/a-magyar-lakasallomany-primerenergia-igenyenek-becslese/,2026-08-12,1a312ae2943238c139623ac6595ff9bb0ebe656fd12d2b7ab80739488b527c31
DIST-B02-FAMILY_HOUSE-03-26,SRC-B02-KSH-ENERGY-2025,2022,EKM_9_2023,FAMILY_HOUSE,1946–1960,260,3075,MODELLED,https://www.ksh.hu/s/kiserleti-statisztika/kiadvanyok/a-magyar-lakasallomany-primerenergia-igenyenek-becslese/,2026-08-12,1a312ae2943238c139623ac6595ff9bb0ebe656fd12d2b7ab80739488b527c31
DIST-B02-FAMILY_HOUSE-03-27,SRC-B02-KSH-ENERGY-2025,2022,EKM_9_2023,FAMILY_HOUSE,1946–1960,270,3622,MODELLED,https://www.ksh.hu/s/kiserleti-statisztika/kiadvanyok/a-magyar-lakasallomany-primerenergia-igenyenek-becslese/,2026-08-12,1a312ae2943238c139623ac6595ff9bb0ebe656fd12d2b7ab80739488b527c31
DIST-B02-FAMILY_HOUSE-03-28,SRC-B02-KSH-ENERGY-2025,2022,EKM_9_2023,FAMILY_HOUSE,1946–1960,280,3916,MODELLED,https://www.ksh.hu/s/kiserleti-statisztika/kiadvanyok/a-magyar-lakasallomany-primerenergia-igenyenek-becslese/,2026-08-12,1a312ae2943238c139623ac6595ff9bb0ebe656fd12d2b7ab80739488b527c31
DIST-B02-FAMILY_HOUSE-03-29,SRC-B02-KSH-ENERGY-2025,2022,EKM_9_2023,FAMILY_HOUSE,1946–1960,290,4747,MODELLED,https://www.ksh.hu/s/kiserleti-statisztika/kiadvanyok/a-magyar-lakasallomany-primerenergia-igenyenek-becslese/,2026-08-12,1a312ae2943238c139623ac6595ff9bb0ebe656fd12d2b7ab80739488b527c31
DIST-B02-FAMILY_HOUSE-03-30,SRC-B02-KSH-ENERGY-2025,2022,EKM_9_2023,FAMILY_HOUSE,1946–1960,300,5502,MODELLED,https://www.ksh.hu/s/kiserleti-statisztika/kiadvanyok/a-magyar-lakasallomany-primerenergia-igenyenek-becslese/,2026-08-12,1a312ae2943238c139623ac6595ff9bb0ebe656fd12d2b7ab80739488b527c31
DIST-B02-FAMILY_HOUSE-03-31,SRC-B02-KSH-ENERGY-2025,2022,EKM_9_2023,FAMILY_HOUSE,1946–1960,310,6163,MODELLED,https://www.ksh.hu/s/kiserleti-statisztika/kiadvanyok/a-magyar-lakasallomany-primerenergia-igenyenek-becslese/,2026-08-12,1a312ae2943238c139623ac6595ff9bb0ebe656fd12d2b7ab80739488b527c31
DIST-B02-FAMILY_HOUSE-03-32,SRC-B02-KSH-ENERGY-2025,2022,EKM_9_2023,FAMILY_HOUSE,1946–1960,320,7184,MODELLED,https://www.ksh.hu/s/kiserleti-statisztika/kiadvanyok/a-magyar-lakasallomany-primerenergia-igenyenek-becslese/,2026-08-12,1a312ae2943238c139623ac6595ff9bb0ebe656fd12d2b7ab80739488b527c31
DIST-B02-FAMILY_HOUSE-03-33,SRC-B02-KSH-ENERGY-2025,2022,EKM_9_2023,FAMILY_HOUSE,1946–1960,330,8308,MODELLED,https://www.ksh.hu/s/kiserleti-statisztika/kiadvanyok/a-magyar-lakasallomany-primerenergia-igenyenek-becslese/,2026-08-12,1a312ae2943238c139623ac6595ff9bb0ebe656fd12d2b7ab80739488b527c31
DIST-B02-FAMILY_HOUSE-03-34,SRC-B02-KSH-ENERGY-2025,2022,EKM_9_2023,FAMILY_HOUSE,1946–1960,340,9280,MODELLED,https://www.ksh.hu/s/kiserleti-statisztika/kiadvanyok/a-magyar-lakasallomany-primerenergia-igenyenek-becslese/,2026-08-12,1a312ae2943238c139623ac6595ff9bb0ebe656fd12d2b7ab80739488b527c31
DIST-B02-FAMILY_HOUSE-03-35,SRC-B02-KSH-ENERGY-2025,2022,EKM_9_2023,FAMILY_HOUSE,1946–1960,350,11066,MODELLED,https://www.ksh.hu/s/kiserleti-statisztika/kiadvanyok/a-magyar-lakasallomany-primerenergia-igenyenek-becslese/,2026-08-12,1a312ae2943238c139623ac6595ff9bb0ebe656fd12d2b7ab80739488b527c31
DIST-B02-FAMILY_HOUSE-03-36,SRC-B02-KSH-ENERGY-2025,2022,EKM_9_2023,FAMILY_HOUSE,1946–1960,360,11989,MODELLED,https://www.ksh.hu/s/kiserleti-statisztika/kiadvanyok/a-magyar-lakasallomany-primerenergia-igenyenek-becslese/,2026-08-12,1a312ae2943238c139623ac6595ff9bb0ebe656fd12d2b7ab80739488b527c31
DIST-B02-FAMILY_HOUSE-03-37,SRC-B02-KSH-ENERGY-2025,2022,EKM_9_2023,FAMILY_HOUSE,1946–1960,370,14560,MODELLED,https://www.ksh.hu/s/kiserleti-statisztika/kiadvanyok/a-magyar-lakasallomany-primerenergia-igenyenek-becslese/,2026-08-12,1a312ae2943238c139623ac6595ff9bb0ebe656fd12d2b7ab80739488b527c31
DIST-B02-FAMILY_HOUSE-03-38,SRC-B02-KSH-ENERGY-2025,2022,EKM_9_2023,FAMILY_HOUSE,1946–1960,380,16180,MODELLED,https://www.ksh.hu/s/kiserleti-statisztika/kiadvanyok/a-magyar-lakasallomany-primerenergia-igenyenek-becslese/,2026-08-12,1a312ae2943238c139623ac6595ff9bb0ebe656fd12d2b7ab80739488b527c31
DIST-B02-FAMILY_HOUSE-03-39,SRC-B02-KSH-ENERGY-2025,2022,EKM_9_2023,FAMILY_HOUSE,1946–1960,390,18862,MODELLED,https://www.ksh.hu/s/kiserleti-statisztika/kiadvanyok/a-magyar-lakasallomany-primerenergia-igenyenek-becslese/,2026-08-12,1a312ae2943238c139623ac6595ff9bb0ebe656fd12d2b7ab80739488b527c31
DIST-B02-FAMILY_HOUSE-03-40,SRC-B02-KSH-ENERGY-2025,2022,EKM_9_2023,FAMILY_HOUSE,1946–1960,400,21504,MODELLED,https://www.ksh.hu/s/kiserleti-statisztika/kiadvanyok/a-magyar-lakasallomany-primerenergia-igenyenek-becslese/,2026-08-12,1a312ae2943238c139623ac6595ff9bb0ebe656fd12d2b7ab80739488b527c31
DIST-B02-FAMILY_HOUSE-03-41,SRC-B02-KSH-ENERGY-2025,2022,EKM_9_2023,FAMILY_HOUSE,1946–1960,410,24628,MODELLED,https://www.ksh.hu/s/kiserleti-statisztika/kiadvanyok/a-magyar-lakasallomany-primerenergia-igenyenek-becslese/,2026-08-12,1a312ae2943238c139623ac6595ff9bb0ebe656fd12d2b7ab80739488b527c31
DIST-B02-FAMILY_HOUSE-03-42,SRC-B02-KSH-ENERGY-2025,2022,EKM_9_2023,FAMILY_HOUSE,1946–1960,420,27371,MODELLED,https://www.ksh.hu/s/kiserleti-statisztika/kiadvanyok/a-magyar-lakasallomany-primerenergia-igenyenek-becslese/,2026-08-12,1a312ae2943238c139623ac6595ff9bb0ebe656fd12d2b7ab80739488b527c31
DIST-B02-FAMILY_HOUSE-03-43,SRC-B02-KSH-ENERGY-2025,2022,EKM_9_2023,FAMILY_HOUSE,1946–1960,430,30498,MODELLED,https://www.ksh.hu/s/kiserleti-statisztika/kiadvanyok/a-magyar-lakasallomany-primerenergia-igenyenek-becslese/,2026-08-12,1a312ae2943238c139623ac6595ff9bb0ebe656fd12d2b7ab80739488b527c31
DIST-B02-FAMILY_HOUSE-03-44,SRC-B02-KSH-ENERGY-2025,2022,EKM_9_2023,FAMILY_HOUSE,1946–1960,440,32064,MODELLED,https://www.ksh.hu/s/kiserleti-statisztika/kiadvanyok/a-magyar-lakasallomany-primerenergia-igenyenek-becslese/,2026-08-12,1a312ae2943238c139623ac6595ff9bb0ebe656fd12d2b7ab80739488b527c31
DIST-B02-FAMILY_HOUSE-03-45,SRC-B02-KSH-ENERGY-2025,2022,EKM_9_2023,FAMILY_HOUSE,1946–1960,450,31426,MODELLED,https://www.ksh.hu/s/kiserleti-statisztika/kiadvanyok/a-magyar-lakasallomany-primerenergia-igenyenek-becslese/,2026-08-12,1a312ae2943238c139623ac6595ff9bb0ebe656fd12d2b7ab80739488b527c31
DIST-B02-FAMILY_HOUSE-03-46,SRC-B02-KSH-ENERGY-2025,2022,EKM_9_2023,FAMILY_HOUSE,1946–1960,460,29240,MODELLED,https://www.ksh.hu/s/kiserleti-statisztika/kiadvanyok/a-magyar-lakasallomany-primerenergia-igenyenek-becslese/,2026-08-12,1a312ae2943238c139623ac6595ff9bb0ebe656fd12d2b7ab80739488b527c31
DIST-B02-FAMILY_HOUSE-03-47,SRC-B02-KSH-ENERGY-2025,2022,EKM_9_2023,FAMILY_HOUSE,1946–1960,470,23960,MODELLED,https://www.ksh.hu/s/kiserleti-statisztika/kiadvanyok/a-magyar-lakasallomany-primerenergia-igenyenek-becslese/,2026-08-12,1a312ae2943238c139623ac6595ff9bb0ebe656fd12d2b7ab80739488b527c31
DIST-B02-FAMILY_HOUSE-03-48,SRC-B02-KSH-ENERGY-2025,2022,EKM_9_2023,FAMILY_HOUSE,1946–1960,480,18630,MODELLED,https://www.ksh.hu/s/kiserleti-statisztika/kiadvanyok/a-magyar-lakasallomany-primerenergia-igenyenek-becslese/,2026-08-12,1a312ae2943238c139623ac6595ff9bb0ebe656fd12d2b7ab80739488b527c31
DIST-B02-FAMILY_HOUSE-03-49,SRC-B02-KSH-ENERGY-2025,2022,EKM_9_2023,FAMILY_HOUSE,1946–1960,490,14350,MODELLED,https://www.ksh.hu/s/kiserleti-statisztika/kiadvanyok/a-magyar-lakasallomany-primerenergia-igenyenek-becslese/,2026-08-12,1a312ae2943238c139623ac6595ff9bb0ebe656fd12d2b7ab80739488b527c31
DIST-B02-FAMILY_HOUSE-03-50,SRC-B02-KSH-ENERGY-2025,2022,EKM_9_2023,FAMILY_HOUSE,1946–1960,500,9943,MODELLED,https://www.ksh.hu/s/kiserleti-statisztika/kiadvanyok/a-magyar-lakasallomany-primerenergia-igenyenek-becslese/,2026-08-12,1a312ae2943238c139623ac6595ff9bb0ebe656fd12d2b7ab80739488b527c31
DIST-B02-FAMILY_HOUSE-03-51,SRC-B02-KSH-ENERGY-2025,2022,EKM_9_2023,FAMILY_HOUSE,1946–1960,510,6864,MODELLED,https://www.ksh.hu/s/kiserleti-statisztika/kiadvanyok/a-magyar-lakasallomany-primerenergia-igenyenek-becslese/,2026-08-12,1a312ae2943238c139623ac6595ff9bb0ebe656fd12d2b7ab80739488b527c31
DIST-B02-FAMILY_HOUSE-03-52,SRC-B02-KSH-ENERGY-2025,2022,EKM_9_2023,FAMILY_HOUSE,1946–1960,520,4617,MODELLED,https://www.ksh.hu/s/kiserleti-statisztika/kiadvanyok/a-magyar-lakasallomany-primerenergia-igenyenek-becslese/,2026-08-12,1a312ae2943238c139623ac6595ff9bb0ebe656fd12d2b7ab80739488b527c31
DIST-B02-FAMILY_HOUSE-03-53,SRC-B02-KSH-ENERGY-2025,2022,EKM_9_2023,FAMILY_HOUSE,1946–1960,530,3134,MODELLED,https://www.ksh.hu/s/kiserleti-statisztika/kiadvanyok/a-magyar-lakasallomany-primerenergia-igenyenek-becslese/,2026-08-12,1a312ae2943238c139623ac6595ff9bb0ebe656fd12d2b7ab80739488b527c31
DIST-B02-FAMILY_HOUSE-03-54,SRC-B02-KSH-ENERGY-2025,2022,EKM_9_2023,FAMILY_HOUSE,1946–1960,540,2218,MODELLED,https://www.ksh.hu/s/kiserleti-statisztika/kiadvanyok/a-magyar-lakasallomany-primerenergia-igenyenek-becslese/,2026-08-12,1a312ae2943238c139623ac6595ff9bb0ebe656fd12d2b7ab80739488b527c31
DIST-B02-FAMILY_HOUSE-03-55,SRC-B02-KSH-ENERGY-2025,2022,EKM_9_2023,FAMILY_HOUSE,1946–1960,550,1468,MODELLED,https://www.ksh.hu/s/kiserleti-statisztika/kiadvanyok/a-magyar-lakasallomany-primerenergia-igenyenek-becslese/,2026-08-12,1a312ae2943238c139623ac6595ff9bb0ebe656fd12d2b7ab80739488b527c31
DIST-B02-FAMILY_HOUSE-03-56,SRC-B02-KSH-ENERGY-2025,2022,EKM_9_2023,FAMILY_HOUSE,1946–1960,560,962,MODELLED,https://www.ksh.hu/s/kiserleti-statisztika/kiadvanyok/a-magyar-lakasallomany-primerenergia-igenyenek-becslese/,2026-08-12,1a312ae2943238c139623ac6595ff9bb0ebe656fd12d2b7ab80739488b527c31
DIST-B02-FAMILY_HOUSE-03-57,SRC-B02-KSH-ENERGY-2025,2022,EKM_9_2023,FAMILY_HOUSE,1946–1960,570,720,MODELLED,https://www.ksh.hu/s/kiserleti-statisztika/kiadvanyok/a-magyar-lakasallomany-primerenergia-igenyenek-becslese/,2026-08-12,1a312ae2943238c139623ac6595ff9bb0ebe656fd12d2b7ab80739488b527c31
DIST-B02-FAMILY_HOUSE-03-58,SRC-B02-KSH-ENERGY-2025,2022,EKM_9_2023,FAMILY_HOUSE,1946–1960,580,550,MODELLED,https://www.ksh.hu/s/kiserleti-statisztika/kiadvanyok/a-magyar-lakasallomany-primerenergia-igenyenek-becslese/,2026-08-12,1a312ae2943238c139623ac6595ff9bb0ebe656fd12d2b7ab80739488b527c31
DIST-B02-FAMILY_HOUSE-03-59,SRC-B02-KSH-ENERGY-2025,2022,EKM_9_2023,FAMILY_HOUSE,1946–1960,590,358,MODELLED,https://www.ksh.hu/s/kiserleti-statisztika/kiadvanyok/a-magyar-lakasallomany-primerenergia-igenyenek-becslese/,2026-08-12,1a312ae2943238c139623ac6595ff9bb0ebe656fd12d2b7ab80739488b527c31
DIST-B02-FAMILY_HOUSE-04-01,SRC-B02-KSH-ENERGY-2025,2022,EKM_9_2023,FAMILY_HOUSE,1961–1980,10,10,MODELLED,https://www.ksh.hu/s/kiserleti-statisztika/kiadvanyok/a-magyar-lakasallomany-primerenergia-igenyenek-becslese/,2026-08-12,1a312ae2943238c139623ac6595ff9bb0ebe656fd12d2b7ab80739488b527c31
DIST-B02-FAMILY_HOUSE-04-02,SRC-B02-KSH-ENERGY-2025,2022,EKM_9_2023,FAMILY_HOUSE,1961–1980,20,12,MODELLED,https://www.ksh.hu/s/kiserleti-statisztika/kiadvanyok/a-magyar-lakasallomany-primerenergia-igenyenek-becslese/,2026-08-12,1a312ae2943238c139623ac6595ff9bb0ebe656fd12d2b7ab80739488b527c31
DIST-B02-FAMILY_HOUSE-04-03,SRC-B02-KSH-ENERGY-2025,2022,EKM_9_2023,FAMILY_HOUSE,1961–1980,30,17,MODELLED,https://www.ksh.hu/s/kiserleti-statisztika/kiadvanyok/a-magyar-lakasallomany-primerenergia-igenyenek-becslese/,2026-08-12,1a312ae2943238c139623ac6595ff9bb0ebe656fd12d2b7ab80739488b527c31
DIST-B02-FAMILY_HOUSE-04-04,SRC-B02-KSH-ENERGY-2025,2022,EKM_9_2023,FAMILY_HOUSE,1961–1980,40,43,MODELLED,https://www.ksh.hu/s/kiserleti-statisztika/kiadvanyok/a-magyar-lakasallomany-primerenergia-igenyenek-becslese/,2026-08-12,1a312ae2943238c139623ac6595ff9bb0ebe656fd12d2b7ab80739488b527c31
DIST-B02-FAMILY_HOUSE-04-05,SRC-B02-KSH-ENERGY-2025,2022,EKM_9_2023,FAMILY_HOUSE,1961–1980,50,75,MODELLED,https://www.ksh.hu/s/kiserleti-statisztika/kiadvanyok/a-magyar-lakasallomany-primerenergia-igenyenek-becslese/,2026-08-12,1a312ae2943238c139623ac6595ff9bb0ebe656fd12d2b7ab80739488b527c31
DIST-B02-FAMILY_HOUSE-04-06,SRC-B02-KSH-ENERGY-2025,2022,EKM_9_2023,FAMILY_HOUSE,1961–1980,60,135,MODELLED,https://www.ksh.hu/s/kiserleti-statisztika/kiadvanyok/a-magyar-lakasallomany-primerenergia-igenyenek-becslese/,2026-08-12,1a312ae2943238c139623ac6595ff9bb0ebe656fd12d2b7ab80739488b527c31
DIST-B02-FAMILY_HOUSE-04-07,SRC-B02-KSH-ENERGY-2025,2022,EKM_9_2023,FAMILY_HOUSE,1961–1980,70,243,MODELLED,https://www.ksh.hu/s/kiserleti-statisztika/kiadvanyok/a-magyar-lakasallomany-primerenergia-igenyenek-becslese/,2026-08-12,1a312ae2943238c139623ac6595ff9bb0ebe656fd12d2b7ab80739488b527c31
DIST-B02-FAMILY_HOUSE-04-08,SRC-B02-KSH-ENERGY-2025,2022,EKM_9_2023,FAMILY_HOUSE,1961–1980,80,400,MODELLED,https://www.ksh.hu/s/kiserleti-statisztika/kiadvanyok/a-magyar-lakasallomany-primerenergia-igenyenek-becslese/,2026-08-12,1a312ae2943238c139623ac6595ff9bb0ebe656fd12d2b7ab80739488b527c31
DIST-B02-FAMILY_HOUSE-04-09,SRC-B02-KSH-ENERGY-2025,2022,EKM_9_2023,FAMILY_HOUSE,1961–1980,90,636,MODELLED,https://www.ksh.hu/s/kiserleti-statisztika/kiadvanyok/a-magyar-lakasallomany-primerenergia-igenyenek-becslese/,2026-08-12,1a312ae2943238c139623ac6595ff9bb0ebe656fd12d2b7ab80739488b527c31
DIST-B02-FAMILY_HOUSE-04-10,SRC-B02-KSH-ENERGY-2025,2022,EKM_9_2023,FAMILY_HOUSE,1961–1980,100,928,MODELLED,https://www.ksh.hu/s/kiserleti-statisztika/kiadvanyok/a-magyar-lakasallomany-primerenergia-igenyenek-becslese/,2026-08-12,1a312ae2943238c139623ac6595ff9bb0ebe656fd12d2b7ab80739488b527c31
DIST-B02-FAMILY_HOUSE-04-11,SRC-B02-KSH-ENERGY-2025,2022,EKM_9_2023,FAMILY_HOUSE,1961–1980,110,1555,MODELLED,https://www.ksh.hu/s/kiserleti-statisztika/kiadvanyok/a-magyar-lakasallomany-primerenergia-igenyenek-becslese/,2026-08-12,1a312ae2943238c139623ac6595ff9bb0ebe656fd12d2b7ab80739488b527c31
DIST-B02-FAMILY_HOUSE-04-12,SRC-B02-KSH-ENERGY-2025,2022,EKM_9_2023,FAMILY_HOUSE,1961–1980,120,2242,MODELLED,https://www.ksh.hu/s/kiserleti-statisztika/kiadvanyok/a-magyar-lakasallomany-primerenergia-igenyenek-becslese/,2026-08-12,1a312ae2943238c139623ac6595ff9bb0ebe656fd12d2b7ab80739488b527c31
DIST-B02-FAMILY_HOUSE-04-13,SRC-B02-KSH-ENERGY-2025,2022,EKM_9_2023,FAMILY_HOUSE,1961–1980,130,3205,MODELLED,https://www.ksh.hu/s/kiserleti-statisztika/kiadvanyok/a-magyar-lakasallomany-primerenergia-igenyenek-becslese/,2026-08-12,1a312ae2943238c139623ac6595ff9bb0ebe656fd12d2b7ab80739488b527c31
DIST-B02-FAMILY_HOUSE-04-14,SRC-B02-KSH-ENERGY-2025,2022,EKM_9_2023,FAMILY_HOUSE,1961–1980,140,2792,MODELLED,https://www.ksh.hu/s/kiserleti-statisztika/kiadvanyok/a-magyar-lakasallomany-primerenergia-igenyenek-becslese/,2026-08-12,1a312ae2943238c139623ac6595ff9bb0ebe656fd12d2b7ab80739488b527c31
DIST-B02-FAMILY_HOUSE-04-15,SRC-B02-KSH-ENERGY-2025,2022,EKM_9_2023,FAMILY_HOUSE,1961–1980,150,2831,MODELLED,https://www.ksh.hu/s/kiserleti-statisztika/kiadvanyok/a-magyar-lakasallomany-primerenergia-igenyenek-becslese/,2026-08-12,1a312ae2943238c139623ac6595ff9bb0ebe656fd12d2b7ab80739488b527c31
DIST-B02-FAMILY_HOUSE-04-16,SRC-B02-KSH-ENERGY-2025,2022,EKM_9_2023,FAMILY_HOUSE,1961–1980,160,3046,MODELLED,https://www.ksh.hu/s/kiserleti-statisztika/kiadvanyok/a-magyar-lakasallomany-primerenergia-igenyenek-becslese/,2026-08-12,1a312ae2943238c139623ac6595ff9bb0ebe656fd12d2b7ab80739488b527c31
DIST-B02-FAMILY_HOUSE-04-17,SRC-B02-KSH-ENERGY-2025,2022,EKM_9_2023,FAMILY_HOUSE,1961–1980,170,3327,MODELLED,https://www.ksh.hu/s/kiserleti-statisztika/kiadvanyok/a-magyar-lakasallomany-primerenergia-igenyenek-becslese/,2026-08-12,1a312ae2943238c139623ac6595ff9bb0ebe656fd12d2b7ab80739488b527c31
DIST-B02-FAMILY_HOUSE-04-18,SRC-B02-KSH-ENERGY-2025,2022,EKM_9_2023,FAMILY_HOUSE,1961–1980,180,3643,MODELLED,https://www.ksh.hu/s/kiserleti-statisztika/kiadvanyok/a-magyar-lakasallomany-primerenergia-igenyenek-becslese/,2026-08-12,1a312ae2943238c139623ac6595ff9bb0ebe656fd12d2b7ab80739488b527c31
DIST-B02-FAMILY_HOUSE-04-19,SRC-B02-KSH-ENERGY-2025,2022,EKM_9_2023,FAMILY_HOUSE,1961–1980,190,4128,MODELLED,https://www.ksh.hu/s/kiserleti-statisztika/kiadvanyok/a-magyar-lakasallomany-primerenergia-igenyenek-becslese/,2026-08-12,1a312ae2943238c139623ac6595ff9bb0ebe656fd12d2b7ab80739488b527c31
DIST-B02-FAMILY_HOUSE-04-20,SRC-B02-KSH-ENERGY-2025,2022,EKM_9_2023,FAMILY_HOUSE,1961–1980,200,5171,MODELLED,https://www.ksh.hu/s/kiserleti-statisztika/kiadvanyok/a-magyar-lakasallomany-primerenergia-igenyenek-becslese/,2026-08-12,1a312ae2943238c139623ac6595ff9bb0ebe656fd12d2b7ab80739488b527c31
DIST-B02-FAMILY_HOUSE-04-21,SRC-B02-KSH-ENERGY-2025,2022,EKM_9_2023,FAMILY_HOUSE,1961–1980,210,6083,MODELLED,https://www.ksh.hu/s/kiserleti-statisztika/kiadvanyok/a-magyar-lakasallomany-primerenergia-igenyenek-becslese/,2026-08-12,1a312ae2943238c139623ac6595ff9bb0ebe656fd12d2b7ab80739488b527c31
DIST-B02-FAMILY_HOUSE-04-22,SRC-B02-KSH-ENERGY-2025,2022,EKM_9_2023,FAMILY_HOUSE,1961–1980,220,7383,MODELLED,https://www.ksh.hu/s/kiserleti-statisztika/kiadvanyok/a-magyar-lakasallomany-primerenergia-igenyenek-becslese/,2026-08-12,1a312ae2943238c139623ac6595ff9bb0ebe656fd12d2b7ab80739488b527c31
DIST-B02-FAMILY_HOUSE-04-23,SRC-B02-KSH-ENERGY-2025,2022,EKM_9_2023,FAMILY_HOUSE,1961–1980,230,8403,MODELLED,https://www.ksh.hu/s/kiserleti-statisztika/kiadvanyok/a-magyar-lakasallomany-primerenergia-igenyenek-becslese/,2026-08-12,1a312ae2943238c139623ac6595ff9bb0ebe656fd12d2b7ab80739488b527c31
DIST-B02-FAMILY_HOUSE-04-24,SRC-B02-KSH-ENERGY-2025,2022,EKM_9_2023,FAMILY_HOUSE,1961–1980,240,9538,MODELLED,https://www.ksh.hu/s/kiserleti-statisztika/kiadvanyok/a-magyar-lakasallomany-primerenergia-igenyenek-becslese/,2026-08-12,1a312ae2943238c139623ac6595ff9bb0ebe656fd12d2b7ab80739488b527c31
DIST-B02-FAMILY_HOUSE-04-25,SRC-B02-KSH-ENERGY-2025,2022,EKM_9_2023,FAMILY_HOUSE,1961–1980,250,10684,MODELLED,https://www.ksh.hu/s/kiserleti-statisztika/kiadvanyok/a-magyar-lakasallomany-primerenergia-igenyenek-becslese/,2026-08-12,1a312ae2943238c139623ac6595ff9bb0ebe656fd12d2b7ab80739488b527c31
DIST-B02-FAMILY_HOUSE-04-26,SRC-B02-KSH-ENERGY-2025,2022,EKM_9_2023,FAMILY_HOUSE,1961–1980,260,11335,MODELLED,https://www.ksh.hu/s/kiserleti-statisztika/kiadvanyok/a-magyar-lakasallomany-primerenergia-igenyenek-becslese/,2026-08-12,1a312ae2943238c139623ac6595ff9bb0ebe656fd12d2b7ab80739488b527c31
DIST-B02-FAMILY_HOUSE-04-27,SRC-B02-KSH-ENERGY-2025,2022,EKM_9_2023,FAMILY_HOUSE,1961–1980,270,13304,MODELLED,https://www.ksh.hu/s/kiserleti-statisztika/kiadvanyok/a-magyar-lakasallomany-primerenergia-igenyenek-becslese/,2026-08-12,1a312ae2943238c139623ac6595ff9bb0ebe656fd12d2b7ab80739488b527c31
DIST-B02-FAMILY_HOUSE-04-28,SRC-B02-KSH-ENERGY-2025,2022,EKM_9_2023,FAMILY_HOUSE,1961–1980,280,15650,MODELLED,https://www.ksh.hu/s/kiserleti-statisztika/kiadvanyok/a-magyar-lakasallomany-primerenergia-igenyenek-becslese/,2026-08-12,1a312ae2943238c139623ac6595ff9bb0ebe656fd12d2b7ab80739488b527c31
DIST-B02-FAMILY_HOUSE-04-29,SRC-B02-KSH-ENERGY-2025,2022,EKM_9_2023,FAMILY_HOUSE,1961–1980,290,17521,MODELLED,https://www.ksh.hu/s/kiserleti-statisztika/kiadvanyok/a-magyar-lakasallomany-primerenergia-igenyenek-becslese/,2026-08-12,1a312ae2943238c139623ac6595ff9bb0ebe656fd12d2b7ab80739488b527c31
DIST-B02-FAMILY_HOUSE-04-30,SRC-B02-KSH-ENERGY-2025,2022,EKM_9_2023,FAMILY_HOUSE,1961–1980,300,19996,MODELLED,https://www.ksh.hu/s/kiserleti-statisztika/kiadvanyok/a-magyar-lakasallomany-primerenergia-igenyenek-becslese/,2026-08-12,1a312ae2943238c139623ac6595ff9bb0ebe656fd12d2b7ab80739488b527c31
DIST-B02-FAMILY_HOUSE-04-31,SRC-B02-KSH-ENERGY-2025,2022,EKM_9_2023,FAMILY_HOUSE,1961–1980,310,23018,MODELLED,https://www.ksh.hu/s/kiserleti-statisztika/kiadvanyok/a-magyar-lakasallomany-primerenergia-igenyenek-becslese/,2026-08-12,1a312ae2943238c139623ac6595ff9bb0ebe656fd12d2b7ab80739488b527c31
DIST-B02-FAMILY_HOUSE-04-32,SRC-B02-KSH-ENERGY-2025,2022,EKM_9_2023,FAMILY_HOUSE,1961–1980,320,25659,MODELLED,https://www.ksh.hu/s/kiserleti-statisztika/kiadvanyok/a-magyar-lakasallomany-primerenergia-igenyenek-becslese/,2026-08-12,1a312ae2943238c139623ac6595ff9bb0ebe656fd12d2b7ab80739488b527c31
DIST-B02-FAMILY_HOUSE-04-33,SRC-B02-KSH-ENERGY-2025,2022,EKM_9_2023,FAMILY_HOUSE,1961–1980,330,28909,MODELLED,https://www.ksh.hu/s/kiserleti-statisztika/kiadvanyok/a-magyar-lakasallomany-primerenergia-igenyenek-becslese/,2026-08-12,1a312ae2943238c139623ac6595ff9bb0ebe656fd12d2b7ab80739488b527c31
DIST-B02-FAMILY_HOUSE-04-34,SRC-B02-KSH-ENERGY-2025,2022,EKM_9_2023,FAMILY_HOUSE,1961–1980,340,32899,MODELLED,https://www.ksh.hu/s/kiserleti-statisztika/kiadvanyok/a-magyar-lakasallomany-primerenergia-igenyenek-becslese/,2026-08-12,1a312ae2943238c139623ac6595ff9bb0ebe656fd12d2b7ab80739488b527c31
DIST-B02-FAMILY_HOUSE-04-35,SRC-B02-KSH-ENERGY-2025,2022,EKM_9_2023,FAMILY_HOUSE,1961–1980,350,35840,MODELLED,https://www.ksh.hu/s/kiserleti-statisztika/kiadvanyok/a-magyar-lakasallomany-primerenergia-igenyenek-becslese/,2026-08-12,1a312ae2943238c139623ac6595ff9bb0ebe656fd12d2b7ab80739488b527c31
DIST-B02-FAMILY_HOUSE-04-36,SRC-B02-KSH-ENERGY-2025,2022,EKM_9_2023,FAMILY_HOUSE,1961–1980,360,39905,MODELLED,https://www.ksh.hu/s/kiserleti-statisztika/kiadvanyok/a-magyar-lakasallomany-primerenergia-igenyenek-becslese/,2026-08-12,1a312ae2943238c139623ac6595ff9bb0ebe656fd12d2b7ab80739488b527c31
DIST-B02-FAMILY_HOUSE-04-37,SRC-B02-KSH-ENERGY-2025,2022,EKM_9_2023,FAMILY_HOUSE,1961–1980,370,44742,MODELLED,https://www.ksh.hu/s/kiserleti-statisztika/kiadvanyok/a-magyar-lakasallomany-primerenergia-igenyenek-becslese/,2026-08-12,1a312ae2943238c139623ac6595ff9bb0ebe656fd12d2b7ab80739488b527c31
DIST-B02-FAMILY_HOUSE-04-38,SRC-B02-KSH-ENERGY-2025,2022,EKM_9_2023,FAMILY_HOUSE,1961–1980,380,47465,MODELLED,https://www.ksh.hu/s/kiserleti-statisztika/kiadvanyok/a-magyar-lakasallomany-primerenergia-igenyenek-becslese/,2026-08-12,1a312ae2943238c139623ac6595ff9bb0ebe656fd12d2b7ab80739488b527c31
DIST-B02-FAMILY_HOUSE-04-39,SRC-B02-KSH-ENERGY-2025,2022,EKM_9_2023,FAMILY_HOUSE,1961–1980,390,52389,MODELLED,https://www.ksh.hu/s/kiserleti-statisztika/kiadvanyok/a-magyar-lakasallomany-primerenergia-igenyenek-becslese/,2026-08-12,1a312ae2943238c139623ac6595ff9bb0ebe656fd12d2b7ab80739488b527c31
DIST-B02-FAMILY_HOUSE-04-40,SRC-B02-KSH-ENERGY-2025,2022,EKM_9_2023,FAMILY_HOUSE,1961–1980,400,56247,MODELLED,https://www.ksh.hu/s/kiserleti-statisztika/kiadvanyok/a-magyar-lakasallomany-primerenergia-igenyenek-becslese/,2026-08-12,1a312ae2943238c139623ac6595ff9bb0ebe656fd12d2b7ab80739488b527c31
DIST-B02-FAMILY_HOUSE-04-41,SRC-B02-KSH-ENERGY-2025,2022,EKM_9_2023,FAMILY_HOUSE,1961–1980,410,57447,MODELLED,https://www.ksh.hu/s/kiserleti-statisztika/kiadvanyok/a-magyar-lakasallomany-primerenergia-igenyenek-becslese/,2026-08-12,1a312ae2943238c139623ac6595ff9bb0ebe656fd12d2b7ab80739488b527c31
DIST-B02-FAMILY_HOUSE-04-42,SRC-B02-KSH-ENERGY-2025,2022,EKM_9_2023,FAMILY_HOUSE,1961–1980,420,57072,MODELLED,https://www.ksh.hu/s/kiserleti-statisztika/kiadvanyok/a-magyar-lakasallomany-primerenergia-igenyenek-becslese/,2026-08-12,1a312ae2943238c139623ac6595ff9bb0ebe656fd12d2b7ab80739488b527c31
DIST-B02-FAMILY_HOUSE-04-43,SRC-B02-KSH-ENERGY-2025,2022,EKM_9_2023,FAMILY_HOUSE,1961–1980,430,53686,MODELLED,https://www.ksh.hu/s/kiserleti-statisztika/kiadvanyok/a-magyar-lakasallomany-primerenergia-igenyenek-becslese/,2026-08-12,1a312ae2943238c139623ac6595ff9bb0ebe656fd12d2b7ab80739488b527c31
DIST-B02-FAMILY_HOUSE-04-44,SRC-B02-KSH-ENERGY-2025,2022,EKM_9_2023,FAMILY_HOUSE,1961–1980,440,48801,MODELLED,https://www.ksh.hu/s/kiserleti-statisztika/kiadvanyok/a-magyar-lakasallomany-primerenergia-igenyenek-becslese/,2026-08-12,1a312ae2943238c139623ac6595ff9bb0ebe656fd12d2b7ab80739488b527c31
DIST-B02-FAMILY_HOUSE-04-45,SRC-B02-KSH-ENERGY-2025,2022,EKM_9_2023,FAMILY_HOUSE,1961–1980,450,40623,MODELLED,https://www.ksh.hu/s/kiserleti-statisztika/kiadvanyok/a-magyar-lakasallomany-primerenergia-igenyenek-becslese/,2026-08-12,1a312ae2943238c139623ac6595ff9bb0ebe656fd12d2b7ab80739488b527c31
DIST-B02-FAMILY_HOUSE-04-46,SRC-B02-KSH-ENERGY-2025,2022,EKM_9_2023,FAMILY_HOUSE,1961–1980,460,31913,MODELLED,https://www.ksh.hu/s/kiserleti-statisztika/kiadvanyok/a-magyar-lakasallomany-primerenergia-igenyenek-becslese/,2026-08-12,1a312ae2943238c139623ac6595ff9bb0ebe656fd12d2b7ab80739488b527c31
DIST-B02-FAMILY_HOUSE-04-47,SRC-B02-KSH-ENERGY-2025,2022,EKM_9_2023,FAMILY_HOUSE,1961–1980,470,23439,MODELLED,https://www.ksh.hu/s/kiserleti-statisztika/kiadvanyok/a-magyar-lakasallomany-primerenergia-igenyenek-becslese/,2026-08-12,1a312ae2943238c139623ac6595ff9bb0ebe656fd12d2b7ab80739488b527c31
DIST-B02-FAMILY_HOUSE-04-48,SRC-B02-KSH-ENERGY-2025,2022,EKM_9_2023,FAMILY_HOUSE,1961–1980,480,16448,MODELLED,https://www.ksh.hu/s/kiserleti-statisztika/kiadvanyok/a-magyar-lakasallomany-primerenergia-igenyenek-becslese/,2026-08-12,1a312ae2943238c139623ac6595ff9bb0ebe656fd12d2b7ab80739488b527c31
DIST-B02-FAMILY_HOUSE-04-49,SRC-B02-KSH-ENERGY-2025,2022,EKM_9_2023,FAMILY_HOUSE,1961–1980,490,10875,MODELLED,https://www.ksh.hu/s/kiserleti-statisztika/kiadvanyok/a-magyar-lakasallomany-primerenergia-igenyenek-becslese/,2026-08-12,1a312ae2943238c139623ac6595ff9bb0ebe656fd12d2b7ab80739488b527c31
DIST-B02-FAMILY_HOUSE-04-50,SRC-B02-KSH-ENERGY-2025,2022,EKM_9_2023,FAMILY_HOUSE,1961–1980,500,7506,MODELLED,https://www.ksh.hu/s/kiserleti-statisztika/kiadvanyok/a-magyar-lakasallomany-primerenergia-igenyenek-becslese/,2026-08-12,1a312ae2943238c139623ac6595ff9bb0ebe656fd12d2b7ab80739488b527c31
DIST-B02-FAMILY_HOUSE-04-51,SRC-B02-KSH-ENERGY-2025,2022,EKM_9_2023,FAMILY_HOUSE,1961–1980,510,4543,MODELLED,https://www.ksh.hu/s/kiserleti-statisztika/kiadvanyok/a-magyar-lakasallomany-primerenergia-igenyenek-becslese/,2026-08-12,1a312ae2943238c139623ac6595ff9bb0ebe656fd12d2b7ab80739488b527c31
DIST-B02-FAMILY_HOUSE-04-52,SRC-B02-KSH-ENERGY-2025,2022,EKM_9_2023,FAMILY_HOUSE,1961–1980,520,3069,MODELLED,https://www.ksh.hu/s/kiserleti-statisztika/kiadvanyok/a-magyar-lakasallomany-primerenergia-igenyenek-becslese/,2026-08-12,1a312ae2943238c139623ac6595ff9bb0ebe656fd12d2b7ab80739488b527c31
DIST-B02-FAMILY_HOUSE-04-53,SRC-B02-KSH-ENERGY-2025,2022,EKM_9_2023,FAMILY_HOUSE,1961–1980,530,1953,MODELLED,https://www.ksh.hu/s/kiserleti-statisztika/kiadvanyok/a-magyar-lakasallomany-primerenergia-igenyenek-becslese/,2026-08-12,1a312ae2943238c139623ac6595ff9bb0ebe656fd12d2b7ab80739488b527c31
DIST-B02-FAMILY_HOUSE-04-54,SRC-B02-KSH-ENERGY-2025,2022,EKM_9_2023,FAMILY_HOUSE,1961–1980,540,1341,MODELLED,https://www.ksh.hu/s/kiserleti-statisztika/kiadvanyok/a-magyar-lakasallomany-primerenergia-igenyenek-becslese/,2026-08-12,1a312ae2943238c139623ac6595ff9bb0ebe656fd12d2b7ab80739488b527c31
DIST-B02-FAMILY_HOUSE-04-55,SRC-B02-KSH-ENERGY-2025,2022,EKM_9_2023,FAMILY_HOUSE,1961–1980,550,897,MODELLED,https://www.ksh.hu/s/kiserleti-statisztika/kiadvanyok/a-magyar-lakasallomany-primerenergia-igenyenek-becslese/,2026-08-12,1a312ae2943238c139623ac6595ff9bb0ebe656fd12d2b7ab80739488b527c31
DIST-B02-FAMILY_HOUSE-04-56,SRC-B02-KSH-ENERGY-2025,2022,EKM_9_2023,FAMILY_HOUSE,1961–1980,560,586,MODELLED,https://www.ksh.hu/s/kiserleti-statisztika/kiadvanyok/a-magyar-lakasallomany-primerenergia-igenyenek-becslese/,2026-08-12,1a312ae2943238c139623ac6595ff9bb0ebe656fd12d2b7ab80739488b527c31
DIST-B02-FAMILY_HOUSE-04-57,SRC-B02-KSH-ENERGY-2025,2022,EKM_9_2023,FAMILY_HOUSE,1961–1980,570,418,MODELLED,https://www.ksh.hu/s/kiserleti-statisztika/kiadvanyok/a-magyar-lakasallomany-primerenergia-igenyenek-becslese/,2026-08-12,1a312ae2943238c139623ac6595ff9bb0ebe656fd12d2b7ab80739488b527c31
DIST-B02-FAMILY_HOUSE-04-58,SRC-B02-KSH-ENERGY-2025,2022,EKM_9_2023,FAMILY_HOUSE,1961–1980,580,354,MODELLED,https://www.ksh.hu/s/kiserleti-statisztika/kiadvanyok/a-magyar-lakasallomany-primerenergia-igenyenek-becslese/,2026-08-12,1a312ae2943238c139623ac6595ff9bb0ebe656fd12d2b7ab80739488b527c31
DIST-B02-FAMILY_HOUSE-04-59,SRC-B02-KSH-ENERGY-2025,2022,EKM_9_2023,FAMILY_HOUSE,1961–1980,590,271,MODELLED,https://www.ksh.hu/s/kiserleti-statisztika/kiadvanyok/a-magyar-lakasallomany-primerenergia-igenyenek-becslese/,2026-08-12,1a312ae2943238c139623ac6595ff9bb0ebe656fd12d2b7ab80739488b527c31
DIST-B02-FAMILY_HOUSE-05-01,SRC-B02-KSH-ENERGY-2025,2022,EKM_9_2023,FAMILY_HOUSE,1981–2000,10,30,MODELLED,https://www.ksh.hu/s/kiserleti-statisztika/kiadvanyok/a-magyar-lakasallomany-primerenergia-igenyenek-becslese/,2026-08-12,1a312ae2943238c139623ac6595ff9bb0ebe656fd12d2b7ab80739488b527c31
DIST-B02-FAMILY_HOUSE-05-02,SRC-B02-KSH-ENERGY-2025,2022,EKM_9_2023,FAMILY_HOUSE,1981–2000,20,49,MODELLED,https://www.ksh.hu/s/kiserleti-statisztika/kiadvanyok/a-magyar-lakasallomany-primerenergia-igenyenek-becslese/,2026-08-12,1a312ae2943238c139623ac6595ff9bb0ebe656fd12d2b7ab80739488b527c31
DIST-B02-FAMILY_HOUSE-05-03,SRC-B02-KSH-ENERGY-2025,2022,EKM_9_2023,FAMILY_HOUSE,1981–2000,30,149,MODELLED,https://www.ksh.hu/s/kiserleti-statisztika/kiadvanyok/a-magyar-lakasallomany-primerenergia-igenyenek-becslese/,2026-08-12,1a312ae2943238c139623ac6595ff9bb0ebe656fd12d2b7ab80739488b527c31
DIST-B02-FAMILY_HOUSE-05-04,SRC-B02-KSH-ENERGY-2025,2022,EKM_9_2023,FAMILY_HOUSE,1981–2000,40,236,MODELLED,https://www.ksh.hu/s/kiserleti-statisztika/kiadvanyok/a-magyar-lakasallomany-primerenergia-igenyenek-becslese/,2026-08-12,1a312ae2943238c139623ac6595ff9bb0ebe656fd12d2b7ab80739488b527c31
DIST-B02-FAMILY_HOUSE-05-05,SRC-B02-KSH-ENERGY-2025,2022,EKM_9_2023,FAMILY_HOUSE,1981–2000,50,523,MODELLED,https://www.ksh.hu/s/kiserleti-statisztika/kiadvanyok/a-magyar-lakasallomany-primerenergia-igenyenek-becslese/,2026-08-12,1a312ae2943238c139623ac6595ff9bb0ebe656fd12d2b7ab80739488b527c31
DIST-B02-FAMILY_HOUSE-05-06,SRC-B02-KSH-ENERGY-2025,2022,EKM_9_2023,FAMILY_HOUSE,1981–2000,60,924,MODELLED,https://www.ksh.hu/s/kiserleti-statisztika/kiadvanyok/a-magyar-lakasallomany-primerenergia-igenyenek-becslese/,2026-08-12,1a312ae2943238c139623ac6595ff9bb0ebe656fd12d2b7ab80739488b527c31
DIST-B02-FAMILY_HOUSE-05-07,SRC-B02-KSH-ENERGY-2025,2022,EKM_9_2023,FAMILY_HOUSE,1981–2000,70,1428,MODELLED,https://www.ksh.hu/s/kiserleti-statisztika/kiadvanyok/a-magyar-lakasallomany-primerenergia-igenyenek-becslese/,2026-08-12,1a312ae2943238c139623ac6595ff9bb0ebe656fd12d2b7ab80739488b527c31
DIST-B02-FAMILY_HOUSE-05-08,SRC-B02-KSH-ENERGY-2025,2022,EKM_9_2023,FAMILY_HOUSE,1981–2000,80,2267,MODELLED,https://www.ksh.hu/s/kiserleti-statisztika/kiadvanyok/a-magyar-lakasallomany-primerenergia-igenyenek-becslese/,2026-08-12,1a312ae2943238c139623ac6595ff9bb0ebe656fd12d2b7ab80739488b527c31
DIST-B02-FAMILY_HOUSE-05-09,SRC-B02-KSH-ENERGY-2025,2022,EKM_9_2023,FAMILY_HOUSE,1981–2000,90,2791,MODELLED,https://www.ksh.hu/s/kiserleti-statisztika/kiadvanyok/a-magyar-lakasallomany-primerenergia-igenyenek-becslese/,2026-08-12,1a312ae2943238c139623ac6595ff9bb0ebe656fd12d2b7ab80739488b527c31
DIST-B02-FAMILY_HOUSE-05-10,SRC-B02-KSH-ENERGY-2025,2022,EKM_9_2023,FAMILY_HOUSE,1981–2000,100,3793,MODELLED,https://www.ksh.hu/s/kiserleti-statisztika/kiadvanyok/a-magyar-lakasallomany-primerenergia-igenyenek-becslese/,2026-08-12,1a312ae2943238c139623ac6595ff9bb0ebe656fd12d2b7ab80739488b527c31
DIST-B02-FAMILY_HOUSE-05-11,SRC-B02-KSH-ENERGY-2025,2022,EKM_9_2023,FAMILY_HOUSE,1981–2000,110,4462,MODELLED,https://www.ksh.hu/s/kiserleti-statisztika/kiadvanyok/a-magyar-lakasallomany-primerenergia-igenyenek-becslese/,2026-08-12,1a312ae2943238c139623ac6595ff9bb0ebe656fd12d2b7ab80739488b527c31
DIST-B02-FAMILY_HOUSE-05-12,SRC-B02-KSH-ENERGY-2025,2022,EKM_9_2023,FAMILY_HOUSE,1981–2000,120,5043,MODELLED,https://www.ksh.hu/s/kiserleti-statisztika/kiadvanyok/a-magyar-lakasallomany-primerenergia-igenyenek-becslese/,2026-08-12,1a312ae2943238c139623ac6595ff9bb0ebe656fd12d2b7ab80739488b527c31
DIST-B02-FAMILY_HOUSE-05-13,SRC-B02-KSH-ENERGY-2025,2022,EKM_9_2023,FAMILY_HOUSE,1981–2000,130,6551,MODELLED,https://www.ksh.hu/s/kiserleti-statisztika/kiadvanyok/a-magyar-lakasallomany-primerenergia-igenyenek-becslese/,2026-08-12,1a312ae2943238c139623ac6595ff9bb0ebe656fd12d2b7ab80739488b527c31
DIST-B02-FAMILY_HOUSE-05-14,SRC-B02-KSH-ENERGY-2025,2022,EKM_9_2023,FAMILY_HOUSE,1981–2000,140,6424,MODELLED,https://www.ksh.hu/s/kiserleti-statisztika/kiadvanyok/a-magyar-lakasallomany-primerenergia-igenyenek-becslese/,2026-08-12,1a312ae2943238c139623ac6595ff9bb0ebe656fd12d2b7ab80739488b527c31
DIST-B02-FAMILY_HOUSE-05-15,SRC-B02-KSH-ENERGY-2025,2022,EKM_9_2023,FAMILY_HOUSE,1981–2000,150,7324,MODELLED,https://www.ksh.hu/s/kiserleti-statisztika/kiadvanyok/a-magyar-lakasallomany-primerenergia-igenyenek-becslese/,2026-08-12,1a312ae2943238c139623ac6595ff9bb0ebe656fd12d2b7ab80739488b527c31
DIST-B02-FAMILY_HOUSE-05-16,SRC-B02-KSH-ENERGY-2025,2022,EKM_9_2023,FAMILY_HOUSE,1981–2000,160,9474,MODELLED,https://www.ksh.hu/s/kiserleti-statisztika/kiadvanyok/a-magyar-lakasallomany-primerenergia-igenyenek-becslese/,2026-08-12,1a312ae2943238c139623ac6595ff9bb0ebe656fd12d2b7ab80739488b527c31
DIST-B02-FAMILY_HOUSE-05-17,SRC-B02-KSH-ENERGY-2025,2022,EKM_9_2023,FAMILY_HOUSE,1981–2000,170,10959,MODELLED,https://www.ksh.hu/s/kiserleti-statisztika/kiadvanyok/a-magyar-lakasallomany-primerenergia-igenyenek-becslese/,2026-08-12,1a312ae2943238c139623ac6595ff9bb0ebe656fd12d2b7ab80739488b527c31
DIST-B02-FAMILY_HOUSE-05-18,SRC-B02-KSH-ENERGY-2025,2022,EKM_9_2023,FAMILY_HOUSE,1981–2000,180,14298,MODELLED,https://www.ksh.hu/s/kiserleti-statisztika/kiadvanyok/a-magyar-lakasallomany-primerenergia-igenyenek-becslese/,2026-08-12,1a312ae2943238c139623ac6595ff9bb0ebe656fd12d2b7ab80739488b527c31
DIST-B02-FAMILY_HOUSE-05-19,SRC-B02-KSH-ENERGY-2025,2022,EKM_9_2023,FAMILY_HOUSE,1981–2000,190,17248,MODELLED,https://www.ksh.hu/s/kiserleti-statisztika/kiadvanyok/a-magyar-lakasallomany-primerenergia-igenyenek-becslese/,2026-08-12,1a312ae2943238c139623ac6595ff9bb0ebe656fd12d2b7ab80739488b527c31
DIST-B02-FAMILY_HOUSE-05-20,SRC-B02-KSH-ENERGY-2025,2022,EKM_9_2023,FAMILY_HOUSE,1981–2000,200,20451,MODELLED,https://www.ksh.hu/s/kiserleti-statisztika/kiadvanyok/a-magyar-lakasallomany-primerenergia-igenyenek-becslese/,2026-08-12,1a312ae2943238c139623ac6595ff9bb0ebe656fd12d2b7ab80739488b527c31
DIST-B02-FAMILY_HOUSE-05-21,SRC-B02-KSH-ENERGY-2025,2022,EKM_9_2023,FAMILY_HOUSE,1981–2000,210,22396,MODELLED,https://www.ksh.hu/s/kiserleti-statisztika/kiadvanyok/a-magyar-lakasallomany-primerenergia-igenyenek-becslese/,2026-08-12,1a312ae2943238c139623ac6595ff9bb0ebe656fd12d2b7ab80739488b527c31
DIST-B02-FAMILY_HOUSE-05-22,SRC-B02-KSH-ENERGY-2025,2022,EKM_9_2023,FAMILY_HOUSE,1981–2000,220,24257,MODELLED,https://www.ksh.hu/s/kiserleti-statisztika/kiadvanyok/a-magyar-lakasallomany-primerenergia-igenyenek-becslese/,2026-08-12,1a312ae2943238c139623ac6595ff9bb0ebe656fd12d2b7ab80739488b527c31
DIST-B02-FAMILY_HOUSE-05-23,SRC-B02-KSH-ENERGY-2025,2022,EKM_9_2023,FAMILY_HOUSE,1981–2000,230,25134,MODELLED,https://www.ksh.hu/s/kiserleti-statisztika/kiadvanyok/a-magyar-lakasallomany-primerenergia-igenyenek-becslese/,2026-08-12,1a312ae2943238c139623ac6595ff9bb0ebe656fd12d2b7ab80739488b527c31
DIST-B02-FAMILY_HOUSE-05-24,SRC-B02-KSH-ENERGY-2025,2022,EKM_9_2023,FAMILY_HOUSE,1981–2000,240,26447,MODELLED,https://www.ksh.hu/s/kiserleti-statisztika/kiadvanyok/a-magyar-lakasallomany-primerenergia-igenyenek-becslese/,2026-08-12,1a312ae2943238c139623ac6595ff9bb0ebe656fd12d2b7ab80739488b527c31
DIST-B02-FAMILY_HOUSE-05-25,SRC-B02-KSH-ENERGY-2025,2022,EKM_9_2023,FAMILY_HOUSE,1981–2000,250,28542,MODELLED,https://www.ksh.hu/s/kiserleti-statisztika/kiadvanyok/a-magyar-lakasallomany-primerenergia-igenyenek-becslese/,2026-08-12,1a312ae2943238c139623ac6595ff9bb0ebe656fd12d2b7ab80739488b527c31
DIST-B02-FAMILY_HOUSE-05-26,SRC-B02-KSH-ENERGY-2025,2022,EKM_9_2023,FAMILY_HOUSE,1981–2000,260,27215,MODELLED,https://www.ksh.hu/s/kiserleti-statisztika/kiadvanyok/a-magyar-lakasallomany-primerenergia-igenyenek-becslese/,2026-08-12,1a312ae2943238c139623ac6595ff9bb0ebe656fd12d2b7ab80739488b527c31
DIST-B02-FAMILY_HOUSE-05-27,SRC-B02-KSH-ENERGY-2025,2022,EKM_9_2023,FAMILY_HOUSE,1981–2000,270,28308,MODELLED,https://www.ksh.hu/s/kiserleti-statisztika/kiadvanyok/a-magyar-lakasallomany-primerenergia-igenyenek-becslese/,2026-08-12,1a312ae2943238c139623ac6595ff9bb0ebe656fd12d2b7ab80739488b527c31
DIST-B02-FAMILY_HOUSE-05-28,SRC-B02-KSH-ENERGY-2025,2022,EKM_9_2023,FAMILY_HOUSE,1981–2000,280,29096,MODELLED,https://www.ksh.hu/s/kiserleti-statisztika/kiadvanyok/a-magyar-lakasallomany-primerenergia-igenyenek-becslese/,2026-08-12,1a312ae2943238c139623ac6595ff9bb0ebe656fd12d2b7ab80739488b527c31
DIST-B02-FAMILY_HOUSE-05-29,SRC-B02-KSH-ENERGY-2025,2022,EKM_9_2023,FAMILY_HOUSE,1981–2000,290,28674,MODELLED,https://www.ksh.hu/s/kiserleti-statisztika/kiadvanyok/a-magyar-lakasallomany-primerenergia-igenyenek-becslese/,2026-08-12,1a312ae2943238c139623ac6595ff9bb0ebe656fd12d2b7ab80739488b527c31
DIST-B02-FAMILY_HOUSE-05-30,SRC-B02-KSH-ENERGY-2025,2022,EKM_9_2023,FAMILY_HOUSE,1981–2000,300,29106,MODELLED,https://www.ksh.hu/s/kiserleti-statisztika/kiadvanyok/a-magyar-lakasallomany-primerenergia-igenyenek-becslese/,2026-08-12,1a312ae2943238c139623ac6595ff9bb0ebe656fd12d2b7ab80739488b527c31
DIST-B02-FAMILY_HOUSE-05-31,SRC-B02-KSH-ENERGY-2025,2022,EKM_9_2023,FAMILY_HOUSE,1981–2000,310,28453,MODELLED,https://www.ksh.hu/s/kiserleti-statisztika/kiadvanyok/a-magyar-lakasallomany-primerenergia-igenyenek-becslese/,2026-08-12,1a312ae2943238c139623ac6595ff9bb0ebe656fd12d2b7ab80739488b527c31
DIST-B02-FAMILY_HOUSE-05-32,SRC-B02-KSH-ENERGY-2025,2022,EKM_9_2023,FAMILY_HOUSE,1981–2000,320,27826,MODELLED,https://www.ksh.hu/s/kiserleti-statisztika/kiadvanyok/a-magyar-lakasallomany-primerenergia-igenyenek-becslese/,2026-08-12,1a312ae2943238c139623ac6595ff9bb0ebe656fd12d2b7ab80739488b527c31
DIST-B02-FAMILY_HOUSE-05-33,SRC-B02-KSH-ENERGY-2025,2022,EKM_9_2023,FAMILY_HOUSE,1981–2000,330,26715,MODELLED,https://www.ksh.hu/s/kiserleti-statisztika/kiadvanyok/a-magyar-lakasallomany-primerenergia-igenyenek-becslese/,2026-08-12,1a312ae2943238c139623ac6595ff9bb0ebe656fd12d2b7ab80739488b527c31
DIST-B02-FAMILY_HOUSE-05-34,SRC-B02-KSH-ENERGY-2025,2022,EKM_9_2023,FAMILY_HOUSE,1981–2000,340,25515,MODELLED,https://www.ksh.hu/s/kiserleti-statisztika/kiadvanyok/a-magyar-lakasallomany-primerenergia-igenyenek-becslese/,2026-08-12,1a312ae2943238c139623ac6595ff9bb0ebe656fd12d2b7ab80739488b527c31
DIST-B02-FAMILY_HOUSE-05-35,SRC-B02-KSH-ENERGY-2025,2022,EKM_9_2023,FAMILY_HOUSE,1981–2000,350,23106,MODELLED,https://www.ksh.hu/s/kiserleti-statisztika/kiadvanyok/a-magyar-lakasallomany-primerenergia-igenyenek-becslese/,2026-08-12,1a312ae2943238c139623ac6595ff9bb0ebe656fd12d2b7ab80739488b527c31
DIST-B02-FAMILY_HOUSE-05-36,SRC-B02-KSH-ENERGY-2025,2022,EKM_9_2023,FAMILY_HOUSE,1981–2000,360,21643,MODELLED,https://www.ksh.hu/s/kiserleti-statisztika/kiadvanyok/a-magyar-lakasallomany-primerenergia-igenyenek-becslese/,2026-08-12,1a312ae2943238c139623ac6595ff9bb0ebe656fd12d2b7ab80739488b527c31
DIST-B02-FAMILY_HOUSE-05-37,SRC-B02-KSH-ENERGY-2025,2022,EKM_9_2023,FAMILY_HOUSE,1981–2000,370,20523,MODELLED,https://www.ksh.hu/s/kiserleti-statisztika/kiadvanyok/a-magyar-lakasallomany-primerenergia-igenyenek-becslese/,2026-08-12,1a312ae2943238c139623ac6595ff9bb0ebe656fd12d2b7ab80739488b527c31
DIST-B02-FAMILY_HOUSE-05-38,SRC-B02-KSH-ENERGY-2025,2022,EKM_9_2023,FAMILY_HOUSE,1981–2000,380,17878,MODELLED,https://www.ksh.hu/s/kiserleti-statisztika/kiadvanyok/a-magyar-lakasallomany-primerenergia-igenyenek-becslese/,2026-08-12,1a312ae2943238c139623ac6595ff9bb0ebe656fd12d2b7ab80739488b527c31
DIST-B02-FAMILY_HOUSE-05-39,SRC-B02-KSH-ENERGY-2025,2022,EKM_9_2023,FAMILY_HOUSE,1981–2000,390,16478,MODELLED,https://www.ksh.hu/s/kiserleti-statisztika/kiadvanyok/a-magyar-lakasallomany-primerenergia-igenyenek-becslese/,2026-08-12,1a312ae2943238c139623ac6595ff9bb0ebe656fd12d2b7ab80739488b527c31
DIST-B02-FAMILY_HOUSE-05-40,SRC-B02-KSH-ENERGY-2025,2022,EKM_9_2023,FAMILY_HOUSE,1981–2000,400,14356,MODELLED,https://www.ksh.hu/s/kiserleti-statisztika/kiadvanyok/a-magyar-lakasallomany-primerenergia-igenyenek-becslese/,2026-08-12,1a312ae2943238c139623ac6595ff9bb0ebe656fd12d2b7ab80739488b527c31
DIST-B02-FAMILY_HOUSE-05-41,SRC-B02-KSH-ENERGY-2025,2022,EKM_9_2023,FAMILY_HOUSE,1981–2000,410,11730,MODELLED,https://www.ksh.hu/s/kiserleti-statisztika/kiadvanyok/a-magyar-lakasallomany-primerenergia-igenyenek-becslese/,2026-08-12,1a312ae2943238c139623ac6595ff9bb0ebe656fd12d2b7ab80739488b527c31
DIST-B02-FAMILY_HOUSE-05-42,SRC-B02-KSH-ENERGY-2025,2022,EKM_9_2023,FAMILY_HOUSE,1981–2000,420,9638,MODELLED,https://www.ksh.hu/s/kiserleti-statisztika/kiadvanyok/a-magyar-lakasallomany-primerenergia-igenyenek-becslese/,2026-08-12,1a312ae2943238c139623ac6595ff9bb0ebe656fd12d2b7ab80739488b527c31
DIST-B02-FAMILY_HOUSE-05-43,SRC-B02-KSH-ENERGY-2025,2022,EKM_9_2023,FAMILY_HOUSE,1981–2000,430,7520,MODELLED,https://www.ksh.hu/s/kiserleti-statisztika/kiadvanyok/a-magyar-lakasallomany-primerenergia-igenyenek-becslese/,2026-08-12,1a312ae2943238c139623ac6595ff9bb0ebe656fd12d2b7ab80739488b527c31
DIST-B02-FAMILY_HOUSE-05-44,SRC-B02-KSH-ENERGY-2025,2022,EKM_9_2023,FAMILY_HOUSE,1981–2000,440,5782,MODELLED,https://www.ksh.hu/s/kiserleti-statisztika/kiadvanyok/a-magyar-lakasallomany-primerenergia-igenyenek-becslese/,2026-08-12,1a312ae2943238c139623ac6595ff9bb0ebe656fd12d2b7ab80739488b527c31
DIST-B02-FAMILY_HOUSE-05-45,SRC-B02-KSH-ENERGY-2025,2022,EKM_9_2023,FAMILY_HOUSE,1981–2000,450,3890,MODELLED,https://www.ksh.hu/s/kiserleti-statisztika/kiadvanyok/a-magyar-lakasallomany-primerenergia-igenyenek-becslese/,2026-08-12,1a312ae2943238c139623ac6595ff9bb0ebe656fd12d2b7ab80739488b527c31
DIST-B02-FAMILY_HOUSE-05-46,SRC-B02-KSH-ENERGY-2025,2022,EKM_9_2023,FAMILY_HOUSE,1981–2000,460,2656,MODELLED,https://www.ksh.hu/s/kiserleti-statisztika/kiadvanyok/a-magyar-lakasallomany-primerenergia-igenyenek-becslese/,2026-08-12,1a312ae2943238c139623ac6595ff9bb0ebe656fd12d2b7ab80739488b527c31
DIST-B02-FAMILY_HOUSE-05-47,SRC-B02-KSH-ENERGY-2025,2022,EKM_9_2023,FAMILY_HOUSE,1981–2000,470,1810,MODELLED,https://www.ksh.hu/s/kiserleti-statisztika/kiadvanyok/a-magyar-lakasallomany-primerenergia-igenyenek-becslese/,2026-08-12,1a312ae2943238c139623ac6595ff9bb0ebe656fd12d2b7ab80739488b527c31
DIST-B02-FAMILY_HOUSE-05-48,SRC-B02-KSH-ENERGY-2025,2022,EKM_9_2023,FAMILY_HOUSE,1981–2000,480,1198,MODELLED,https://www.ksh.hu/s/kiserleti-statisztika/kiadvanyok/a-magyar-lakasallomany-primerenergia-igenyenek-becslese/,2026-08-12,1a312ae2943238c139623ac6595ff9bb0ebe656fd12d2b7ab80739488b527c31
DIST-B02-FAMILY_HOUSE-05-49,SRC-B02-KSH-ENERGY-2025,2022,EKM_9_2023,FAMILY_HOUSE,1981–2000,490,781,MODELLED,https://www.ksh.hu/s/kiserleti-statisztika/kiadvanyok/a-magyar-lakasallomany-primerenergia-igenyenek-becslese/,2026-08-12,1a312ae2943238c139623ac6595ff9bb0ebe656fd12d2b7ab80739488b527c31
DIST-B02-FAMILY_HOUSE-05-50,SRC-B02-KSH-ENERGY-2025,2022,EKM_9_2023,FAMILY_HOUSE,1981–2000,500,589,MODELLED,https://www.ksh.hu/s/kiserleti-statisztika/kiadvanyok/a-magyar-lakasallomany-primerenergia-igenyenek-becslese/,2026-08-12,1a312ae2943238c139623ac6595ff9bb0ebe656fd12d2b7ab80739488b527c31
DIST-B02-FAMILY_HOUSE-05-51,SRC-B02-KSH-ENERGY-2025,2022,EKM_9_2023,FAMILY_HOUSE,1981–2000,510,384,MODELLED,https://www.ksh.hu/s/kiserleti-statisztika/kiadvanyok/a-magyar-lakasallomany-primerenergia-igenyenek-becslese/,2026-08-12,1a312ae2943238c139623ac6595ff9bb0ebe656fd12d2b7ab80739488b527c31
DIST-B02-FAMILY_HOUSE-05-52,SRC-B02-KSH-ENERGY-2025,2022,EKM_9_2023,FAMILY_HOUSE,1981–2000,520,256,MODELLED,https://www.ksh.hu/s/kiserleti-statisztika/kiadvanyok/a-magyar-lakasallomany-primerenergia-igenyenek-becslese/,2026-08-12,1a312ae2943238c139623ac6595ff9bb0ebe656fd12d2b7ab80739488b527c31
DIST-B02-FAMILY_HOUSE-05-53,SRC-B02-KSH-ENERGY-2025,2022,EKM_9_2023,FAMILY_HOUSE,1981–2000,530,208,MODELLED,https://www.ksh.hu/s/kiserleti-statisztika/kiadvanyok/a-magyar-lakasallomany-primerenergia-igenyenek-becslese/,2026-08-12,1a312ae2943238c139623ac6595ff9bb0ebe656fd12d2b7ab80739488b527c31
DIST-B02-FAMILY_HOUSE-05-54,SRC-B02-KSH-ENERGY-2025,2022,EKM_9_2023,FAMILY_HOUSE,1981–2000,540,163,MODELLED,https://www.ksh.hu/s/kiserleti-statisztika/kiadvanyok/a-magyar-lakasallomany-primerenergia-igenyenek-becslese/,2026-08-12,1a312ae2943238c139623ac6595ff9bb0ebe656fd12d2b7ab80739488b527c31
DIST-B02-FAMILY_HOUSE-05-55,SRC-B02-KSH-ENERGY-2025,2022,EKM_9_2023,FAMILY_HOUSE,1981–2000,550,151,MODELLED,https://www.ksh.hu/s/kiserleti-statisztika/kiadvanyok/a-magyar-lakasallomany-primerenergia-igenyenek-becslese/,2026-08-12,1a312ae2943238c139623ac6595ff9bb0ebe656fd12d2b7ab80739488b527c31
DIST-B02-FAMILY_HOUSE-05-56,SRC-B02-KSH-ENERGY-2025,2022,EKM_9_2023,FAMILY_HOUSE,1981–2000,560,128,MODELLED,https://www.ksh.hu/s/kiserleti-statisztika/kiadvanyok/a-magyar-lakasallomany-primerenergia-igenyenek-becslese/,2026-08-12,1a312ae2943238c139623ac6595ff9bb0ebe656fd12d2b7ab80739488b527c31
DIST-B02-FAMILY_HOUSE-05-57,SRC-B02-KSH-ENERGY-2025,2022,EKM_9_2023,FAMILY_HOUSE,1981–2000,570,80,MODELLED,https://www.ksh.hu/s/kiserleti-statisztika/kiadvanyok/a-magyar-lakasallomany-primerenergia-igenyenek-becslese/,2026-08-12,1a312ae2943238c139623ac6595ff9bb0ebe656fd12d2b7ab80739488b527c31
DIST-B02-FAMILY_HOUSE-05-58,SRC-B02-KSH-ENERGY-2025,2022,EKM_9_2023,FAMILY_HOUSE,1981–2000,580,80,MODELLED,https://www.ksh.hu/s/kiserleti-statisztika/kiadvanyok/a-magyar-lakasallomany-primerenergia-igenyenek-becslese/,2026-08-12,1a312ae2943238c139623ac6595ff9bb0ebe656fd12d2b7ab80739488b527c31
DIST-B02-FAMILY_HOUSE-05-59,SRC-B02-KSH-ENERGY-2025,2022,EKM_9_2023,FAMILY_HOUSE,1981–2000,590,41,MODELLED,https://www.ksh.hu/s/kiserleti-statisztika/kiadvanyok/a-magyar-lakasallomany-primerenergia-igenyenek-becslese/,2026-08-12,1a312ae2943238c139623ac6595ff9bb0ebe656fd12d2b7ab80739488b527c31
DIST-B02-FAMILY_HOUSE-06-01,SRC-B02-KSH-ENERGY-2025,2022,EKM_9_2023,FAMILY_HOUSE,2001–2010,10,258,MODELLED,https://www.ksh.hu/s/kiserleti-statisztika/kiadvanyok/a-magyar-lakasallomany-primerenergia-igenyenek-becslese/,2026-08-12,1a312ae2943238c139623ac6595ff9bb0ebe656fd12d2b7ab80739488b527c31
DIST-B02-FAMILY_HOUSE-06-02,SRC-B02-KSH-ENERGY-2025,2022,EKM_9_2023,FAMILY_HOUSE,2001–2010,20,456,MODELLED,https://www.ksh.hu/s/kiserleti-statisztika/kiadvanyok/a-magyar-lakasallomany-primerenergia-igenyenek-becslese/,2026-08-12,1a312ae2943238c139623ac6595ff9bb0ebe656fd12d2b7ab80739488b527c31
DIST-B02-FAMILY_HOUSE-06-03,SRC-B02-KSH-ENERGY-2025,2022,EKM_9_2023,FAMILY_HOUSE,2001–2010,30,852,MODELLED,https://www.ksh.hu/s/kiserleti-statisztika/kiadvanyok/a-magyar-lakasallomany-primerenergia-igenyenek-becslese/,2026-08-12,1a312ae2943238c139623ac6595ff9bb0ebe656fd12d2b7ab80739488b527c31
DIST-B02-FAMILY_HOUSE-06-04,SRC-B02-KSH-ENERGY-2025,2022,EKM_9_2023,FAMILY_HOUSE,2001–2010,40,1450,MODELLED,https://www.ksh.hu/s/kiserleti-statisztika/kiadvanyok/a-magyar-lakasallomany-primerenergia-igenyenek-becslese/,2026-08-12,1a312ae2943238c139623ac6595ff9bb0ebe656fd12d2b7ab80739488b527c31
DIST-B02-FAMILY_HOUSE-06-05,SRC-B02-KSH-ENERGY-2025,2022,EKM_9_2023,FAMILY_HOUSE,2001–2010,50,2594,MODELLED,https://www.ksh.hu/s/kiserleti-statisztika/kiadvanyok/a-magyar-lakasallomany-primerenergia-igenyenek-becslese/,2026-08-12,1a312ae2943238c139623ac6595ff9bb0ebe656fd12d2b7ab80739488b527c31
DIST-B02-FAMILY_HOUSE-06-06,SRC-B02-KSH-ENERGY-2025,2022,EKM_9_2023,FAMILY_HOUSE,2001–2010,60,3649,MODELLED,https://www.ksh.hu/s/kiserleti-statisztika/kiadvanyok/a-magyar-lakasallomany-primerenergia-igenyenek-becslese/,2026-08-12,1a312ae2943238c139623ac6595ff9bb0ebe656fd12d2b7ab80739488b527c31
DIST-B02-FAMILY_HOUSE-06-07,SRC-B02-KSH-ENERGY-2025,2022,EKM_9_2023,FAMILY_HOUSE,2001–2010,70,4751,MODELLED,https://www.ksh.hu/s/kiserleti-statisztika/kiadvanyok/a-magyar-lakasallomany-primerenergia-igenyenek-becslese/,2026-08-12,1a312ae2943238c139623ac6595ff9bb0ebe656fd12d2b7ab80739488b527c31
DIST-B02-FAMILY_HOUSE-06-08,SRC-B02-KSH-ENERGY-2025,2022,EKM_9_2023,FAMILY_HOUSE,2001–2010,80,4926,MODELLED,https://www.ksh.hu/s/kiserleti-statisztika/kiadvanyok/a-magyar-lakasallomany-primerenergia-igenyenek-becslese/,2026-08-12,1a312ae2943238c139623ac6595ff9bb0ebe656fd12d2b7ab80739488b527c31
DIST-B02-FAMILY_HOUSE-06-09,SRC-B02-KSH-ENERGY-2025,2022,EKM_9_2023,FAMILY_HOUSE,2001–2010,90,5452,MODELLED,https://www.ksh.hu/s/kiserleti-statisztika/kiadvanyok/a-magyar-lakasallomany-primerenergia-igenyenek-becslese/,2026-08-12,1a312ae2943238c139623ac6595ff9bb0ebe656fd12d2b7ab80739488b527c31
DIST-B02-FAMILY_HOUSE-06-10,SRC-B02-KSH-ENERGY-2025,2022,EKM_9_2023,FAMILY_HOUSE,2001–2010,100,5144,MODELLED,https://www.ksh.hu/s/kiserleti-statisztika/kiadvanyok/a-magyar-lakasallomany-primerenergia-igenyenek-becslese/,2026-08-12,1a312ae2943238c139623ac6595ff9bb0ebe656fd12d2b7ab80739488b527c31
DIST-B02-FAMILY_HOUSE-06-11,SRC-B02-KSH-ENERGY-2025,2022,EKM_9_2023,FAMILY_HOUSE,2001–2010,110,5398,MODELLED,https://www.ksh.hu/s/kiserleti-statisztika/kiadvanyok/a-magyar-lakasallomany-primerenergia-igenyenek-becslese/,2026-08-12,1a312ae2943238c139623ac6595ff9bb0ebe656fd12d2b7ab80739488b527c31
DIST-B02-FAMILY_HOUSE-06-12,SRC-B02-KSH-ENERGY-2025,2022,EKM_9_2023,FAMILY_HOUSE,2001–2010,120,8652,MODELLED,https://www.ksh.hu/s/kiserleti-statisztika/kiadvanyok/a-magyar-lakasallomany-primerenergia-igenyenek-becslese/,2026-08-12,1a312ae2943238c139623ac6595ff9bb0ebe656fd12d2b7ab80739488b527c31
DIST-B02-FAMILY_HOUSE-06-13,SRC-B02-KSH-ENERGY-2025,2022,EKM_9_2023,FAMILY_HOUSE,2001–2010,130,12979,MODELLED,https://www.ksh.hu/s/kiserleti-statisztika/kiadvanyok/a-magyar-lakasallomany-primerenergia-igenyenek-becslese/,2026-08-12,1a312ae2943238c139623ac6595ff9bb0ebe656fd12d2b7ab80739488b527c31
DIST-B02-FAMILY_HOUSE-06-14,SRC-B02-KSH-ENERGY-2025,2022,EKM_9_2023,FAMILY_HOUSE,2001–2010,140,17058,MODELLED,https://www.ksh.hu/s/kiserleti-statisztika/kiadvanyok/a-magyar-lakasallomany-primerenergia-igenyenek-becslese/,2026-08-12,1a312ae2943238c139623ac6595ff9bb0ebe656fd12d2b7ab80739488b527c31
DIST-B02-FAMILY_HOUSE-06-15,SRC-B02-KSH-ENERGY-2025,2022,EKM_9_2023,FAMILY_HOUSE,2001–2010,150,20284,MODELLED,https://www.ksh.hu/s/kiserleti-statisztika/kiadvanyok/a-magyar-lakasallomany-primerenergia-igenyenek-becslese/,2026-08-12,1a312ae2943238c139623ac6595ff9bb0ebe656fd12d2b7ab80739488b527c31
DIST-B02-FAMILY_HOUSE-06-16,SRC-B02-KSH-ENERGY-2025,2022,EKM_9_2023,FAMILY_HOUSE,2001–2010,160,21976,MODELLED,https://www.ksh.hu/s/kiserleti-statisztika/kiadvanyok/a-magyar-lakasallomany-primerenergia-igenyenek-becslese/,2026-08-12,1a312ae2943238c139623ac6595ff9bb0ebe656fd12d2b7ab80739488b527c31
DIST-B02-FAMILY_HOUSE-06-17,SRC-B02-KSH-ENERGY-2025,2022,EKM_9_2023,FAMILY_HOUSE,2001–2010,170,20389,MODELLED,https://www.ksh.hu/s/kiserleti-statisztika/kiadvanyok/a-magyar-lakasallomany-primerenergia-igenyenek-becslese/,2026-08-12,1a312ae2943238c139623ac6595ff9bb0ebe656fd12d2b7ab80739488b527c31
DIST-B02-FAMILY_HOUSE-06-18,SRC-B02-KSH-ENERGY-2025,2022,EKM_9_2023,FAMILY_HOUSE,2001–2010,180,17208,MODELLED,https://www.ksh.hu/s/kiserleti-statisztika/kiadvanyok/a-magyar-lakasallomany-primerenergia-igenyenek-becslese/,2026-08-12,1a312ae2943238c139623ac6595ff9bb0ebe656fd12d2b7ab80739488b527c31
DIST-B02-FAMILY_HOUSE-06-19,SRC-B02-KSH-ENERGY-2025,2022,EKM_9_2023,FAMILY_HOUSE,2001–2010,190,14822,MODELLED,https://www.ksh.hu/s/kiserleti-statisztika/kiadvanyok/a-magyar-lakasallomany-primerenergia-igenyenek-becslese/,2026-08-12,1a312ae2943238c139623ac6595ff9bb0ebe656fd12d2b7ab80739488b527c31
DIST-B02-FAMILY_HOUSE-06-20,SRC-B02-KSH-ENERGY-2025,2022,EKM_9_2023,FAMILY_HOUSE,2001–2010,200,12312,MODELLED,https://www.ksh.hu/s/kiserleti-statisztika/kiadvanyok/a-magyar-lakasallomany-primerenergia-igenyenek-becslese/,2026-08-12,1a312ae2943238c139623ac6595ff9bb0ebe656fd12d2b7ab80739488b527c31
DIST-B02-FAMILY_HOUSE-06-21,SRC-B02-KSH-ENERGY-2025,2022,EKM_9_2023,FAMILY_HOUSE,2001–2010,210,10511,MODELLED,https://www.ksh.hu/s/kiserleti-statisztika/kiadvanyok/a-magyar-lakasallomany-primerenergia-igenyenek-becslese/,2026-08-12,1a312ae2943238c139623ac6595ff9bb0ebe656fd12d2b7ab80739488b527c31
DIST-B02-FAMILY_HOUSE-06-22,SRC-B02-KSH-ENERGY-2025,2022,EKM_9_2023,FAMILY_HOUSE,2001–2010,220,8300,MODELLED,https://www.ksh.hu/s/kiserleti-statisztika/kiadvanyok/a-magyar-lakasallomany-primerenergia-igenyenek-becslese/,2026-08-12,1a312ae2943238c139623ac6595ff9bb0ebe656fd12d2b7ab80739488b527c31
DIST-B02-FAMILY_HOUSE-06-23,SRC-B02-KSH-ENERGY-2025,2022,EKM_9_2023,FAMILY_HOUSE,2001–2010,230,6859,MODELLED,https://www.ksh.hu/s/kiserleti-statisztika/kiadvanyok/a-magyar-lakasallomany-primerenergia-igenyenek-becslese/,2026-08-12,1a312ae2943238c139623ac6595ff9bb0ebe656fd12d2b7ab80739488b527c31
DIST-B02-FAMILY_HOUSE-06-24,SRC-B02-KSH-ENERGY-2025,2022,EKM_9_2023,FAMILY_HOUSE,2001–2010,240,5680,MODELLED,https://www.ksh.hu/s/kiserleti-statisztika/kiadvanyok/a-magyar-lakasallomany-primerenergia-igenyenek-becslese/,2026-08-12,1a312ae2943238c139623ac6595ff9bb0ebe656fd12d2b7ab80739488b527c31
DIST-B02-FAMILY_HOUSE-06-25,SRC-B02-KSH-ENERGY-2025,2022,EKM_9_2023,FAMILY_HOUSE,2001–2010,250,4836,MODELLED,https://www.ksh.hu/s/kiserleti-statisztika/kiadvanyok/a-magyar-lakasallomany-primerenergia-igenyenek-becslese/,2026-08-12,1a312ae2943238c139623ac6595ff9bb0ebe656fd12d2b7ab80739488b527c31
DIST-B02-FAMILY_HOUSE-06-26,SRC-B02-KSH-ENERGY-2025,2022,EKM_9_2023,FAMILY_HOUSE,2001–2010,260,4078,MODELLED,https://www.ksh.hu/s/kiserleti-statisztika/kiadvanyok/a-magyar-lakasallomany-primerenergia-igenyenek-becslese/,2026-08-12,1a312ae2943238c139623ac6595ff9bb0ebe656fd12d2b7ab80739488b527c31
DIST-B02-FAMILY_HOUSE-06-27,SRC-B02-KSH-ENERGY-2025,2022,EKM_9_2023,FAMILY_HOUSE,2001–2010,270,3412,MODELLED,https://www.ksh.hu/s/kiserleti-statisztika/kiadvanyok/a-magyar-lakasallomany-primerenergia-igenyenek-becslese/,2026-08-12,1a312ae2943238c139623ac6595ff9bb0ebe656fd12d2b7ab80739488b527c31
DIST-B02-FAMILY_HOUSE-06-28,SRC-B02-KSH-ENERGY-2025,2022,EKM_9_2023,FAMILY_HOUSE,2001–2010,280,3039,MODELLED,https://www.ksh.hu/s/kiserleti-statisztika/kiadvanyok/a-magyar-lakasallomany-primerenergia-igenyenek-becslese/,2026-08-12,1a312ae2943238c139623ac6595ff9bb0ebe656fd12d2b7ab80739488b527c31
DIST-B02-FAMILY_HOUSE-06-29,SRC-B02-KSH-ENERGY-2025,2022,EKM_9_2023,FAMILY_HOUSE,2001–2010,290,2874,MODELLED,https://www.ksh.hu/s/kiserleti-statisztika/kiadvanyok/a-magyar-lakasallomany-primerenergia-igenyenek-becslese/,2026-08-12,1a312ae2943238c139623ac6595ff9bb0ebe656fd12d2b7ab80739488b527c31
DIST-B02-FAMILY_HOUSE-06-30,SRC-B02-KSH-ENERGY-2025,2022,EKM_9_2023,FAMILY_HOUSE,2001–2010,300,2594,MODELLED,https://www.ksh.hu/s/kiserleti-statisztika/kiadvanyok/a-magyar-lakasallomany-primerenergia-igenyenek-becslese/,2026-08-12,1a312ae2943238c139623ac6595ff9bb0ebe656fd12d2b7ab80739488b527c31
DIST-B02-FAMILY_HOUSE-06-31,SRC-B02-KSH-ENERGY-2025,2022,EKM_9_2023,FAMILY_HOUSE,2001–2010,310,2307,MODELLED,https://www.ksh.hu/s/kiserleti-statisztika/kiadvanyok/a-magyar-lakasallomany-primerenergia-igenyenek-becslese/,2026-08-12,1a312ae2943238c139623ac6595ff9bb0ebe656fd12d2b7ab80739488b527c31
DIST-B02-FAMILY_HOUSE-06-32,SRC-B02-KSH-ENERGY-2025,2022,EKM_9_2023,FAMILY_HOUSE,2001–2010,320,2281,MODELLED,https://www.ksh.hu/s/kiserleti-statisztika/kiadvanyok/a-magyar-lakasallomany-primerenergia-igenyenek-becslese/,2026-08-12,1a312ae2943238c139623ac6595ff9bb0ebe656fd12d2b7ab80739488b527c31
DIST-B02-FAMILY_HOUSE-06-33,SRC-B02-KSH-ENERGY-2025,2022,EKM_9_2023,FAMILY_HOUSE,2001–2010,330,1899,MODELLED,https://www.ksh.hu/s/kiserleti-statisztika/kiadvanyok/a-magyar-lakasallomany-primerenergia-igenyenek-becslese/,2026-08-12,1a312ae2943238c139623ac6595ff9bb0ebe656fd12d2b7ab80739488b527c31
DIST-B02-FAMILY_HOUSE-06-34,SRC-B02-KSH-ENERGY-2025,2022,EKM_9_2023,FAMILY_HOUSE,2001–2010,340,1662,MODELLED,https://www.ksh.hu/s/kiserleti-statisztika/kiadvanyok/a-magyar-lakasallomany-primerenergia-igenyenek-becslese/,2026-08-12,1a312ae2943238c139623ac6595ff9bb0ebe656fd12d2b7ab80739488b527c31
DIST-B02-FAMILY_HOUSE-06-35,SRC-B02-KSH-ENERGY-2025,2022,EKM_9_2023,FAMILY_HOUSE,2001–2010,350,1343,MODELLED,https://www.ksh.hu/s/kiserleti-statisztika/kiadvanyok/a-magyar-lakasallomany-primerenergia-igenyenek-becslese/,2026-08-12,1a312ae2943238c139623ac6595ff9bb0ebe656fd12d2b7ab80739488b527c31
DIST-B02-FAMILY_HOUSE-06-36,SRC-B02-KSH-ENERGY-2025,2022,EKM_9_2023,FAMILY_HOUSE,2001–2010,360,1096,MODELLED,https://www.ksh.hu/s/kiserleti-statisztika/kiadvanyok/a-magyar-lakasallomany-primerenergia-igenyenek-becslese/,2026-08-12,1a312ae2943238c139623ac6595ff9bb0ebe656fd12d2b7ab80739488b527c31
DIST-B02-FAMILY_HOUSE-06-37,SRC-B02-KSH-ENERGY-2025,2022,EKM_9_2023,FAMILY_HOUSE,2001–2010,370,905,MODELLED,https://www.ksh.hu/s/kiserleti-statisztika/kiadvanyok/a-magyar-lakasallomany-primerenergia-igenyenek-becslese/,2026-08-12,1a312ae2943238c139623ac6595ff9bb0ebe656fd12d2b7ab80739488b527c31
DIST-B02-FAMILY_HOUSE-06-38,SRC-B02-KSH-ENERGY-2025,2022,EKM_9_2023,FAMILY_HOUSE,2001–2010,380,738,MODELLED,https://www.ksh.hu/s/kiserleti-statisztika/kiadvanyok/a-magyar-lakasallomany-primerenergia-igenyenek-becslese/,2026-08-12,1a312ae2943238c139623ac6595ff9bb0ebe656fd12d2b7ab80739488b527c31
DIST-B02-FAMILY_HOUSE-06-39,SRC-B02-KSH-ENERGY-2025,2022,EKM_9_2023,FAMILY_HOUSE,2001–2010,390,515,MODELLED,https://www.ksh.hu/s/kiserleti-statisztika/kiadvanyok/a-magyar-lakasallomany-primerenergia-igenyenek-becslese/,2026-08-12,1a312ae2943238c139623ac6595ff9bb0ebe656fd12d2b7ab80739488b527c31
DIST-B02-FAMILY_HOUSE-06-40,SRC-B02-KSH-ENERGY-2025,2022,EKM_9_2023,FAMILY_HOUSE,2001–2010,400,490,MODELLED,https://www.ksh.hu/s/kiserleti-statisztika/kiadvanyok/a-magyar-lakasallomany-primerenergia-igenyenek-becslese/,2026-08-12,1a312ae2943238c139623ac6595ff9bb0ebe656fd12d2b7ab80739488b527c31
DIST-B02-FAMILY_HOUSE-06-41,SRC-B02-KSH-ENERGY-2025,2022,EKM_9_2023,FAMILY_HOUSE,2001–2010,410,335,MODELLED,https://www.ksh.hu/s/kiserleti-statisztika/kiadvanyok/a-magyar-lakasallomany-primerenergia-igenyenek-becslese/,2026-08-12,1a312ae2943238c139623ac6595ff9bb0ebe656fd12d2b7ab80739488b527c31
DIST-B02-FAMILY_HOUSE-06-42,SRC-B02-KSH-ENERGY-2025,2022,EKM_9_2023,FAMILY_HOUSE,2001–2010,420,285,MODELLED,https://www.ksh.hu/s/kiserleti-statisztika/kiadvanyok/a-magyar-lakasallomany-primerenergia-igenyenek-becslese/,2026-08-12,1a312ae2943238c139623ac6595ff9bb0ebe656fd12d2b7ab80739488b527c31
DIST-B02-FAMILY_HOUSE-06-43,SRC-B02-KSH-ENERGY-2025,2022,EKM_9_2023,FAMILY_HOUSE,2001–2010,430,204,MODELLED,https://www.ksh.hu/s/kiserleti-statisztika/kiadvanyok/a-magyar-lakasallomany-primerenergia-igenyenek-becslese/,2026-08-12,1a312ae2943238c139623ac6595ff9bb0ebe656fd12d2b7ab80739488b527c31
DIST-B02-FAMILY_HOUSE-06-44,SRC-B02-KSH-ENERGY-2025,2022,EKM_9_2023,FAMILY_HOUSE,2001–2010,440,183,MODELLED,https://www.ksh.hu/s/kiserleti-statisztika/kiadvanyok/a-magyar-lakasallomany-primerenergia-igenyenek-becslese/,2026-08-12,1a312ae2943238c139623ac6595ff9bb0ebe656fd12d2b7ab80739488b527c31
DIST-B02-FAMILY_HOUSE-06-45,SRC-B02-KSH-ENERGY-2025,2022,EKM_9_2023,FAMILY_HOUSE,2001–2010,450,140,MODELLED,https://www.ksh.hu/s/kiserleti-statisztika/kiadvanyok/a-magyar-lakasallomany-primerenergia-igenyenek-becslese/,2026-08-12,1a312ae2943238c139623ac6595ff9bb0ebe656fd12d2b7ab80739488b527c31
DIST-B02-FAMILY_HOUSE-06-46,SRC-B02-KSH-ENERGY-2025,2022,EKM_9_2023,FAMILY_HOUSE,2001–2010,460,74,MODELLED,https://www.ksh.hu/s/kiserleti-statisztika/kiadvanyok/a-magyar-lakasallomany-primerenergia-igenyenek-becslese/,2026-08-12,1a312ae2943238c139623ac6595ff9bb0ebe656fd12d2b7ab80739488b527c31
DIST-B02-FAMILY_HOUSE-06-47,SRC-B02-KSH-ENERGY-2025,2022,EKM_9_2023,FAMILY_HOUSE,2001–2010,470,68,MODELLED,https://www.ksh.hu/s/kiserleti-statisztika/kiadvanyok/a-magyar-lakasallomany-primerenergia-igenyenek-becslese/,2026-08-12,1a312ae2943238c139623ac6595ff9bb0ebe656fd12d2b7ab80739488b527c31
DIST-B02-FAMILY_HOUSE-06-48,SRC-B02-KSH-ENERGY-2025,2022,EKM_9_2023,FAMILY_HOUSE,2001–2010,480,56,MODELLED,https://www.ksh.hu/s/kiserleti-statisztika/kiadvanyok/a-magyar-lakasallomany-primerenergia-igenyenek-becslese/,2026-08-12,1a312ae2943238c139623ac6595ff9bb0ebe656fd12d2b7ab80739488b527c31
DIST-B02-FAMILY_HOUSE-06-49,SRC-B02-KSH-ENERGY-2025,2022,EKM_9_2023,FAMILY_HOUSE,2001–2010,490,48,MODELLED,https://www.ksh.hu/s/kiserleti-statisztika/kiadvanyok/a-magyar-lakasallomany-primerenergia-igenyenek-becslese/,2026-08-12,1a312ae2943238c139623ac6595ff9bb0ebe656fd12d2b7ab80739488b527c31
DIST-B02-FAMILY_HOUSE-06-50,SRC-B02-KSH-ENERGY-2025,2022,EKM_9_2023,FAMILY_HOUSE,2001–2010,500,48,MODELLED,https://www.ksh.hu/s/kiserleti-statisztika/kiadvanyok/a-magyar-lakasallomany-primerenergia-igenyenek-becslese/,2026-08-12,1a312ae2943238c139623ac6595ff9bb0ebe656fd12d2b7ab80739488b527c31
DIST-B02-FAMILY_HOUSE-06-51,SRC-B02-KSH-ENERGY-2025,2022,EKM_9_2023,FAMILY_HOUSE,2001–2010,510,18,MODELLED,https://www.ksh.hu/s/kiserleti-statisztika/kiadvanyok/a-magyar-lakasallomany-primerenergia-igenyenek-becslese/,2026-08-12,1a312ae2943238c139623ac6595ff9bb0ebe656fd12d2b7ab80739488b527c31
DIST-B02-FAMILY_HOUSE-06-52,SRC-B02-KSH-ENERGY-2025,2022,EKM_9_2023,FAMILY_HOUSE,2001–2010,520,22,MODELLED,https://www.ksh.hu/s/kiserleti-statisztika/kiadvanyok/a-magyar-lakasallomany-primerenergia-igenyenek-becslese/,2026-08-12,1a312ae2943238c139623ac6595ff9bb0ebe656fd12d2b7ab80739488b527c31
DIST-B02-FAMILY_HOUSE-06-53,SRC-B02-KSH-ENERGY-2025,2022,EKM_9_2023,FAMILY_HOUSE,2001–2010,530,20,MODELLED,https://www.ksh.hu/s/kiserleti-statisztika/kiadvanyok/a-magyar-lakasallomany-primerenergia-igenyenek-becslese/,2026-08-12,1a312ae2943238c139623ac6595ff9bb0ebe656fd12d2b7ab80739488b527c31
DIST-B02-FAMILY_HOUSE-06-54,SRC-B02-KSH-ENERGY-2025,2022,EKM_9_2023,FAMILY_HOUSE,2001–2010,540,12,MODELLED,https://www.ksh.hu/s/kiserleti-statisztika/kiadvanyok/a-magyar-lakasallomany-primerenergia-igenyenek-becslese/,2026-08-12,1a312ae2943238c139623ac6595ff9bb0ebe656fd12d2b7ab80739488b527c31
DIST-B02-FAMILY_HOUSE-06-55,SRC-B02-KSH-ENERGY-2025,2022,EKM_9_2023,FAMILY_HOUSE,2001–2010,550,16,MODELLED,https://www.ksh.hu/s/kiserleti-statisztika/kiadvanyok/a-magyar-lakasallomany-primerenergia-igenyenek-becslese/,2026-08-12,1a312ae2943238c139623ac6595ff9bb0ebe656fd12d2b7ab80739488b527c31
DIST-B02-FAMILY_HOUSE-06-56,SRC-B02-KSH-ENERGY-2025,2022,EKM_9_2023,FAMILY_HOUSE,2001–2010,560,6,MODELLED,https://www.ksh.hu/s/kiserleti-statisztika/kiadvanyok/a-magyar-lakasallomany-primerenergia-igenyenek-becslese/,2026-08-12,1a312ae2943238c139623ac6595ff9bb0ebe656fd12d2b7ab80739488b527c31
DIST-B02-FAMILY_HOUSE-06-57,SRC-B02-KSH-ENERGY-2025,2022,EKM_9_2023,FAMILY_HOUSE,2001–2010,570,3,MODELLED,https://www.ksh.hu/s/kiserleti-statisztika/kiadvanyok/a-magyar-lakasallomany-primerenergia-igenyenek-becslese/,2026-08-12,1a312ae2943238c139623ac6595ff9bb0ebe656fd12d2b7ab80739488b527c31
DIST-B02-FAMILY_HOUSE-06-58,SRC-B02-KSH-ENERGY-2025,2022,EKM_9_2023,FAMILY_HOUSE,2001–2010,580,6,MODELLED,https://www.ksh.hu/s/kiserleti-statisztika/kiadvanyok/a-magyar-lakasallomany-primerenergia-igenyenek-becslese/,2026-08-12,1a312ae2943238c139623ac6595ff9bb0ebe656fd12d2b7ab80739488b527c31
DIST-B02-FAMILY_HOUSE-06-59,SRC-B02-KSH-ENERGY-2025,2022,EKM_9_2023,FAMILY_HOUSE,2001–2010,590,6,MODELLED,https://www.ksh.hu/s/kiserleti-statisztika/kiadvanyok/a-magyar-lakasallomany-primerenergia-igenyenek-becslese/,2026-08-12,1a312ae2943238c139623ac6595ff9bb0ebe656fd12d2b7ab80739488b527c31
DIST-B02-FAMILY_HOUSE-07-01,SRC-B02-KSH-ENERGY-2025,2022,EKM_9_2023,FAMILY_HOUSE,2011–2015,10,107,MODELLED,https://www.ksh.hu/s/kiserleti-statisztika/kiadvanyok/a-magyar-lakasallomany-primerenergia-igenyenek-becslese/,2026-08-12,1a312ae2943238c139623ac6595ff9bb0ebe656fd12d2b7ab80739488b527c31
DIST-B02-FAMILY_HOUSE-07-02,SRC-B02-KSH-ENERGY-2025,2022,EKM_9_2023,FAMILY_HOUSE,2011–2015,20,184,MODELLED,https://www.ksh.hu/s/kiserleti-statisztika/kiadvanyok/a-magyar-lakasallomany-primerenergia-igenyenek-becslese/,2026-08-12,1a312ae2943238c139623ac6595ff9bb0ebe656fd12d2b7ab80739488b527c31
DIST-B02-FAMILY_HOUSE-07-03,SRC-B02-KSH-ENERGY-2025,2022,EKM_9_2023,FAMILY_HOUSE,2011–2015,30,286,MODELLED,https://www.ksh.hu/s/kiserleti-statisztika/kiadvanyok/a-magyar-lakasallomany-primerenergia-igenyenek-becslese/,2026-08-12,1a312ae2943238c139623ac6595ff9bb0ebe656fd12d2b7ab80739488b527c31
DIST-B02-FAMILY_HOUSE-07-04,SRC-B02-KSH-ENERGY-2025,2022,EKM_9_2023,FAMILY_HOUSE,2011–2015,40,455,MODELLED,https://www.ksh.hu/s/kiserleti-statisztika/kiadvanyok/a-magyar-lakasallomany-primerenergia-igenyenek-becslese/,2026-08-12,1a312ae2943238c139623ac6595ff9bb0ebe656fd12d2b7ab80739488b527c31
DIST-B02-FAMILY_HOUSE-07-05,SRC-B02-KSH-ENERGY-2025,2022,EKM_9_2023,FAMILY_HOUSE,2011–2015,50,651,MODELLED,https://www.ksh.hu/s/kiserleti-statisztika/kiadvanyok/a-magyar-lakasallomany-primerenergia-igenyenek-becslese/,2026-08-12,1a312ae2943238c139623ac6595ff9bb0ebe656fd12d2b7ab80739488b527c31
DIST-B02-FAMILY_HOUSE-07-06,SRC-B02-KSH-ENERGY-2025,2022,EKM_9_2023,FAMILY_HOUSE,2011–2015,60,1131,MODELLED,https://www.ksh.hu/s/kiserleti-statisztika/kiadvanyok/a-magyar-lakasallomany-primerenergia-igenyenek-becslese/,2026-08-12,1a312ae2943238c139623ac6595ff9bb0ebe656fd12d2b7ab80739488b527c31
DIST-B02-FAMILY_HOUSE-07-07,SRC-B02-KSH-ENERGY-2025,2022,EKM_9_2023,FAMILY_HOUSE,2011–2015,70,1256,MODELLED,https://www.ksh.hu/s/kiserleti-statisztika/kiadvanyok/a-magyar-lakasallomany-primerenergia-igenyenek-becslese/,2026-08-12,1a312ae2943238c139623ac6595ff9bb0ebe656fd12d2b7ab80739488b527c31
DIST-B02-FAMILY_HOUSE-07-08,SRC-B02-KSH-ENERGY-2025,2022,EKM_9_2023,FAMILY_HOUSE,2011–2015,80,1276,MODELLED,https://www.ksh.hu/s/kiserleti-statisztika/kiadvanyok/a-magyar-lakasallomany-primerenergia-igenyenek-becslese/,2026-08-12,1a312ae2943238c139623ac6595ff9bb0ebe656fd12d2b7ab80739488b527c31
DIST-B02-FAMILY_HOUSE-07-09,SRC-B02-KSH-ENERGY-2025,2022,EKM_9_2023,FAMILY_HOUSE,2011–2015,90,1130,MODELLED,https://www.ksh.hu/s/kiserleti-statisztika/kiadvanyok/a-magyar-lakasallomany-primerenergia-igenyenek-becslese/,2026-08-12,1a312ae2943238c139623ac6595ff9bb0ebe656fd12d2b7ab80739488b527c31
DIST-B02-FAMILY_HOUSE-07-10,SRC-B02-KSH-ENERGY-2025,2022,EKM_9_2023,FAMILY_HOUSE,2011–2015,100,964,MODELLED,https://www.ksh.hu/s/kiserleti-statisztika/kiadvanyok/a-magyar-lakasallomany-primerenergia-igenyenek-becslese/,2026-08-12,1a312ae2943238c139623ac6595ff9bb0ebe656fd12d2b7ab80739488b527c31
DIST-B02-FAMILY_HOUSE-07-11,SRC-B02-KSH-ENERGY-2025,2022,EKM_9_2023,FAMILY_HOUSE,2011–2015,110,1150,MODELLED,https://www.ksh.hu/s/kiserleti-statisztika/kiadvanyok/a-magyar-lakasallomany-primerenergia-igenyenek-becslese/,2026-08-12,1a312ae2943238c139623ac6595ff9bb0ebe656fd12d2b7ab80739488b527c31
DIST-B02-FAMILY_HOUSE-07-12,SRC-B02-KSH-ENERGY-2025,2022,EKM_9_2023,FAMILY_HOUSE,2011–2015,120,1706,MODELLED,https://www.ksh.hu/s/kiserleti-statisztika/kiadvanyok/a-magyar-lakasallomany-primerenergia-igenyenek-becslese/,2026-08-12,1a312ae2943238c139623ac6595ff9bb0ebe656fd12d2b7ab80739488b527c31
DIST-B02-FAMILY_HOUSE-07-13,SRC-B02-KSH-ENERGY-2025,2022,EKM_9_2023,FAMILY_HOUSE,2011–2015,130,2556,MODELLED,https://www.ksh.hu/s/kiserleti-statisztika/kiadvanyok/a-magyar-lakasallomany-primerenergia-igenyenek-becslese/,2026-08-12,1a312ae2943238c139623ac6595ff9bb0ebe656fd12d2b7ab80739488b527c31
DIST-B02-FAMILY_HOUSE-07-14,SRC-B02-KSH-ENERGY-2025,2022,EKM_9_2023,FAMILY_HOUSE,2011–2015,140,3418,MODELLED,https://www.ksh.hu/s/kiserleti-statisztika/kiadvanyok/a-magyar-lakasallomany-primerenergia-igenyenek-becslese/,2026-08-12,1a312ae2943238c139623ac6595ff9bb0ebe656fd12d2b7ab80739488b527c31
DIST-B02-FAMILY_HOUSE-07-15,SRC-B02-KSH-ENERGY-2025,2022,EKM_9_2023,FAMILY_HOUSE,2011–2015,150,3871,MODELLED,https://www.ksh.hu/s/kiserleti-statisztika/kiadvanyok/a-magyar-lakasallomany-primerenergia-igenyenek-becslese/,2026-08-12,1a312ae2943238c139623ac6595ff9bb0ebe656fd12d2b7ab80739488b527c31
DIST-B02-FAMILY_HOUSE-07-16,SRC-B02-KSH-ENERGY-2025,2022,EKM_9_2023,FAMILY_HOUSE,2011–2015,160,3791,MODELLED,https://www.ksh.hu/s/kiserleti-statisztika/kiadvanyok/a-magyar-lakasallomany-primerenergia-igenyenek-becslese/,2026-08-12,1a312ae2943238c139623ac6595ff9bb0ebe656fd12d2b7ab80739488b527c31
DIST-B02-FAMILY_HOUSE-07-17,SRC-B02-KSH-ENERGY-2025,2022,EKM_9_2023,FAMILY_HOUSE,2011–2015,170,3395,MODELLED,https://www.ksh.hu/s/kiserleti-statisztika/kiadvanyok/a-magyar-lakasallomany-primerenergia-igenyenek-becslese/,2026-08-12,1a312ae2943238c139623ac6595ff9bb0ebe656fd12d2b7ab80739488b527c31
DIST-B02-FAMILY_HOUSE-07-18,SRC-B02-KSH-ENERGY-2025,2022,EKM_9_2023,FAMILY_HOUSE,2011–2015,180,2860,MODELLED,https://www.ksh.hu/s/kiserleti-statisztika/kiadvanyok/a-magyar-lakasallomany-primerenergia-igenyenek-becslese/,2026-08-12,1a312ae2943238c139623ac6595ff9bb0ebe656fd12d2b7ab80739488b527c31
DIST-B02-FAMILY_HOUSE-07-19,SRC-B02-KSH-ENERGY-2025,2022,EKM_9_2023,FAMILY_HOUSE,2011–2015,190,2341,MODELLED,https://www.ksh.hu/s/kiserleti-statisztika/kiadvanyok/a-magyar-lakasallomany-primerenergia-igenyenek-becslese/,2026-08-12,1a312ae2943238c139623ac6595ff9bb0ebe656fd12d2b7ab80739488b527c31
DIST-B02-FAMILY_HOUSE-07-20,SRC-B02-KSH-ENERGY-2025,2022,EKM_9_2023,FAMILY_HOUSE,2011–2015,200,1952,MODELLED,https://www.ksh.hu/s/kiserleti-statisztika/kiadvanyok/a-magyar-lakasallomany-primerenergia-igenyenek-becslese/,2026-08-12,1a312ae2943238c139623ac6595ff9bb0ebe656fd12d2b7ab80739488b527c31
DIST-B02-FAMILY_HOUSE-07-21,SRC-B02-KSH-ENERGY-2025,2022,EKM_9_2023,FAMILY_HOUSE,2011–2015,210,1723,MODELLED,https://www.ksh.hu/s/kiserleti-statisztika/kiadvanyok/a-magyar-lakasallomany-primerenergia-igenyenek-becslese/,2026-08-12,1a312ae2943238c139623ac6595ff9bb0ebe656fd12d2b7ab80739488b527c31
DIST-B02-FAMILY_HOUSE-07-22,SRC-B02-KSH-ENERGY-2025,2022,EKM_9_2023,FAMILY_HOUSE,2011–2015,220,1369,MODELLED,https://www.ksh.hu/s/kiserleti-statisztika/kiadvanyok/a-magyar-lakasallomany-primerenergia-igenyenek-becslese/,2026-08-12,1a312ae2943238c139623ac6595ff9bb0ebe656fd12d2b7ab80739488b527c31
DIST-B02-FAMILY_HOUSE-07-23,SRC-B02-KSH-ENERGY-2025,2022,EKM_9_2023,FAMILY_HOUSE,2011–2015,230,1047,MODELLED,https://www.ksh.hu/s/kiserleti-statisztika/kiadvanyok/a-magyar-lakasallomany-primerenergia-igenyenek-becslese/,2026-08-12,1a312ae2943238c139623ac6595ff9bb0ebe656fd12d2b7ab80739488b527c31
DIST-B02-FAMILY_HOUSE-07-24,SRC-B02-KSH-ENERGY-2025,2022,EKM_9_2023,FAMILY_HOUSE,2011–2015,240,906,MODELLED,https://www.ksh.hu/s/kiserleti-statisztika/kiadvanyok/a-magyar-lakasallomany-primerenergia-igenyenek-becslese/,2026-08-12,1a312ae2943238c139623ac6595ff9bb0ebe656fd12d2b7ab80739488b527c31
DIST-B02-FAMILY_HOUSE-07-25,SRC-B02-KSH-ENERGY-2025,2022,EKM_9_2023,FAMILY_HOUSE,2011–2015,250,715,MODELLED,https://www.ksh.hu/s/kiserleti-statisztika/kiadvanyok/a-magyar-lakasallomany-primerenergia-igenyenek-becslese/,2026-08-12,1a312ae2943238c139623ac6595ff9bb0ebe656fd12d2b7ab80739488b527c31
DIST-B02-FAMILY_HOUSE-07-26,SRC-B02-KSH-ENERGY-2025,2022,EKM_9_2023,FAMILY_HOUSE,2011–2015,260,598,MODELLED,https://www.ksh.hu/s/kiserleti-statisztika/kiadvanyok/a-magyar-lakasallomany-primerenergia-igenyenek-becslese/,2026-08-12,1a312ae2943238c139623ac6595ff9bb0ebe656fd12d2b7ab80739488b527c31
DIST-B02-FAMILY_HOUSE-07-27,SRC-B02-KSH-ENERGY-2025,2022,EKM_9_2023,FAMILY_HOUSE,2011–2015,270,563,MODELLED,https://www.ksh.hu/s/kiserleti-statisztika/kiadvanyok/a-magyar-lakasallomany-primerenergia-igenyenek-becslese/,2026-08-12,1a312ae2943238c139623ac6595ff9bb0ebe656fd12d2b7ab80739488b527c31
DIST-B02-FAMILY_HOUSE-07-28,SRC-B02-KSH-ENERGY-2025,2022,EKM_9_2023,FAMILY_HOUSE,2011–2015,280,500,MODELLED,https://www.ksh.hu/s/kiserleti-statisztika/kiadvanyok/a-magyar-lakasallomany-primerenergia-igenyenek-becslese/,2026-08-12,1a312ae2943238c139623ac6595ff9bb0ebe656fd12d2b7ab80739488b527c31
DIST-B02-FAMILY_HOUSE-07-29,SRC-B02-KSH-ENERGY-2025,2022,EKM_9_2023,FAMILY_HOUSE,2011–2015,290,473,MODELLED,https://www.ksh.hu/s/kiserleti-statisztika/kiadvanyok/a-magyar-lakasallomany-primerenergia-igenyenek-becslese/,2026-08-12,1a312ae2943238c139623ac6595ff9bb0ebe656fd12d2b7ab80739488b527c31
DIST-B02-FAMILY_HOUSE-07-30,SRC-B02-KSH-ENERGY-2025,2022,EKM_9_2023,FAMILY_HOUSE,2011–2015,300,406,MODELLED,https://www.ksh.hu/s/kiserleti-statisztika/kiadvanyok/a-magyar-lakasallomany-primerenergia-igenyenek-becslese/,2026-08-12,1a312ae2943238c139623ac6595ff9bb0ebe656fd12d2b7ab80739488b527c31
DIST-B02-FAMILY_HOUSE-07-31,SRC-B02-KSH-ENERGY-2025,2022,EKM_9_2023,FAMILY_HOUSE,2011–2015,310,383,MODELLED,https://www.ksh.hu/s/kiserleti-statisztika/kiadvanyok/a-magyar-lakasallomany-primerenergia-igenyenek-becslese/,2026-08-12,1a312ae2943238c139623ac6595ff9bb0ebe656fd12d2b7ab80739488b527c31
DIST-B02-FAMILY_HOUSE-07-32,SRC-B02-KSH-ENERGY-2025,2022,EKM_9_2023,FAMILY_HOUSE,2011–2015,320,323,MODELLED,https://www.ksh.hu/s/kiserleti-statisztika/kiadvanyok/a-magyar-lakasallomany-primerenergia-igenyenek-becslese/,2026-08-12,1a312ae2943238c139623ac6595ff9bb0ebe656fd12d2b7ab80739488b527c31
DIST-B02-FAMILY_HOUSE-07-33,SRC-B02-KSH-ENERGY-2025,2022,EKM_9_2023,FAMILY_HOUSE,2011–2015,330,291,MODELLED,https://www.ksh.hu/s/kiserleti-statisztika/kiadvanyok/a-magyar-lakasallomany-primerenergia-igenyenek-becslese/,2026-08-12,1a312ae2943238c139623ac6595ff9bb0ebe656fd12d2b7ab80739488b527c31
DIST-B02-FAMILY_HOUSE-07-34,SRC-B02-KSH-ENERGY-2025,2022,EKM_9_2023,FAMILY_HOUSE,2011–2015,340,261,MODELLED,https://www.ksh.hu/s/kiserleti-statisztika/kiadvanyok/a-magyar-lakasallomany-primerenergia-igenyenek-becslese/,2026-08-12,1a312ae2943238c139623ac6595ff9bb0ebe656fd12d2b7ab80739488b527c31
DIST-B02-FAMILY_HOUSE-07-35,SRC-B02-KSH-ENERGY-2025,2022,EKM_9_2023,FAMILY_HOUSE,2011–2015,350,269,MODELLED,https://www.ksh.hu/s/kiserleti-statisztika/kiadvanyok/a-magyar-lakasallomany-primerenergia-igenyenek-becslese/,2026-08-12,1a312ae2943238c139623ac6595ff9bb0ebe656fd12d2b7ab80739488b527c31
DIST-B02-FAMILY_HOUSE-07-36,SRC-B02-KSH-ENERGY-2025,2022,EKM_9_2023,FAMILY_HOUSE,2011–2015,360,237,MODELLED,https://www.ksh.hu/s/kiserleti-statisztika/kiadvanyok/a-magyar-lakasallomany-primerenergia-igenyenek-becslese/,2026-08-12,1a312ae2943238c139623ac6595ff9bb0ebe656fd12d2b7ab80739488b527c31
DIST-B02-FAMILY_HOUSE-07-37,SRC-B02-KSH-ENERGY-2025,2022,EKM_9_2023,FAMILY_HOUSE,2011–2015,370,221,MODELLED,https://www.ksh.hu/s/kiserleti-statisztika/kiadvanyok/a-magyar-lakasallomany-primerenergia-igenyenek-becslese/,2026-08-12,1a312ae2943238c139623ac6595ff9bb0ebe656fd12d2b7ab80739488b527c31
DIST-B02-FAMILY_HOUSE-07-38,SRC-B02-KSH-ENERGY-2025,2022,EKM_9_2023,FAMILY_HOUSE,2011–2015,380,194,MODELLED,https://www.ksh.hu/s/kiserleti-statisztika/kiadvanyok/a-magyar-lakasallomany-primerenergia-igenyenek-becslese/,2026-08-12,1a312ae2943238c139623ac6595ff9bb0ebe656fd12d2b7ab80739488b527c31
DIST-B02-FAMILY_HOUSE-07-39,SRC-B02-KSH-ENERGY-2025,2022,EKM_9_2023,FAMILY_HOUSE,2011–2015,390,161,MODELLED,https://www.ksh.hu/s/kiserleti-statisztika/kiadvanyok/a-magyar-lakasallomany-primerenergia-igenyenek-becslese/,2026-08-12,1a312ae2943238c139623ac6595ff9bb0ebe656fd12d2b7ab80739488b527c31
DIST-B02-FAMILY_HOUSE-07-40,SRC-B02-KSH-ENERGY-2025,2022,EKM_9_2023,FAMILY_HOUSE,2011–2015,400,133,MODELLED,https://www.ksh.hu/s/kiserleti-statisztika/kiadvanyok/a-magyar-lakasallomany-primerenergia-igenyenek-becslese/,2026-08-12,1a312ae2943238c139623ac6595ff9bb0ebe656fd12d2b7ab80739488b527c31
DIST-B02-FAMILY_HOUSE-07-41,SRC-B02-KSH-ENERGY-2025,2022,EKM_9_2023,FAMILY_HOUSE,2011–2015,410,121,MODELLED,https://www.ksh.hu/s/kiserleti-statisztika/kiadvanyok/a-magyar-lakasallomany-primerenergia-igenyenek-becslese/,2026-08-12,1a312ae2943238c139623ac6595ff9bb0ebe656fd12d2b7ab80739488b527c31
DIST-B02-FAMILY_HOUSE-07-42,SRC-B02-KSH-ENERGY-2025,2022,EKM_9_2023,FAMILY_HOUSE,2011–2015,420,73,MODELLED,https://www.ksh.hu/s/kiserleti-statisztika/kiadvanyok/a-magyar-lakasallomany-primerenergia-igenyenek-becslese/,2026-08-12,1a312ae2943238c139623ac6595ff9bb0ebe656fd12d2b7ab80739488b527c31
DIST-B02-FAMILY_HOUSE-07-43,SRC-B02-KSH-ENERGY-2025,2022,EKM_9_2023,FAMILY_HOUSE,2011–2015,430,81,MODELLED,https://www.ksh.hu/s/kiserleti-statisztika/kiadvanyok/a-magyar-lakasallomany-primerenergia-igenyenek-becslese/,2026-08-12,1a312ae2943238c139623ac6595ff9bb0ebe656fd12d2b7ab80739488b527c31
DIST-B02-FAMILY_HOUSE-07-44,SRC-B02-KSH-ENERGY-2025,2022,EKM_9_2023,FAMILY_HOUSE,2011–2015,440,36,MODELLED,https://www.ksh.hu/s/kiserleti-statisztika/kiadvanyok/a-magyar-lakasallomany-primerenergia-igenyenek-becslese/,2026-08-12,1a312ae2943238c139623ac6595ff9bb0ebe656fd12d2b7ab80739488b527c31
DIST-B02-FAMILY_HOUSE-07-45,SRC-B02-KSH-ENERGY-2025,2022,EKM_9_2023,FAMILY_HOUSE,2011–2015,450,29,MODELLED,https://www.ksh.hu/s/kiserleti-statisztika/kiadvanyok/a-magyar-lakasallomany-primerenergia-igenyenek-becslese/,2026-08-12,1a312ae2943238c139623ac6595ff9bb0ebe656fd12d2b7ab80739488b527c31
DIST-B02-FAMILY_HOUSE-07-46,SRC-B02-KSH-ENERGY-2025,2022,EKM_9_2023,FAMILY_HOUSE,2011–2015,460,27,MODELLED,https://www.ksh.hu/s/kiserleti-statisztika/kiadvanyok/a-magyar-lakasallomany-primerenergia-igenyenek-becslese/,2026-08-12,1a312ae2943238c139623ac6595ff9bb0ebe656fd12d2b7ab80739488b527c31
DIST-B02-FAMILY_HOUSE-07-47,SRC-B02-KSH-ENERGY-2025,2022,EKM_9_2023,FAMILY_HOUSE,2011–2015,470,20,MODELLED,https://www.ksh.hu/s/kiserleti-statisztika/kiadvanyok/a-magyar-lakasallomany-primerenergia-igenyenek-becslese/,2026-08-12,1a312ae2943238c139623ac6595ff9bb0ebe656fd12d2b7ab80739488b527c31
DIST-B02-FAMILY_HOUSE-07-48,SRC-B02-KSH-ENERGY-2025,2022,EKM_9_2023,FAMILY_HOUSE,2011–2015,480,10,MODELLED,https://www.ksh.hu/s/kiserleti-statisztika/kiadvanyok/a-magyar-lakasallomany-primerenergia-igenyenek-becslese/,2026-08-12,1a312ae2943238c139623ac6595ff9bb0ebe656fd12d2b7ab80739488b527c31
DIST-B02-FAMILY_HOUSE-07-49,SRC-B02-KSH-ENERGY-2025,2022,EKM_9_2023,FAMILY_HOUSE,2011–2015,490,10,MODELLED,https://www.ksh.hu/s/kiserleti-statisztika/kiadvanyok/a-magyar-lakasallomany-primerenergia-igenyenek-becslese/,2026-08-12,1a312ae2943238c139623ac6595ff9bb0ebe656fd12d2b7ab80739488b527c31
DIST-B02-FAMILY_HOUSE-07-50,SRC-B02-KSH-ENERGY-2025,2022,EKM_9_2023,FAMILY_HOUSE,2011–2015,500,2,MODELLED,https://www.ksh.hu/s/kiserleti-statisztika/kiadvanyok/a-magyar-lakasallomany-primerenergia-igenyenek-becslese/,2026-08-12,1a312ae2943238c139623ac6595ff9bb0ebe656fd12d2b7ab80739488b527c31
DIST-B02-FAMILY_HOUSE-07-51,SRC-B02-KSH-ENERGY-2025,2022,EKM_9_2023,FAMILY_HOUSE,2011–2015,510,5,MODELLED,https://www.ksh.hu/s/kiserleti-statisztika/kiadvanyok/a-magyar-lakasallomany-primerenergia-igenyenek-becslese/,2026-08-12,1a312ae2943238c139623ac6595ff9bb0ebe656fd12d2b7ab80739488b527c31
DIST-B02-FAMILY_HOUSE-07-52,SRC-B02-KSH-ENERGY-2025,2022,EKM_9_2023,FAMILY_HOUSE,2011–2015,520,3,MODELLED,https://www.ksh.hu/s/kiserleti-statisztika/kiadvanyok/a-magyar-lakasallomany-primerenergia-igenyenek-becslese/,2026-08-12,1a312ae2943238c139623ac6595ff9bb0ebe656fd12d2b7ab80739488b527c31
DIST-B02-FAMILY_HOUSE-07-53,SRC-B02-KSH-ENERGY-2025,2022,EKM_9_2023,FAMILY_HOUSE,2011–2015,530,4,MODELLED,https://www.ksh.hu/s/kiserleti-statisztika/kiadvanyok/a-magyar-lakasallomany-primerenergia-igenyenek-becslese/,2026-08-12,1a312ae2943238c139623ac6595ff9bb0ebe656fd12d2b7ab80739488b527c31
DIST-B02-FAMILY_HOUSE-07-54,SRC-B02-KSH-ENERGY-2025,2022,EKM_9_2023,FAMILY_HOUSE,2011–2015,540,2,MODELLED,https://www.ksh.hu/s/kiserleti-statisztika/kiadvanyok/a-magyar-lakasallomany-primerenergia-igenyenek-becslese/,2026-08-12,1a312ae2943238c139623ac6595ff9bb0ebe656fd12d2b7ab80739488b527c31
DIST-B02-FAMILY_HOUSE-07-55,SRC-B02-KSH-ENERGY-2025,2022,EKM_9_2023,FAMILY_HOUSE,2011–2015,550,1,MODELLED,https://www.ksh.hu/s/kiserleti-statisztika/kiadvanyok/a-magyar-lakasallomany-primerenergia-igenyenek-becslese/,2026-08-12,1a312ae2943238c139623ac6595ff9bb0ebe656fd12d2b7ab80739488b527c31
DIST-B02-FAMILY_HOUSE-07-56,SRC-B02-KSH-ENERGY-2025,2022,EKM_9_2023,FAMILY_HOUSE,2011–2015,560,1,MODELLED,https://www.ksh.hu/s/kiserleti-statisztika/kiadvanyok/a-magyar-lakasallomany-primerenergia-igenyenek-becslese/,2026-08-12,1a312ae2943238c139623ac6595ff9bb0ebe656fd12d2b7ab80739488b527c31
DIST-B02-FAMILY_HOUSE-07-57,SRC-B02-KSH-ENERGY-2025,2022,EKM_9_2023,FAMILY_HOUSE,2011–2015,570,1,MODELLED,https://www.ksh.hu/s/kiserleti-statisztika/kiadvanyok/a-magyar-lakasallomany-primerenergia-igenyenek-becslese/,2026-08-12,1a312ae2943238c139623ac6595ff9bb0ebe656fd12d2b7ab80739488b527c31
DIST-B02-FAMILY_HOUSE-07-58,SRC-B02-KSH-ENERGY-2025,2022,EKM_9_2023,FAMILY_HOUSE,2011–2015,580,1,MODELLED,https://www.ksh.hu/s/kiserleti-statisztika/kiadvanyok/a-magyar-lakasallomany-primerenergia-igenyenek-becslese/,2026-08-12,1a312ae2943238c139623ac6595ff9bb0ebe656fd12d2b7ab80739488b527c31
DIST-B02-FAMILY_HOUSE-07-59,SRC-B02-KSH-ENERGY-2025,2022,EKM_9_2023,FAMILY_HOUSE,2011–2015,590,2,MODELLED,https://www.ksh.hu/s/kiserleti-statisztika/kiadvanyok/a-magyar-lakasallomany-primerenergia-igenyenek-becslese/,2026-08-12,1a312ae2943238c139623ac6595ff9bb0ebe656fd12d2b7ab80739488b527c31
DIST-B02-FAMILY_HOUSE-08-01,SRC-B02-KSH-ENERGY-2025,2022,EKM_9_2023,FAMILY_HOUSE,2016–2022,10,492,MODELLED,https://www.ksh.hu/s/kiserleti-statisztika/kiadvanyok/a-magyar-lakasallomany-primerenergia-igenyenek-becslese/,2026-08-12,1a312ae2943238c139623ac6595ff9bb0ebe656fd12d2b7ab80739488b527c31
DIST-B02-FAMILY_HOUSE-08-02,SRC-B02-KSH-ENERGY-2025,2022,EKM_9_2023,FAMILY_HOUSE,2016–2022,20,900,MODELLED,https://www.ksh.hu/s/kiserleti-statisztika/kiadvanyok/a-magyar-lakasallomany-primerenergia-igenyenek-becslese/,2026-08-12,1a312ae2943238c139623ac6595ff9bb0ebe656fd12d2b7ab80739488b527c31
DIST-B02-FAMILY_HOUSE-08-03,SRC-B02-KSH-ENERGY-2025,2022,EKM_9_2023,FAMILY_HOUSE,2016–2022,30,1205,MODELLED,https://www.ksh.hu/s/kiserleti-statisztika/kiadvanyok/a-magyar-lakasallomany-primerenergia-igenyenek-becslese/,2026-08-12,1a312ae2943238c139623ac6595ff9bb0ebe656fd12d2b7ab80739488b527c31
DIST-B02-FAMILY_HOUSE-08-04,SRC-B02-KSH-ENERGY-2025,2022,EKM_9_2023,FAMILY_HOUSE,2016–2022,40,1604,MODELLED,https://www.ksh.hu/s/kiserleti-statisztika/kiadvanyok/a-magyar-lakasallomany-primerenergia-igenyenek-becslese/,2026-08-12,1a312ae2943238c139623ac6595ff9bb0ebe656fd12d2b7ab80739488b527c31
DIST-B02-FAMILY_HOUSE-08-05,SRC-B02-KSH-ENERGY-2025,2022,EKM_9_2023,FAMILY_HOUSE,2016–2022,50,2307,MODELLED,https://www.ksh.hu/s/kiserleti-statisztika/kiadvanyok/a-magyar-lakasallomany-primerenergia-igenyenek-becslese/,2026-08-12,1a312ae2943238c139623ac6595ff9bb0ebe656fd12d2b7ab80739488b527c31
DIST-B02-FAMILY_HOUSE-08-06,SRC-B02-KSH-ENERGY-2025,2022,EKM_9_2023,FAMILY_HOUSE,2016–2022,60,3628,MODELLED,https://www.ksh.hu/s/kiserleti-statisztika/kiadvanyok/a-magyar-lakasallomany-primerenergia-igenyenek-becslese/,2026-08-12,1a312ae2943238c139623ac6595ff9bb0ebe656fd12d2b7ab80739488b527c31
DIST-B02-FAMILY_HOUSE-08-07,SRC-B02-KSH-ENERGY-2025,2022,EKM_9_2023,FAMILY_HOUSE,2016–2022,70,4568,MODELLED,https://www.ksh.hu/s/kiserleti-statisztika/kiadvanyok/a-magyar-lakasallomany-primerenergia-igenyenek-becslese/,2026-08-12,1a312ae2943238c139623ac6595ff9bb0ebe656fd12d2b7ab80739488b527c31
DIST-B02-FAMILY_HOUSE-08-08,SRC-B02-KSH-ENERGY-2025,2022,EKM_9_2023,FAMILY_HOUSE,2016–2022,80,4868,MODELLED,https://www.ksh.hu/s/kiserleti-statisztika/kiadvanyok/a-magyar-lakasallomany-primerenergia-igenyenek-becslese/,2026-08-12,1a312ae2943238c139623ac6595ff9bb0ebe656fd12d2b7ab80739488b527c31
DIST-B02-FAMILY_HOUSE-08-09,SRC-B02-KSH-ENERGY-2025,2022,EKM_9_2023,FAMILY_HOUSE,2016–2022,90,5291,MODELLED,https://www.ksh.hu/s/kiserleti-statisztika/kiadvanyok/a-magyar-lakasallomany-primerenergia-igenyenek-becslese/,2026-08-12,1a312ae2943238c139623ac6595ff9bb0ebe656fd12d2b7ab80739488b527c31
DIST-B02-FAMILY_HOUSE-08-10,SRC-B02-KSH-ENERGY-2025,2022,EKM_9_2023,FAMILY_HOUSE,2016–2022,100,7546,MODELLED,https://www.ksh.hu/s/kiserleti-statisztika/kiadvanyok/a-magyar-lakasallomany-primerenergia-igenyenek-becslese/,2026-08-12,1a312ae2943238c139623ac6595ff9bb0ebe656fd12d2b7ab80739488b527c31
DIST-B02-FAMILY_HOUSE-08-11,SRC-B02-KSH-ENERGY-2025,2022,EKM_9_2023,FAMILY_HOUSE,2016–2022,110,12934,MODELLED,https://www.ksh.hu/s/kiserleti-statisztika/kiadvanyok/a-magyar-lakasallomany-primerenergia-igenyenek-becslese/,2026-08-12,1a312ae2943238c139623ac6595ff9bb0ebe656fd12d2b7ab80739488b527c31
DIST-B02-FAMILY_HOUSE-08-12,SRC-B02-KSH-ENERGY-2025,2022,EKM_9_2023,FAMILY_HOUSE,2016–2022,120,15472,MODELLED,https://www.ksh.hu/s/kiserleti-statisztika/kiadvanyok/a-magyar-lakasallomany-primerenergia-igenyenek-becslese/,2026-08-12,1a312ae2943238c139623ac6595ff9bb0ebe656fd12d2b7ab80739488b527c31
DIST-B02-FAMILY_HOUSE-08-13,SRC-B02-KSH-ENERGY-2025,2022,EKM_9_2023,FAMILY_HOUSE,2016–2022,130,10998,MODELLED,https://www.ksh.hu/s/kiserleti-statisztika/kiadvanyok/a-magyar-lakasallomany-primerenergia-igenyenek-becslese/,2026-08-12,1a312ae2943238c139623ac6595ff9bb0ebe656fd12d2b7ab80739488b527c31
DIST-B02-FAMILY_HOUSE-08-14,SRC-B02-KSH-ENERGY-2025,2022,EKM_9_2023,FAMILY_HOUSE,2016–2022,140,7319,MODELLED,https://www.ksh.hu/s/kiserleti-statisztika/kiadvanyok/a-magyar-lakasallomany-primerenergia-igenyenek-becslese/,2026-08-12,1a312ae2943238c139623ac6595ff9bb0ebe656fd12d2b7ab80739488b527c31
DIST-B02-FAMILY_HOUSE-08-15,SRC-B02-KSH-ENERGY-2025,2022,EKM_9_2023,FAMILY_HOUSE,2016–2022,150,5190,MODELLED,https://www.ksh.hu/s/kiserleti-statisztika/kiadvanyok/a-magyar-lakasallomany-primerenergia-igenyenek-becslese/,2026-08-12,1a312ae2943238c139623ac6595ff9bb0ebe656fd12d2b7ab80739488b527c31
DIST-B02-FAMILY_HOUSE-08-16,SRC-B02-KSH-ENERGY-2025,2022,EKM_9_2023,FAMILY_HOUSE,2016–2022,160,3529,MODELLED,https://www.ksh.hu/s/kiserleti-statisztika/kiadvanyok/a-magyar-lakasallomany-primerenergia-igenyenek-becslese/,2026-08-12,1a312ae2943238c139623ac6595ff9bb0ebe656fd12d2b7ab80739488b527c31
DIST-B02-FAMILY_HOUSE-08-17,SRC-B02-KSH-ENERGY-2025,2022,EKM_9_2023,FAMILY_HOUSE,2016–2022,170,2815,MODELLED,https://www.ksh.hu/s/kiserleti-statisztika/kiadvanyok/a-magyar-lakasallomany-primerenergia-igenyenek-becslese/,2026-08-12,1a312ae2943238c139623ac6595ff9bb0ebe656fd12d2b7ab80739488b527c31
DIST-B02-FAMILY_HOUSE-08-18,SRC-B02-KSH-ENERGY-2025,2022,EKM_9_2023,FAMILY_HOUSE,2016–2022,180,2130,MODELLED,https://www.ksh.hu/s/kiserleti-statisztika/kiadvanyok/a-magyar-lakasallomany-primerenergia-igenyenek-becslese/,2026-08-12,1a312ae2943238c139623ac6595ff9bb0ebe656fd12d2b7ab80739488b527c31
DIST-B02-FAMILY_HOUSE-08-19,SRC-B02-KSH-ENERGY-2025,2022,EKM_9_2023,FAMILY_HOUSE,2016–2022,190,1587,MODELLED,https://www.ksh.hu/s/kiserleti-statisztika/kiadvanyok/a-magyar-lakasallomany-primerenergia-igenyenek-becslese/,2026-08-12,1a312ae2943238c139623ac6595ff9bb0ebe656fd12d2b7ab80739488b527c31
DIST-B02-FAMILY_HOUSE-08-20,SRC-B02-KSH-ENERGY-2025,2022,EKM_9_2023,FAMILY_HOUSE,2016–2022,200,1307,MODELLED,https://www.ksh.hu/s/kiserleti-statisztika/kiadvanyok/a-magyar-lakasallomany-primerenergia-igenyenek-becslese/,2026-08-12,1a312ae2943238c139623ac6595ff9bb0ebe656fd12d2b7ab80739488b527c31
DIST-B02-FAMILY_HOUSE-08-21,SRC-B02-KSH-ENERGY-2025,2022,EKM_9_2023,FAMILY_HOUSE,2016–2022,210,1177,MODELLED,https://www.ksh.hu/s/kiserleti-statisztika/kiadvanyok/a-magyar-lakasallomany-primerenergia-igenyenek-becslese/,2026-08-12,1a312ae2943238c139623ac6595ff9bb0ebe656fd12d2b7ab80739488b527c31
DIST-B02-FAMILY_HOUSE-08-22,SRC-B02-KSH-ENERGY-2025,2022,EKM_9_2023,FAMILY_HOUSE,2016–2022,220,938,MODELLED,https://www.ksh.hu/s/kiserleti-statisztika/kiadvanyok/a-magyar-lakasallomany-primerenergia-igenyenek-becslese/,2026-08-12,1a312ae2943238c139623ac6595ff9bb0ebe656fd12d2b7ab80739488b527c31
DIST-B02-FAMILY_HOUSE-08-23,SRC-B02-KSH-ENERGY-2025,2022,EKM_9_2023,FAMILY_HOUSE,2016–2022,230,760,MODELLED,https://www.ksh.hu/s/kiserleti-statisztika/kiadvanyok/a-magyar-lakasallomany-primerenergia-igenyenek-becslese/,2026-08-12,1a312ae2943238c139623ac6595ff9bb0ebe656fd12d2b7ab80739488b527c31
DIST-B02-FAMILY_HOUSE-08-24,SRC-B02-KSH-ENERGY-2025,2022,EKM_9_2023,FAMILY_HOUSE,2016–2022,240,642,MODELLED,https://www.ksh.hu/s/kiserleti-statisztika/kiadvanyok/a-magyar-lakasallomany-primerenergia-igenyenek-becslese/,2026-08-12,1a312ae2943238c139623ac6595ff9bb0ebe656fd12d2b7ab80739488b527c31
DIST-B02-FAMILY_HOUSE-08-25,SRC-B02-KSH-ENERGY-2025,2022,EKM_9_2023,FAMILY_HOUSE,2016–2022,250,534,MODELLED,https://www.ksh.hu/s/kiserleti-statisztika/kiadvanyok/a-magyar-lakasallomany-primerenergia-igenyenek-becslese/,2026-08-12,1a312ae2943238c139623ac6595ff9bb0ebe656fd12d2b7ab80739488b527c31
DIST-B02-FAMILY_HOUSE-08-26,SRC-B02-KSH-ENERGY-2025,2022,EKM_9_2023,FAMILY_HOUSE,2016–2022,260,417,MODELLED,https://www.ksh.hu/s/kiserleti-statisztika/kiadvanyok/a-magyar-lakasallomany-primerenergia-igenyenek-becslese/,2026-08-12,1a312ae2943238c139623ac6595ff9bb0ebe656fd12d2b7ab80739488b527c31
DIST-B02-FAMILY_HOUSE-08-27,SRC-B02-KSH-ENERGY-2025,2022,EKM_9_2023,FAMILY_HOUSE,2016–2022,270,367,MODELLED,https://www.ksh.hu/s/kiserleti-statisztika/kiadvanyok/a-magyar-lakasallomany-primerenergia-igenyenek-becslese/,2026-08-12,1a312ae2943238c139623ac6595ff9bb0ebe656fd12d2b7ab80739488b527c31
DIST-B02-FAMILY_HOUSE-08-28,SRC-B02-KSH-ENERGY-2025,2022,EKM_9_2023,FAMILY_HOUSE,2016–2022,280,269,MODELLED,https://www.ksh.hu/s/kiserleti-statisztika/kiadvanyok/a-magyar-lakasallomany-primerenergia-igenyenek-becslese/,2026-08-12,1a312ae2943238c139623ac6595ff9bb0ebe656fd12d2b7ab80739488b527c31
DIST-B02-FAMILY_HOUSE-08-29,SRC-B02-KSH-ENERGY-2025,2022,EKM_9_2023,FAMILY_HOUSE,2016–2022,290,246,MODELLED,https://www.ksh.hu/s/kiserleti-statisztika/kiadvanyok/a-magyar-lakasallomany-primerenergia-igenyenek-becslese/,2026-08-12,1a312ae2943238c139623ac6595ff9bb0ebe656fd12d2b7ab80739488b527c31
DIST-B02-FAMILY_HOUSE-08-30,SRC-B02-KSH-ENERGY-2025,2022,EKM_9_2023,FAMILY_HOUSE,2016–2022,300,186,MODELLED,https://www.ksh.hu/s/kiserleti-statisztika/kiadvanyok/a-magyar-lakasallomany-primerenergia-igenyenek-becslese/,2026-08-12,1a312ae2943238c139623ac6595ff9bb0ebe656fd12d2b7ab80739488b527c31
DIST-B02-FAMILY_HOUSE-08-31,SRC-B02-KSH-ENERGY-2025,2022,EKM_9_2023,FAMILY_HOUSE,2016–2022,310,199,MODELLED,https://www.ksh.hu/s/kiserleti-statisztika/kiadvanyok/a-magyar-lakasallomany-primerenergia-igenyenek-becslese/,2026-08-12,1a312ae2943238c139623ac6595ff9bb0ebe656fd12d2b7ab80739488b527c31
DIST-B02-FAMILY_HOUSE-08-32,SRC-B02-KSH-ENERGY-2025,2022,EKM_9_2023,FAMILY_HOUSE,2016–2022,320,126,MODELLED,https://www.ksh.hu/s/kiserleti-statisztika/kiadvanyok/a-magyar-lakasallomany-primerenergia-igenyenek-becslese/,2026-08-12,1a312ae2943238c139623ac6595ff9bb0ebe656fd12d2b7ab80739488b527c31
DIST-B02-FAMILY_HOUSE-08-33,SRC-B02-KSH-ENERGY-2025,2022,EKM_9_2023,FAMILY_HOUSE,2016–2022,330,110,MODELLED,https://www.ksh.hu/s/kiserleti-statisztika/kiadvanyok/a-magyar-lakasallomany-primerenergia-igenyenek-becslese/,2026-08-12,1a312ae2943238c139623ac6595ff9bb0ebe656fd12d2b7ab80739488b527c31
DIST-B02-FAMILY_HOUSE-08-34,SRC-B02-KSH-ENERGY-2025,2022,EKM_9_2023,FAMILY_HOUSE,2016–2022,340,95,MODELLED,https://www.ksh.hu/s/kiserleti-statisztika/kiadvanyok/a-magyar-lakasallomany-primerenergia-igenyenek-becslese/,2026-08-12,1a312ae2943238c139623ac6595ff9bb0ebe656fd12d2b7ab80739488b527c31
DIST-B02-FAMILY_HOUSE-08-35,SRC-B02-KSH-ENERGY-2025,2022,EKM_9_2023,FAMILY_HOUSE,2016–2022,350,88,MODELLED,https://www.ksh.hu/s/kiserleti-statisztika/kiadvanyok/a-magyar-lakasallomany-primerenergia-igenyenek-becslese/,2026-08-12,1a312ae2943238c139623ac6595ff9bb0ebe656fd12d2b7ab80739488b527c31
DIST-B02-FAMILY_HOUSE-08-36,SRC-B02-KSH-ENERGY-2025,2022,EKM_9_2023,FAMILY_HOUSE,2016–2022,360,65,MODELLED,https://www.ksh.hu/s/kiserleti-statisztika/kiadvanyok/a-magyar-lakasallomany-primerenergia-igenyenek-becslese/,2026-08-12,1a312ae2943238c139623ac6595ff9bb0ebe656fd12d2b7ab80739488b527c31
DIST-B02-FAMILY_HOUSE-08-37,SRC-B02-KSH-ENERGY-2025,2022,EKM_9_2023,FAMILY_HOUSE,2016–2022,370,68,MODELLED,https://www.ksh.hu/s/kiserleti-statisztika/kiadvanyok/a-magyar-lakasallomany-primerenergia-igenyenek-becslese/,2026-08-12,1a312ae2943238c139623ac6595ff9bb0ebe656fd12d2b7ab80739488b527c31
DIST-B02-FAMILY_HOUSE-08-38,SRC-B02-KSH-ENERGY-2025,2022,EKM_9_2023,FAMILY_HOUSE,2016–2022,380,64,MODELLED,https://www.ksh.hu/s/kiserleti-statisztika/kiadvanyok/a-magyar-lakasallomany-primerenergia-igenyenek-becslese/,2026-08-12,1a312ae2943238c139623ac6595ff9bb0ebe656fd12d2b7ab80739488b527c31
DIST-B02-FAMILY_HOUSE-08-39,SRC-B02-KSH-ENERGY-2025,2022,EKM_9_2023,FAMILY_HOUSE,2016–2022,390,46,MODELLED,https://www.ksh.hu/s/kiserleti-statisztika/kiadvanyok/a-magyar-lakasallomany-primerenergia-igenyenek-becslese/,2026-08-12,1a312ae2943238c139623ac6595ff9bb0ebe656fd12d2b7ab80739488b527c31
DIST-B02-FAMILY_HOUSE-08-40,SRC-B02-KSH-ENERGY-2025,2022,EKM_9_2023,FAMILY_HOUSE,2016–2022,400,53,MODELLED,https://www.ksh.hu/s/kiserleti-statisztika/kiadvanyok/a-magyar-lakasallomany-primerenergia-igenyenek-becslese/,2026-08-12,1a312ae2943238c139623ac6595ff9bb0ebe656fd12d2b7ab80739488b527c31
DIST-B02-FAMILY_HOUSE-08-41,SRC-B02-KSH-ENERGY-2025,2022,EKM_9_2023,FAMILY_HOUSE,2016–2022,410,45,MODELLED,https://www.ksh.hu/s/kiserleti-statisztika/kiadvanyok/a-magyar-lakasallomany-primerenergia-igenyenek-becslese/,2026-08-12,1a312ae2943238c139623ac6595ff9bb0ebe656fd12d2b7ab80739488b527c31
DIST-B02-FAMILY_HOUSE-08-42,SRC-B02-KSH-ENERGY-2025,2022,EKM_9_2023,FAMILY_HOUSE,2016–2022,420,16,MODELLED,https://www.ksh.hu/s/kiserleti-statisztika/kiadvanyok/a-magyar-lakasallomany-primerenergia-igenyenek-becslese/,2026-08-12,1a312ae2943238c139623ac6595ff9bb0ebe656fd12d2b7ab80739488b527c31
DIST-B02-FAMILY_HOUSE-08-43,SRC-B02-KSH-ENERGY-2025,2022,EKM_9_2023,FAMILY_HOUSE,2016–2022,430,13,MODELLED,https://www.ksh.hu/s/kiserleti-statisztika/kiadvanyok/a-magyar-lakasallomany-primerenergia-igenyenek-becslese/,2026-08-12,1a312ae2943238c139623ac6595ff9bb0ebe656fd12d2b7ab80739488b527c31
DIST-B02-FAMILY_HOUSE-08-44,SRC-B02-KSH-ENERGY-2025,2022,EKM_9_2023,FAMILY_HOUSE,2016–2022,440,8,MODELLED,https://www.ksh.hu/s/kiserleti-statisztika/kiadvanyok/a-magyar-lakasallomany-primerenergia-igenyenek-becslese/,2026-08-12,1a312ae2943238c139623ac6595ff9bb0ebe656fd12d2b7ab80739488b527c31
DIST-B02-FAMILY_HOUSE-08-45,SRC-B02-KSH-ENERGY-2025,2022,EKM_9_2023,FAMILY_HOUSE,2016–2022,450,4,MODELLED,https://www.ksh.hu/s/kiserleti-statisztika/kiadvanyok/a-magyar-lakasallomany-primerenergia-igenyenek-becslese/,2026-08-12,1a312ae2943238c139623ac6595ff9bb0ebe656fd12d2b7ab80739488b527c31
DIST-B02-FAMILY_HOUSE-08-46,SRC-B02-KSH-ENERGY-2025,2022,EKM_9_2023,FAMILY_HOUSE,2016–2022,460,4,MODELLED,https://www.ksh.hu/s/kiserleti-statisztika/kiadvanyok/a-magyar-lakasallomany-primerenergia-igenyenek-becslese/,2026-08-12,1a312ae2943238c139623ac6595ff9bb0ebe656fd12d2b7ab80739488b527c31
DIST-B02-FAMILY_HOUSE-08-47,SRC-B02-KSH-ENERGY-2025,2022,EKM_9_2023,FAMILY_HOUSE,2016–2022,470,2,MODELLED,https://www.ksh.hu/s/kiserleti-statisztika/kiadvanyok/a-magyar-lakasallomany-primerenergia-igenyenek-becslese/,2026-08-12,1a312ae2943238c139623ac6595ff9bb0ebe656fd12d2b7ab80739488b527c31
DIST-B02-FAMILY_HOUSE-08-48,SRC-B02-KSH-ENERGY-2025,2022,EKM_9_2023,FAMILY_HOUSE,2016–2022,480,4,MODELLED,https://www.ksh.hu/s/kiserleti-statisztika/kiadvanyok/a-magyar-lakasallomany-primerenergia-igenyenek-becslese/,2026-08-12,1a312ae2943238c139623ac6595ff9bb0ebe656fd12d2b7ab80739488b527c31
DIST-B02-FAMILY_HOUSE-08-49,SRC-B02-KSH-ENERGY-2025,2022,EKM_9_2023,FAMILY_HOUSE,2016–2022,490,2,MODELLED,https://www.ksh.hu/s/kiserleti-statisztika/kiadvanyok/a-magyar-lakasallomany-primerenergia-igenyenek-becslese/,2026-08-12,1a312ae2943238c139623ac6595ff9bb0ebe656fd12d2b7ab80739488b527c31
DIST-B02-FAMILY_HOUSE-08-50,SRC-B02-KSH-ENERGY-2025,2022,EKM_9_2023,FAMILY_HOUSE,2016–2022,500,1,MODELLED,https://www.ksh.hu/s/kiserleti-statisztika/kiadvanyok/a-magyar-lakasallomany-primerenergia-igenyenek-becslese/,2026-08-12,1a312ae2943238c139623ac6595ff9bb0ebe656fd12d2b7ab80739488b527c31
DIST-B02-FAMILY_HOUSE-08-51,SRC-B02-KSH-ENERGY-2025,2022,EKM_9_2023,FAMILY_HOUSE,2016–2022,510,1,MODELLED,https://www.ksh.hu/s/kiserleti-statisztika/kiadvanyok/a-magyar-lakasallomany-primerenergia-igenyenek-becslese/,2026-08-12,1a312ae2943238c139623ac6595ff9bb0ebe656fd12d2b7ab80739488b527c31
DIST-B02-FAMILY_HOUSE-08-52,SRC-B02-KSH-ENERGY-2025,2022,EKM_9_2023,FAMILY_HOUSE,2016–2022,520,0,MODELLED,https://www.ksh.hu/s/kiserleti-statisztika/kiadvanyok/a-magyar-lakasallomany-primerenergia-igenyenek-becslese/,2026-08-12,1a312ae2943238c139623ac6595ff9bb0ebe656fd12d2b7ab80739488b527c31
DIST-B02-FAMILY_HOUSE-08-53,SRC-B02-KSH-ENERGY-2025,2022,EKM_9_2023,FAMILY_HOUSE,2016–2022,530,0,MODELLED,https://www.ksh.hu/s/kiserleti-statisztika/kiadvanyok/a-magyar-lakasallomany-primerenergia-igenyenek-becslese/,2026-08-12,1a312ae2943238c139623ac6595ff9bb0ebe656fd12d2b7ab80739488b527c31
DIST-B02-FAMILY_HOUSE-08-54,SRC-B02-KSH-ENERGY-2025,2022,EKM_9_2023,FAMILY_HOUSE,2016–2022,540,0,MODELLED,https://www.ksh.hu/s/kiserleti-statisztika/kiadvanyok/a-magyar-lakasallomany-primerenergia-igenyenek-becslese/,2026-08-12,1a312ae2943238c139623ac6595ff9bb0ebe656fd12d2b7ab80739488b527c31
DIST-B02-FAMILY_HOUSE-08-55,SRC-B02-KSH-ENERGY-2025,2022,EKM_9_2023,FAMILY_HOUSE,2016–2022,550,0,MODELLED,https://www.ksh.hu/s/kiserleti-statisztika/kiadvanyok/a-magyar-lakasallomany-primerenergia-igenyenek-becslese/,2026-08-12,1a312ae2943238c139623ac6595ff9bb0ebe656fd12d2b7ab80739488b527c31
DIST-B02-FAMILY_HOUSE-08-56,SRC-B02-KSH-ENERGY-2025,2022,EKM_9_2023,FAMILY_HOUSE,2016–2022,560,0,MODELLED,https://www.ksh.hu/s/kiserleti-statisztika/kiadvanyok/a-magyar-lakasallomany-primerenergia-igenyenek-becslese/,2026-08-12,1a312ae2943238c139623ac6595ff9bb0ebe656fd12d2b7ab80739488b527c31
DIST-B02-FAMILY_HOUSE-08-57,SRC-B02-KSH-ENERGY-2025,2022,EKM_9_2023,FAMILY_HOUSE,2016–2022,570,0,MODELLED,https://www.ksh.hu/s/kiserleti-statisztika/kiadvanyok/a-magyar-lakasallomany-primerenergia-igenyenek-becslese/,2026-08-12,1a312ae2943238c139623ac6595ff9bb0ebe656fd12d2b7ab80739488b527c31
DIST-B02-FAMILY_HOUSE-08-58,SRC-B02-KSH-ENERGY-2025,2022,EKM_9_2023,FAMILY_HOUSE,2016–2022,580,0,MODELLED,https://www.ksh.hu/s/kiserleti-statisztika/kiadvanyok/a-magyar-lakasallomany-primerenergia-igenyenek-becslese/,2026-08-12,1a312ae2943238c139623ac6595ff9bb0ebe656fd12d2b7ab80739488b527c31
DIST-B02-FAMILY_HOUSE-08-59,SRC-B02-KSH-ENERGY-2025,2022,EKM_9_2023,FAMILY_HOUSE,2016–2022,590,0,MODELLED,https://www.ksh.hu/s/kiserleti-statisztika/kiadvanyok/a-magyar-lakasallomany-primerenergia-igenyenek-becslese/,2026-08-12,1a312ae2943238c139623ac6595ff9bb0ebe656fd12d2b7ab80739488b527c31
DIST-B02-MULTI_DWELLING-01-01,SRC-B02-KSH-ENERGY-2025,2022,EKM_9_2023,MULTI_DWELLING,1919 előtt,10,0,MODELLED,https://www.ksh.hu/s/kiserleti-statisztika/kiadvanyok/a-magyar-lakasallomany-primerenergia-igenyenek-becslese/,2026-08-12,1a312ae2943238c139623ac6595ff9bb0ebe656fd12d2b7ab80739488b527c31
DIST-B02-MULTI_DWELLING-01-02,SRC-B02-KSH-ENERGY-2025,2022,EKM_9_2023,MULTI_DWELLING,1919 előtt,20,0,MODELLED,https://www.ksh.hu/s/kiserleti-statisztika/kiadvanyok/a-magyar-lakasallomany-primerenergia-igenyenek-becslese/,2026-08-12,1a312ae2943238c139623ac6595ff9bb0ebe656fd12d2b7ab80739488b527c31
DIST-B02-MULTI_DWELLING-01-03,SRC-B02-KSH-ENERGY-2025,2022,EKM_9_2023,MULTI_DWELLING,1919 előtt,30,0,MODELLED,https://www.ksh.hu/s/kiserleti-statisztika/kiadvanyok/a-magyar-lakasallomany-primerenergia-igenyenek-becslese/,2026-08-12,1a312ae2943238c139623ac6595ff9bb0ebe656fd12d2b7ab80739488b527c31
DIST-B02-MULTI_DWELLING-01-04,SRC-B02-KSH-ENERGY-2025,2022,EKM_9_2023,MULTI_DWELLING,1919 előtt,40,0,MODELLED,https://www.ksh.hu/s/kiserleti-statisztika/kiadvanyok/a-magyar-lakasallomany-primerenergia-igenyenek-becslese/,2026-08-12,1a312ae2943238c139623ac6595ff9bb0ebe656fd12d2b7ab80739488b527c31
DIST-B02-MULTI_DWELLING-01-05,SRC-B02-KSH-ENERGY-2025,2022,EKM_9_2023,MULTI_DWELLING,1919 előtt,50,0,MODELLED,https://www.ksh.hu/s/kiserleti-statisztika/kiadvanyok/a-magyar-lakasallomany-primerenergia-igenyenek-becslese/,2026-08-12,1a312ae2943238c139623ac6595ff9bb0ebe656fd12d2b7ab80739488b527c31
DIST-B02-MULTI_DWELLING-01-06,SRC-B02-KSH-ENERGY-2025,2022,EKM_9_2023,MULTI_DWELLING,1919 előtt,60,0,MODELLED,https://www.ksh.hu/s/kiserleti-statisztika/kiadvanyok/a-magyar-lakasallomany-primerenergia-igenyenek-becslese/,2026-08-12,1a312ae2943238c139623ac6595ff9bb0ebe656fd12d2b7ab80739488b527c31
DIST-B02-MULTI_DWELLING-01-07,SRC-B02-KSH-ENERGY-2025,2022,EKM_9_2023,MULTI_DWELLING,1919 előtt,70,0,MODELLED,https://www.ksh.hu/s/kiserleti-statisztika/kiadvanyok/a-magyar-lakasallomany-primerenergia-igenyenek-becslese/,2026-08-12,1a312ae2943238c139623ac6595ff9bb0ebe656fd12d2b7ab80739488b527c31
DIST-B02-MULTI_DWELLING-01-08,SRC-B02-KSH-ENERGY-2025,2022,EKM_9_2023,MULTI_DWELLING,1919 előtt,80,0,MODELLED,https://www.ksh.hu/s/kiserleti-statisztika/kiadvanyok/a-magyar-lakasallomany-primerenergia-igenyenek-becslese/,2026-08-12,1a312ae2943238c139623ac6595ff9bb0ebe656fd12d2b7ab80739488b527c31
DIST-B02-MULTI_DWELLING-01-09,SRC-B02-KSH-ENERGY-2025,2022,EKM_9_2023,MULTI_DWELLING,1919 előtt,90,0,MODELLED,https://www.ksh.hu/s/kiserleti-statisztika/kiadvanyok/a-magyar-lakasallomany-primerenergia-igenyenek-becslese/,2026-08-12,1a312ae2943238c139623ac6595ff9bb0ebe656fd12d2b7ab80739488b527c31
DIST-B02-MULTI_DWELLING-01-10,SRC-B02-KSH-ENERGY-2025,2022,EKM_9_2023,MULTI_DWELLING,1919 előtt,100,0,MODELLED,https://www.ksh.hu/s/kiserleti-statisztika/kiadvanyok/a-magyar-lakasallomany-primerenergia-igenyenek-becslese/,2026-08-12,1a312ae2943238c139623ac6595ff9bb0ebe656fd12d2b7ab80739488b527c31
DIST-B02-MULTI_DWELLING-01-11,SRC-B02-KSH-ENERGY-2025,2022,EKM_9_2023,MULTI_DWELLING,1919 előtt,110,0,MODELLED,https://www.ksh.hu/s/kiserleti-statisztika/kiadvanyok/a-magyar-lakasallomany-primerenergia-igenyenek-becslese/,2026-08-12,1a312ae2943238c139623ac6595ff9bb0ebe656fd12d2b7ab80739488b527c31
DIST-B02-MULTI_DWELLING-01-12,SRC-B02-KSH-ENERGY-2025,2022,EKM_9_2023,MULTI_DWELLING,1919 előtt,120,10,MODELLED,https://www.ksh.hu/s/kiserleti-statisztika/kiadvanyok/a-magyar-lakasallomany-primerenergia-igenyenek-becslese/,2026-08-12,1a312ae2943238c139623ac6595ff9bb0ebe656fd12d2b7ab80739488b527c31
DIST-B02-MULTI_DWELLING-01-13,SRC-B02-KSH-ENERGY-2025,2022,EKM_9_2023,MULTI_DWELLING,1919 előtt,130,26,MODELLED,https://www.ksh.hu/s/kiserleti-statisztika/kiadvanyok/a-magyar-lakasallomany-primerenergia-igenyenek-becslese/,2026-08-12,1a312ae2943238c139623ac6595ff9bb0ebe656fd12d2b7ab80739488b527c31
DIST-B02-MULTI_DWELLING-01-14,SRC-B02-KSH-ENERGY-2025,2022,EKM_9_2023,MULTI_DWELLING,1919 előtt,140,9,MODELLED,https://www.ksh.hu/s/kiserleti-statisztika/kiadvanyok/a-magyar-lakasallomany-primerenergia-igenyenek-becslese/,2026-08-12,1a312ae2943238c139623ac6595ff9bb0ebe656fd12d2b7ab80739488b527c31
DIST-B02-MULTI_DWELLING-01-15,SRC-B02-KSH-ENERGY-2025,2022,EKM_9_2023,MULTI_DWELLING,1919 előtt,150,15,MODELLED,https://www.ksh.hu/s/kiserleti-statisztika/kiadvanyok/a-magyar-lakasallomany-primerenergia-igenyenek-becslese/,2026-08-12,1a312ae2943238c139623ac6595ff9bb0ebe656fd12d2b7ab80739488b527c31
DIST-B02-MULTI_DWELLING-01-16,SRC-B02-KSH-ENERGY-2025,2022,EKM_9_2023,MULTI_DWELLING,1919 előtt,160,40,MODELLED,https://www.ksh.hu/s/kiserleti-statisztika/kiadvanyok/a-magyar-lakasallomany-primerenergia-igenyenek-becslese/,2026-08-12,1a312ae2943238c139623ac6595ff9bb0ebe656fd12d2b7ab80739488b527c31
DIST-B02-MULTI_DWELLING-01-17,SRC-B02-KSH-ENERGY-2025,2022,EKM_9_2023,MULTI_DWELLING,1919 előtt,170,61,MODELLED,https://www.ksh.hu/s/kiserleti-statisztika/kiadvanyok/a-magyar-lakasallomany-primerenergia-igenyenek-becslese/,2026-08-12,1a312ae2943238c139623ac6595ff9bb0ebe656fd12d2b7ab80739488b527c31
DIST-B02-MULTI_DWELLING-01-18,SRC-B02-KSH-ENERGY-2025,2022,EKM_9_2023,MULTI_DWELLING,1919 előtt,180,253,MODELLED,https://www.ksh.hu/s/kiserleti-statisztika/kiadvanyok/a-magyar-lakasallomany-primerenergia-igenyenek-becslese/,2026-08-12,1a312ae2943238c139623ac6595ff9bb0ebe656fd12d2b7ab80739488b527c31
DIST-B02-MULTI_DWELLING-01-19,SRC-B02-KSH-ENERGY-2025,2022,EKM_9_2023,MULTI_DWELLING,1919 előtt,190,482,MODELLED,https://www.ksh.hu/s/kiserleti-statisztika/kiadvanyok/a-magyar-lakasallomany-primerenergia-igenyenek-becslese/,2026-08-12,1a312ae2943238c139623ac6595ff9bb0ebe656fd12d2b7ab80739488b527c31
DIST-B02-MULTI_DWELLING-01-20,SRC-B02-KSH-ENERGY-2025,2022,EKM_9_2023,MULTI_DWELLING,1919 előtt,200,993,MODELLED,https://www.ksh.hu/s/kiserleti-statisztika/kiadvanyok/a-magyar-lakasallomany-primerenergia-igenyenek-becslese/,2026-08-12,1a312ae2943238c139623ac6595ff9bb0ebe656fd12d2b7ab80739488b527c31
DIST-B02-MULTI_DWELLING-01-21,SRC-B02-KSH-ENERGY-2025,2022,EKM_9_2023,MULTI_DWELLING,1919 előtt,210,1650,MODELLED,https://www.ksh.hu/s/kiserleti-statisztika/kiadvanyok/a-magyar-lakasallomany-primerenergia-igenyenek-becslese/,2026-08-12,1a312ae2943238c139623ac6595ff9bb0ebe656fd12d2b7ab80739488b527c31
DIST-B02-MULTI_DWELLING-01-22,SRC-B02-KSH-ENERGY-2025,2022,EKM_9_2023,MULTI_DWELLING,1919 előtt,220,2620,MODELLED,https://www.ksh.hu/s/kiserleti-statisztika/kiadvanyok/a-magyar-lakasallomany-primerenergia-igenyenek-becslese/,2026-08-12,1a312ae2943238c139623ac6595ff9bb0ebe656fd12d2b7ab80739488b527c31
DIST-B02-MULTI_DWELLING-01-23,SRC-B02-KSH-ENERGY-2025,2022,EKM_9_2023,MULTI_DWELLING,1919 előtt,230,4848,MODELLED,https://www.ksh.hu/s/kiserleti-statisztika/kiadvanyok/a-magyar-lakasallomany-primerenergia-igenyenek-becslese/,2026-08-12,1a312ae2943238c139623ac6595ff9bb0ebe656fd12d2b7ab80739488b527c31
DIST-B02-MULTI_DWELLING-01-24,SRC-B02-KSH-ENERGY-2025,2022,EKM_9_2023,MULTI_DWELLING,1919 előtt,240,6765,MODELLED,https://www.ksh.hu/s/kiserleti-statisztika/kiadvanyok/a-magyar-lakasallomany-primerenergia-igenyenek-becslese/,2026-08-12,1a312ae2943238c139623ac6595ff9bb0ebe656fd12d2b7ab80739488b527c31
DIST-B02-MULTI_DWELLING-01-25,SRC-B02-KSH-ENERGY-2025,2022,EKM_9_2023,MULTI_DWELLING,1919 előtt,250,8380,MODELLED,https://www.ksh.hu/s/kiserleti-statisztika/kiadvanyok/a-magyar-lakasallomany-primerenergia-igenyenek-becslese/,2026-08-12,1a312ae2943238c139623ac6595ff9bb0ebe656fd12d2b7ab80739488b527c31
DIST-B02-MULTI_DWELLING-01-26,SRC-B02-KSH-ENERGY-2025,2022,EKM_9_2023,MULTI_DWELLING,1919 előtt,260,10609,MODELLED,https://www.ksh.hu/s/kiserleti-statisztika/kiadvanyok/a-magyar-lakasallomany-primerenergia-igenyenek-becslese/,2026-08-12,1a312ae2943238c139623ac6595ff9bb0ebe656fd12d2b7ab80739488b527c31
DIST-B02-MULTI_DWELLING-01-27,SRC-B02-KSH-ENERGY-2025,2022,EKM_9_2023,MULTI_DWELLING,1919 előtt,270,12234,MODELLED,https://www.ksh.hu/s/kiserleti-statisztika/kiadvanyok/a-magyar-lakasallomany-primerenergia-igenyenek-becslese/,2026-08-12,1a312ae2943238c139623ac6595ff9bb0ebe656fd12d2b7ab80739488b527c31
DIST-B02-MULTI_DWELLING-01-28,SRC-B02-KSH-ENERGY-2025,2022,EKM_9_2023,MULTI_DWELLING,1919 előtt,280,11095,MODELLED,https://www.ksh.hu/s/kiserleti-statisztika/kiadvanyok/a-magyar-lakasallomany-primerenergia-igenyenek-becslese/,2026-08-12,1a312ae2943238c139623ac6595ff9bb0ebe656fd12d2b7ab80739488b527c31
DIST-B02-MULTI_DWELLING-01-29,SRC-B02-KSH-ENERGY-2025,2022,EKM_9_2023,MULTI_DWELLING,1919 előtt,290,10060,MODELLED,https://www.ksh.hu/s/kiserleti-statisztika/kiadvanyok/a-magyar-lakasallomany-primerenergia-igenyenek-becslese/,2026-08-12,1a312ae2943238c139623ac6595ff9bb0ebe656fd12d2b7ab80739488b527c31
DIST-B02-MULTI_DWELLING-01-30,SRC-B02-KSH-ENERGY-2025,2022,EKM_9_2023,MULTI_DWELLING,1919 előtt,300,10393,MODELLED,https://www.ksh.hu/s/kiserleti-statisztika/kiadvanyok/a-magyar-lakasallomany-primerenergia-igenyenek-becslese/,2026-08-12,1a312ae2943238c139623ac6595ff9bb0ebe656fd12d2b7ab80739488b527c31
DIST-B02-MULTI_DWELLING-01-31,SRC-B02-KSH-ENERGY-2025,2022,EKM_9_2023,MULTI_DWELLING,1919 előtt,310,10434,MODELLED,https://www.ksh.hu/s/kiserleti-statisztika/kiadvanyok/a-magyar-lakasallomany-primerenergia-igenyenek-becslese/,2026-08-12,1a312ae2943238c139623ac6595ff9bb0ebe656fd12d2b7ab80739488b527c31
DIST-B02-MULTI_DWELLING-01-32,SRC-B02-KSH-ENERGY-2025,2022,EKM_9_2023,MULTI_DWELLING,1919 előtt,320,10448,MODELLED,https://www.ksh.hu/s/kiserleti-statisztika/kiadvanyok/a-magyar-lakasallomany-primerenergia-igenyenek-becslese/,2026-08-12,1a312ae2943238c139623ac6595ff9bb0ebe656fd12d2b7ab80739488b527c31
DIST-B02-MULTI_DWELLING-01-33,SRC-B02-KSH-ENERGY-2025,2022,EKM_9_2023,MULTI_DWELLING,1919 előtt,330,10130,MODELLED,https://www.ksh.hu/s/kiserleti-statisztika/kiadvanyok/a-magyar-lakasallomany-primerenergia-igenyenek-becslese/,2026-08-12,1a312ae2943238c139623ac6595ff9bb0ebe656fd12d2b7ab80739488b527c31
DIST-B02-MULTI_DWELLING-01-34,SRC-B02-KSH-ENERGY-2025,2022,EKM_9_2023,MULTI_DWELLING,1919 előtt,340,10238,MODELLED,https://www.ksh.hu/s/kiserleti-statisztika/kiadvanyok/a-magyar-lakasallomany-primerenergia-igenyenek-becslese/,2026-08-12,1a312ae2943238c139623ac6595ff9bb0ebe656fd12d2b7ab80739488b527c31
DIST-B02-MULTI_DWELLING-01-35,SRC-B02-KSH-ENERGY-2025,2022,EKM_9_2023,MULTI_DWELLING,1919 előtt,350,10304,MODELLED,https://www.ksh.hu/s/kiserleti-statisztika/kiadvanyok/a-magyar-lakasallomany-primerenergia-igenyenek-becslese/,2026-08-12,1a312ae2943238c139623ac6595ff9bb0ebe656fd12d2b7ab80739488b527c31
DIST-B02-MULTI_DWELLING-01-36,SRC-B02-KSH-ENERGY-2025,2022,EKM_9_2023,MULTI_DWELLING,1919 előtt,360,6662,MODELLED,https://www.ksh.hu/s/kiserleti-statisztika/kiadvanyok/a-magyar-lakasallomany-primerenergia-igenyenek-becslese/,2026-08-12,1a312ae2943238c139623ac6595ff9bb0ebe656fd12d2b7ab80739488b527c31
DIST-B02-MULTI_DWELLING-01-37,SRC-B02-KSH-ENERGY-2025,2022,EKM_9_2023,MULTI_DWELLING,1919 előtt,370,4981,MODELLED,https://www.ksh.hu/s/kiserleti-statisztika/kiadvanyok/a-magyar-lakasallomany-primerenergia-igenyenek-becslese/,2026-08-12,1a312ae2943238c139623ac6595ff9bb0ebe656fd12d2b7ab80739488b527c31
DIST-B02-MULTI_DWELLING-01-38,SRC-B02-KSH-ENERGY-2025,2022,EKM_9_2023,MULTI_DWELLING,1919 előtt,380,4102,MODELLED,https://www.ksh.hu/s/kiserleti-statisztika/kiadvanyok/a-magyar-lakasallomany-primerenergia-igenyenek-becslese/,2026-08-12,1a312ae2943238c139623ac6595ff9bb0ebe656fd12d2b7ab80739488b527c31
DIST-B02-MULTI_DWELLING-01-39,SRC-B02-KSH-ENERGY-2025,2022,EKM_9_2023,MULTI_DWELLING,1919 előtt,390,3864,MODELLED,https://www.ksh.hu/s/kiserleti-statisztika/kiadvanyok/a-magyar-lakasallomany-primerenergia-igenyenek-becslese/,2026-08-12,1a312ae2943238c139623ac6595ff9bb0ebe656fd12d2b7ab80739488b527c31
DIST-B02-MULTI_DWELLING-01-40,SRC-B02-KSH-ENERGY-2025,2022,EKM_9_2023,MULTI_DWELLING,1919 előtt,400,3210,MODELLED,https://www.ksh.hu/s/kiserleti-statisztika/kiadvanyok/a-magyar-lakasallomany-primerenergia-igenyenek-becslese/,2026-08-12,1a312ae2943238c139623ac6595ff9bb0ebe656fd12d2b7ab80739488b527c31
DIST-B02-MULTI_DWELLING-01-41,SRC-B02-KSH-ENERGY-2025,2022,EKM_9_2023,MULTI_DWELLING,1919 előtt,410,2532,MODELLED,https://www.ksh.hu/s/kiserleti-statisztika/kiadvanyok/a-magyar-lakasallomany-primerenergia-igenyenek-becslese/,2026-08-12,1a312ae2943238c139623ac6595ff9bb0ebe656fd12d2b7ab80739488b527c31
DIST-B02-MULTI_DWELLING-01-42,SRC-B02-KSH-ENERGY-2025,2022,EKM_9_2023,MULTI_DWELLING,1919 előtt,420,2081,MODELLED,https://www.ksh.hu/s/kiserleti-statisztika/kiadvanyok/a-magyar-lakasallomany-primerenergia-igenyenek-becslese/,2026-08-12,1a312ae2943238c139623ac6595ff9bb0ebe656fd12d2b7ab80739488b527c31
DIST-B02-MULTI_DWELLING-01-43,SRC-B02-KSH-ENERGY-2025,2022,EKM_9_2023,MULTI_DWELLING,1919 előtt,430,1594,MODELLED,https://www.ksh.hu/s/kiserleti-statisztika/kiadvanyok/a-magyar-lakasallomany-primerenergia-igenyenek-becslese/,2026-08-12,1a312ae2943238c139623ac6595ff9bb0ebe656fd12d2b7ab80739488b527c31
DIST-B02-MULTI_DWELLING-01-44,SRC-B02-KSH-ENERGY-2025,2022,EKM_9_2023,MULTI_DWELLING,1919 előtt,440,1232,MODELLED,https://www.ksh.hu/s/kiserleti-statisztika/kiadvanyok/a-magyar-lakasallomany-primerenergia-igenyenek-becslese/,2026-08-12,1a312ae2943238c139623ac6595ff9bb0ebe656fd12d2b7ab80739488b527c31
DIST-B02-MULTI_DWELLING-01-45,SRC-B02-KSH-ENERGY-2025,2022,EKM_9_2023,MULTI_DWELLING,1919 előtt,450,824,MODELLED,https://www.ksh.hu/s/kiserleti-statisztika/kiadvanyok/a-magyar-lakasallomany-primerenergia-igenyenek-becslese/,2026-08-12,1a312ae2943238c139623ac6595ff9bb0ebe656fd12d2b7ab80739488b527c31
DIST-B02-MULTI_DWELLING-01-46,SRC-B02-KSH-ENERGY-2025,2022,EKM_9_2023,MULTI_DWELLING,1919 előtt,460,668,MODELLED,https://www.ksh.hu/s/kiserleti-statisztika/kiadvanyok/a-magyar-lakasallomany-primerenergia-igenyenek-becslese/,2026-08-12,1a312ae2943238c139623ac6595ff9bb0ebe656fd12d2b7ab80739488b527c31
DIST-B02-MULTI_DWELLING-01-47,SRC-B02-KSH-ENERGY-2025,2022,EKM_9_2023,MULTI_DWELLING,1919 előtt,470,474,MODELLED,https://www.ksh.hu/s/kiserleti-statisztika/kiadvanyok/a-magyar-lakasallomany-primerenergia-igenyenek-becslese/,2026-08-12,1a312ae2943238c139623ac6595ff9bb0ebe656fd12d2b7ab80739488b527c31
DIST-B02-MULTI_DWELLING-01-48,SRC-B02-KSH-ENERGY-2025,2022,EKM_9_2023,MULTI_DWELLING,1919 előtt,480,367,MODELLED,https://www.ksh.hu/s/kiserleti-statisztika/kiadvanyok/a-magyar-lakasallomany-primerenergia-igenyenek-becslese/,2026-08-12,1a312ae2943238c139623ac6595ff9bb0ebe656fd12d2b7ab80739488b527c31
DIST-B02-MULTI_DWELLING-01-49,SRC-B02-KSH-ENERGY-2025,2022,EKM_9_2023,MULTI_DWELLING,1919 előtt,490,288,MODELLED,https://www.ksh.hu/s/kiserleti-statisztika/kiadvanyok/a-magyar-lakasallomany-primerenergia-igenyenek-becslese/,2026-08-12,1a312ae2943238c139623ac6595ff9bb0ebe656fd12d2b7ab80739488b527c31
DIST-B02-MULTI_DWELLING-01-50,SRC-B02-KSH-ENERGY-2025,2022,EKM_9_2023,MULTI_DWELLING,1919 előtt,500,222,MODELLED,https://www.ksh.hu/s/kiserleti-statisztika/kiadvanyok/a-magyar-lakasallomany-primerenergia-igenyenek-becslese/,2026-08-12,1a312ae2943238c139623ac6595ff9bb0ebe656fd12d2b7ab80739488b527c31
DIST-B02-MULTI_DWELLING-01-51,SRC-B02-KSH-ENERGY-2025,2022,EKM_9_2023,MULTI_DWELLING,1919 előtt,510,197,MODELLED,https://www.ksh.hu/s/kiserleti-statisztika/kiadvanyok/a-magyar-lakasallomany-primerenergia-igenyenek-becslese/,2026-08-12,1a312ae2943238c139623ac6595ff9bb0ebe656fd12d2b7ab80739488b527c31
DIST-B02-MULTI_DWELLING-01-52,SRC-B02-KSH-ENERGY-2025,2022,EKM_9_2023,MULTI_DWELLING,1919 előtt,520,132,MODELLED,https://www.ksh.hu/s/kiserleti-statisztika/kiadvanyok/a-magyar-lakasallomany-primerenergia-igenyenek-becslese/,2026-08-12,1a312ae2943238c139623ac6595ff9bb0ebe656fd12d2b7ab80739488b527c31
DIST-B02-MULTI_DWELLING-01-53,SRC-B02-KSH-ENERGY-2025,2022,EKM_9_2023,MULTI_DWELLING,1919 előtt,530,127,MODELLED,https://www.ksh.hu/s/kiserleti-statisztika/kiadvanyok/a-magyar-lakasallomany-primerenergia-igenyenek-becslese/,2026-08-12,1a312ae2943238c139623ac6595ff9bb0ebe656fd12d2b7ab80739488b527c31
DIST-B02-MULTI_DWELLING-01-54,SRC-B02-KSH-ENERGY-2025,2022,EKM_9_2023,MULTI_DWELLING,1919 előtt,540,116,MODELLED,https://www.ksh.hu/s/kiserleti-statisztika/kiadvanyok/a-magyar-lakasallomany-primerenergia-igenyenek-becslese/,2026-08-12,1a312ae2943238c139623ac6595ff9bb0ebe656fd12d2b7ab80739488b527c31
DIST-B02-MULTI_DWELLING-01-55,SRC-B02-KSH-ENERGY-2025,2022,EKM_9_2023,MULTI_DWELLING,1919 előtt,550,130,MODELLED,https://www.ksh.hu/s/kiserleti-statisztika/kiadvanyok/a-magyar-lakasallomany-primerenergia-igenyenek-becslese/,2026-08-12,1a312ae2943238c139623ac6595ff9bb0ebe656fd12d2b7ab80739488b527c31
DIST-B02-MULTI_DWELLING-01-56,SRC-B02-KSH-ENERGY-2025,2022,EKM_9_2023,MULTI_DWELLING,1919 előtt,560,64,MODELLED,https://www.ksh.hu/s/kiserleti-statisztika/kiadvanyok/a-magyar-lakasallomany-primerenergia-igenyenek-becslese/,2026-08-12,1a312ae2943238c139623ac6595ff9bb0ebe656fd12d2b7ab80739488b527c31
DIST-B02-MULTI_DWELLING-01-57,SRC-B02-KSH-ENERGY-2025,2022,EKM_9_2023,MULTI_DWELLING,1919 előtt,570,39,MODELLED,https://www.ksh.hu/s/kiserleti-statisztika/kiadvanyok/a-magyar-lakasallomany-primerenergia-igenyenek-becslese/,2026-08-12,1a312ae2943238c139623ac6595ff9bb0ebe656fd12d2b7ab80739488b527c31
DIST-B02-MULTI_DWELLING-01-58,SRC-B02-KSH-ENERGY-2025,2022,EKM_9_2023,MULTI_DWELLING,1919 előtt,580,27,MODELLED,https://www.ksh.hu/s/kiserleti-statisztika/kiadvanyok/a-magyar-lakasallomany-primerenergia-igenyenek-becslese/,2026-08-12,1a312ae2943238c139623ac6595ff9bb0ebe656fd12d2b7ab80739488b527c31
DIST-B02-MULTI_DWELLING-01-59,SRC-B02-KSH-ENERGY-2025,2022,EKM_9_2023,MULTI_DWELLING,1919 előtt,590,43,MODELLED,https://www.ksh.hu/s/kiserleti-statisztika/kiadvanyok/a-magyar-lakasallomany-primerenergia-igenyenek-becslese/,2026-08-12,1a312ae2943238c139623ac6595ff9bb0ebe656fd12d2b7ab80739488b527c31
DIST-B02-MULTI_DWELLING-02-01,SRC-B02-KSH-ENERGY-2025,2022,EKM_9_2023,MULTI_DWELLING,1919–1945,10,0,MODELLED,https://www.ksh.hu/s/kiserleti-statisztika/kiadvanyok/a-magyar-lakasallomany-primerenergia-igenyenek-becslese/,2026-08-12,1a312ae2943238c139623ac6595ff9bb0ebe656fd12d2b7ab80739488b527c31
DIST-B02-MULTI_DWELLING-02-02,SRC-B02-KSH-ENERGY-2025,2022,EKM_9_2023,MULTI_DWELLING,1919–1945,20,0,MODELLED,https://www.ksh.hu/s/kiserleti-statisztika/kiadvanyok/a-magyar-lakasallomany-primerenergia-igenyenek-becslese/,2026-08-12,1a312ae2943238c139623ac6595ff9bb0ebe656fd12d2b7ab80739488b527c31
DIST-B02-MULTI_DWELLING-02-03,SRC-B02-KSH-ENERGY-2025,2022,EKM_9_2023,MULTI_DWELLING,1919–1945,30,0,MODELLED,https://www.ksh.hu/s/kiserleti-statisztika/kiadvanyok/a-magyar-lakasallomany-primerenergia-igenyenek-becslese/,2026-08-12,1a312ae2943238c139623ac6595ff9bb0ebe656fd12d2b7ab80739488b527c31
DIST-B02-MULTI_DWELLING-02-04,SRC-B02-KSH-ENERGY-2025,2022,EKM_9_2023,MULTI_DWELLING,1919–1945,40,0,MODELLED,https://www.ksh.hu/s/kiserleti-statisztika/kiadvanyok/a-magyar-lakasallomany-primerenergia-igenyenek-becslese/,2026-08-12,1a312ae2943238c139623ac6595ff9bb0ebe656fd12d2b7ab80739488b527c31
DIST-B02-MULTI_DWELLING-02-05,SRC-B02-KSH-ENERGY-2025,2022,EKM_9_2023,MULTI_DWELLING,1919–1945,50,0,MODELLED,https://www.ksh.hu/s/kiserleti-statisztika/kiadvanyok/a-magyar-lakasallomany-primerenergia-igenyenek-becslese/,2026-08-12,1a312ae2943238c139623ac6595ff9bb0ebe656fd12d2b7ab80739488b527c31
DIST-B02-MULTI_DWELLING-02-06,SRC-B02-KSH-ENERGY-2025,2022,EKM_9_2023,MULTI_DWELLING,1919–1945,60,0,MODELLED,https://www.ksh.hu/s/kiserleti-statisztika/kiadvanyok/a-magyar-lakasallomany-primerenergia-igenyenek-becslese/,2026-08-12,1a312ae2943238c139623ac6595ff9bb0ebe656fd12d2b7ab80739488b527c31
DIST-B02-MULTI_DWELLING-02-07,SRC-B02-KSH-ENERGY-2025,2022,EKM_9_2023,MULTI_DWELLING,1919–1945,70,0,MODELLED,https://www.ksh.hu/s/kiserleti-statisztika/kiadvanyok/a-magyar-lakasallomany-primerenergia-igenyenek-becslese/,2026-08-12,1a312ae2943238c139623ac6595ff9bb0ebe656fd12d2b7ab80739488b527c31
DIST-B02-MULTI_DWELLING-02-08,SRC-B02-KSH-ENERGY-2025,2022,EKM_9_2023,MULTI_DWELLING,1919–1945,80,0,MODELLED,https://www.ksh.hu/s/kiserleti-statisztika/kiadvanyok/a-magyar-lakasallomany-primerenergia-igenyenek-becslese/,2026-08-12,1a312ae2943238c139623ac6595ff9bb0ebe656fd12d2b7ab80739488b527c31
DIST-B02-MULTI_DWELLING-02-09,SRC-B02-KSH-ENERGY-2025,2022,EKM_9_2023,MULTI_DWELLING,1919–1945,90,0,MODELLED,https://www.ksh.hu/s/kiserleti-statisztika/kiadvanyok/a-magyar-lakasallomany-primerenergia-igenyenek-becslese/,2026-08-12,1a312ae2943238c139623ac6595ff9bb0ebe656fd12d2b7ab80739488b527c31
DIST-B02-MULTI_DWELLING-02-10,SRC-B02-KSH-ENERGY-2025,2022,EKM_9_2023,MULTI_DWELLING,1919–1945,100,0,MODELLED,https://www.ksh.hu/s/kiserleti-statisztika/kiadvanyok/a-magyar-lakasallomany-primerenergia-igenyenek-becslese/,2026-08-12,1a312ae2943238c139623ac6595ff9bb0ebe656fd12d2b7ab80739488b527c31
DIST-B02-MULTI_DWELLING-02-11,SRC-B02-KSH-ENERGY-2025,2022,EKM_9_2023,MULTI_DWELLING,1919–1945,110,0,MODELLED,https://www.ksh.hu/s/kiserleti-statisztika/kiadvanyok/a-magyar-lakasallomany-primerenergia-igenyenek-becslese/,2026-08-12,1a312ae2943238c139623ac6595ff9bb0ebe656fd12d2b7ab80739488b527c31
DIST-B02-MULTI_DWELLING-02-12,SRC-B02-KSH-ENERGY-2025,2022,EKM_9_2023,MULTI_DWELLING,1919–1945,120,0,MODELLED,https://www.ksh.hu/s/kiserleti-statisztika/kiadvanyok/a-magyar-lakasallomany-primerenergia-igenyenek-becslese/,2026-08-12,1a312ae2943238c139623ac6595ff9bb0ebe656fd12d2b7ab80739488b527c31
DIST-B02-MULTI_DWELLING-02-13,SRC-B02-KSH-ENERGY-2025,2022,EKM_9_2023,MULTI_DWELLING,1919–1945,130,1,MODELLED,https://www.ksh.hu/s/kiserleti-statisztika/kiadvanyok/a-magyar-lakasallomany-primerenergia-igenyenek-becslese/,2026-08-12,1a312ae2943238c139623ac6595ff9bb0ebe656fd12d2b7ab80739488b527c31
DIST-B02-MULTI_DWELLING-02-14,SRC-B02-KSH-ENERGY-2025,2022,EKM_9_2023,MULTI_DWELLING,1919–1945,140,1,MODELLED,https://www.ksh.hu/s/kiserleti-statisztika/kiadvanyok/a-magyar-lakasallomany-primerenergia-igenyenek-becslese/,2026-08-12,1a312ae2943238c139623ac6595ff9bb0ebe656fd12d2b7ab80739488b527c31
DIST-B02-MULTI_DWELLING-02-15,SRC-B02-KSH-ENERGY-2025,2022,EKM_9_2023,MULTI_DWELLING,1919–1945,150,9,MODELLED,https://www.ksh.hu/s/kiserleti-statisztika/kiadvanyok/a-magyar-lakasallomany-primerenergia-igenyenek-becslese/,2026-08-12,1a312ae2943238c139623ac6595ff9bb0ebe656fd12d2b7ab80739488b527c31
DIST-B02-MULTI_DWELLING-02-16,SRC-B02-KSH-ENERGY-2025,2022,EKM_9_2023,MULTI_DWELLING,1919–1945,160,75,MODELLED,https://www.ksh.hu/s/kiserleti-statisztika/kiadvanyok/a-magyar-lakasallomany-primerenergia-igenyenek-becslese/,2026-08-12,1a312ae2943238c139623ac6595ff9bb0ebe656fd12d2b7ab80739488b527c31
DIST-B02-MULTI_DWELLING-02-17,SRC-B02-KSH-ENERGY-2025,2022,EKM_9_2023,MULTI_DWELLING,1919–1945,170,283,MODELLED,https://www.ksh.hu/s/kiserleti-statisztika/kiadvanyok/a-magyar-lakasallomany-primerenergia-igenyenek-becslese/,2026-08-12,1a312ae2943238c139623ac6595ff9bb0ebe656fd12d2b7ab80739488b527c31
DIST-B02-MULTI_DWELLING-02-18,SRC-B02-KSH-ENERGY-2025,2022,EKM_9_2023,MULTI_DWELLING,1919–1945,180,467,MODELLED,https://www.ksh.hu/s/kiserleti-statisztika/kiadvanyok/a-magyar-lakasallomany-primerenergia-igenyenek-becslese/,2026-08-12,1a312ae2943238c139623ac6595ff9bb0ebe656fd12d2b7ab80739488b527c31
DIST-B02-MULTI_DWELLING-02-19,SRC-B02-KSH-ENERGY-2025,2022,EKM_9_2023,MULTI_DWELLING,1919–1945,190,820,MODELLED,https://www.ksh.hu/s/kiserleti-statisztika/kiadvanyok/a-magyar-lakasallomany-primerenergia-igenyenek-becslese/,2026-08-12,1a312ae2943238c139623ac6595ff9bb0ebe656fd12d2b7ab80739488b527c31
DIST-B02-MULTI_DWELLING-02-20,SRC-B02-KSH-ENERGY-2025,2022,EKM_9_2023,MULTI_DWELLING,1919–1945,200,1875,MODELLED,https://www.ksh.hu/s/kiserleti-statisztika/kiadvanyok/a-magyar-lakasallomany-primerenergia-igenyenek-becslese/,2026-08-12,1a312ae2943238c139623ac6595ff9bb0ebe656fd12d2b7ab80739488b527c31
DIST-B02-MULTI_DWELLING-02-21,SRC-B02-KSH-ENERGY-2025,2022,EKM_9_2023,MULTI_DWELLING,1919–1945,210,2031,MODELLED,https://www.ksh.hu/s/kiserleti-statisztika/kiadvanyok/a-magyar-lakasallomany-primerenergia-igenyenek-becslese/,2026-08-12,1a312ae2943238c139623ac6595ff9bb0ebe656fd12d2b7ab80739488b527c31
DIST-B02-MULTI_DWELLING-02-22,SRC-B02-KSH-ENERGY-2025,2022,EKM_9_2023,MULTI_DWELLING,1919–1945,220,3361,MODELLED,https://www.ksh.hu/s/kiserleti-statisztika/kiadvanyok/a-magyar-lakasallomany-primerenergia-igenyenek-becslese/,2026-08-12,1a312ae2943238c139623ac6595ff9bb0ebe656fd12d2b7ab80739488b527c31
DIST-B02-MULTI_DWELLING-02-23,SRC-B02-KSH-ENERGY-2025,2022,EKM_9_2023,MULTI_DWELLING,1919–1945,230,4520,MODELLED,https://www.ksh.hu/s/kiserleti-statisztika/kiadvanyok/a-magyar-lakasallomany-primerenergia-igenyenek-becslese/,2026-08-12,1a312ae2943238c139623ac6595ff9bb0ebe656fd12d2b7ab80739488b527c31
DIST-B02-MULTI_DWELLING-02-24,SRC-B02-KSH-ENERGY-2025,2022,EKM_9_2023,MULTI_DWELLING,1919–1945,240,6912,MODELLED,https://www.ksh.hu/s/kiserleti-statisztika/kiadvanyok/a-magyar-lakasallomany-primerenergia-igenyenek-becslese/,2026-08-12,1a312ae2943238c139623ac6595ff9bb0ebe656fd12d2b7ab80739488b527c31
DIST-B02-MULTI_DWELLING-02-25,SRC-B02-KSH-ENERGY-2025,2022,EKM_9_2023,MULTI_DWELLING,1919–1945,250,7249,MODELLED,https://www.ksh.hu/s/kiserleti-statisztika/kiadvanyok/a-magyar-lakasallomany-primerenergia-igenyenek-becslese/,2026-08-12,1a312ae2943238c139623ac6595ff9bb0ebe656fd12d2b7ab80739488b527c31
DIST-B02-MULTI_DWELLING-02-26,SRC-B02-KSH-ENERGY-2025,2022,EKM_9_2023,MULTI_DWELLING,1919–1945,260,7595,MODELLED,https://www.ksh.hu/s/kiserleti-statisztika/kiadvanyok/a-magyar-lakasallomany-primerenergia-igenyenek-becslese/,2026-08-12,1a312ae2943238c139623ac6595ff9bb0ebe656fd12d2b7ab80739488b527c31
DIST-B02-MULTI_DWELLING-02-27,SRC-B02-KSH-ENERGY-2025,2022,EKM_9_2023,MULTI_DWELLING,1919–1945,270,6984,MODELLED,https://www.ksh.hu/s/kiserleti-statisztika/kiadvanyok/a-magyar-lakasallomany-primerenergia-igenyenek-becslese/,2026-08-12,1a312ae2943238c139623ac6595ff9bb0ebe656fd12d2b7ab80739488b527c31
DIST-B02-MULTI_DWELLING-02-28,SRC-B02-KSH-ENERGY-2025,2022,EKM_9_2023,MULTI_DWELLING,1919–1945,280,6755,MODELLED,https://www.ksh.hu/s/kiserleti-statisztika/kiadvanyok/a-magyar-lakasallomany-primerenergia-igenyenek-becslese/,2026-08-12,1a312ae2943238c139623ac6595ff9bb0ebe656fd12d2b7ab80739488b527c31
DIST-B02-MULTI_DWELLING-02-29,SRC-B02-KSH-ENERGY-2025,2022,EKM_9_2023,MULTI_DWELLING,1919–1945,290,7344,MODELLED,https://www.ksh.hu/s/kiserleti-statisztika/kiadvanyok/a-magyar-lakasallomany-primerenergia-igenyenek-becslese/,2026-08-12,1a312ae2943238c139623ac6595ff9bb0ebe656fd12d2b7ab80739488b527c31
DIST-B02-MULTI_DWELLING-02-30,SRC-B02-KSH-ENERGY-2025,2022,EKM_9_2023,MULTI_DWELLING,1919–1945,300,7847,MODELLED,https://www.ksh.hu/s/kiserleti-statisztika/kiadvanyok/a-magyar-lakasallomany-primerenergia-igenyenek-becslese/,2026-08-12,1a312ae2943238c139623ac6595ff9bb0ebe656fd12d2b7ab80739488b527c31
DIST-B02-MULTI_DWELLING-02-31,SRC-B02-KSH-ENERGY-2025,2022,EKM_9_2023,MULTI_DWELLING,1919–1945,310,7207,MODELLED,https://www.ksh.hu/s/kiserleti-statisztika/kiadvanyok/a-magyar-lakasallomany-primerenergia-igenyenek-becslese/,2026-08-12,1a312ae2943238c139623ac6595ff9bb0ebe656fd12d2b7ab80739488b527c31
DIST-B02-MULTI_DWELLING-02-32,SRC-B02-KSH-ENERGY-2025,2022,EKM_9_2023,MULTI_DWELLING,1919–1945,320,6623,MODELLED,https://www.ksh.hu/s/kiserleti-statisztika/kiadvanyok/a-magyar-lakasallomany-primerenergia-igenyenek-becslese/,2026-08-12,1a312ae2943238c139623ac6595ff9bb0ebe656fd12d2b7ab80739488b527c31
DIST-B02-MULTI_DWELLING-02-33,SRC-B02-KSH-ENERGY-2025,2022,EKM_9_2023,MULTI_DWELLING,1919–1945,330,5971,MODELLED,https://www.ksh.hu/s/kiserleti-statisztika/kiadvanyok/a-magyar-lakasallomany-primerenergia-igenyenek-becslese/,2026-08-12,1a312ae2943238c139623ac6595ff9bb0ebe656fd12d2b7ab80739488b527c31
DIST-B02-MULTI_DWELLING-02-34,SRC-B02-KSH-ENERGY-2025,2022,EKM_9_2023,MULTI_DWELLING,1919–1945,340,5971,MODELLED,https://www.ksh.hu/s/kiserleti-statisztika/kiadvanyok/a-magyar-lakasallomany-primerenergia-igenyenek-becslese/,2026-08-12,1a312ae2943238c139623ac6595ff9bb0ebe656fd12d2b7ab80739488b527c31
DIST-B02-MULTI_DWELLING-02-35,SRC-B02-KSH-ENERGY-2025,2022,EKM_9_2023,MULTI_DWELLING,1919–1945,350,4752,MODELLED,https://www.ksh.hu/s/kiserleti-statisztika/kiadvanyok/a-magyar-lakasallomany-primerenergia-igenyenek-becslese/,2026-08-12,1a312ae2943238c139623ac6595ff9bb0ebe656fd12d2b7ab80739488b527c31
DIST-B02-MULTI_DWELLING-02-36,SRC-B02-KSH-ENERGY-2025,2022,EKM_9_2023,MULTI_DWELLING,1919–1945,360,3841,MODELLED,https://www.ksh.hu/s/kiserleti-statisztika/kiadvanyok/a-magyar-lakasallomany-primerenergia-igenyenek-becslese/,2026-08-12,1a312ae2943238c139623ac6595ff9bb0ebe656fd12d2b7ab80739488b527c31
DIST-B02-MULTI_DWELLING-02-37,SRC-B02-KSH-ENERGY-2025,2022,EKM_9_2023,MULTI_DWELLING,1919–1945,370,3687,MODELLED,https://www.ksh.hu/s/kiserleti-statisztika/kiadvanyok/a-magyar-lakasallomany-primerenergia-igenyenek-becslese/,2026-08-12,1a312ae2943238c139623ac6595ff9bb0ebe656fd12d2b7ab80739488b527c31
DIST-B02-MULTI_DWELLING-02-38,SRC-B02-KSH-ENERGY-2025,2022,EKM_9_2023,MULTI_DWELLING,1919–1945,380,2997,MODELLED,https://www.ksh.hu/s/kiserleti-statisztika/kiadvanyok/a-magyar-lakasallomany-primerenergia-igenyenek-becslese/,2026-08-12,1a312ae2943238c139623ac6595ff9bb0ebe656fd12d2b7ab80739488b527c31
DIST-B02-MULTI_DWELLING-02-39,SRC-B02-KSH-ENERGY-2025,2022,EKM_9_2023,MULTI_DWELLING,1919–1945,390,2774,MODELLED,https://www.ksh.hu/s/kiserleti-statisztika/kiadvanyok/a-magyar-lakasallomany-primerenergia-igenyenek-becslese/,2026-08-12,1a312ae2943238c139623ac6595ff9bb0ebe656fd12d2b7ab80739488b527c31
DIST-B02-MULTI_DWELLING-02-40,SRC-B02-KSH-ENERGY-2025,2022,EKM_9_2023,MULTI_DWELLING,1919–1945,400,2361,MODELLED,https://www.ksh.hu/s/kiserleti-statisztika/kiadvanyok/a-magyar-lakasallomany-primerenergia-igenyenek-becslese/,2026-08-12,1a312ae2943238c139623ac6595ff9bb0ebe656fd12d2b7ab80739488b527c31
DIST-B02-MULTI_DWELLING-02-41,SRC-B02-KSH-ENERGY-2025,2022,EKM_9_2023,MULTI_DWELLING,1919–1945,410,1947,MODELLED,https://www.ksh.hu/s/kiserleti-statisztika/kiadvanyok/a-magyar-lakasallomany-primerenergia-igenyenek-becslese/,2026-08-12,1a312ae2943238c139623ac6595ff9bb0ebe656fd12d2b7ab80739488b527c31
DIST-B02-MULTI_DWELLING-02-42,SRC-B02-KSH-ENERGY-2025,2022,EKM_9_2023,MULTI_DWELLING,1919–1945,420,1513,MODELLED,https://www.ksh.hu/s/kiserleti-statisztika/kiadvanyok/a-magyar-lakasallomany-primerenergia-igenyenek-becslese/,2026-08-12,1a312ae2943238c139623ac6595ff9bb0ebe656fd12d2b7ab80739488b527c31
DIST-B02-MULTI_DWELLING-02-43,SRC-B02-KSH-ENERGY-2025,2022,EKM_9_2023,MULTI_DWELLING,1919–1945,430,1353,MODELLED,https://www.ksh.hu/s/kiserleti-statisztika/kiadvanyok/a-magyar-lakasallomany-primerenergia-igenyenek-becslese/,2026-08-12,1a312ae2943238c139623ac6595ff9bb0ebe656fd12d2b7ab80739488b527c31
DIST-B02-MULTI_DWELLING-02-44,SRC-B02-KSH-ENERGY-2025,2022,EKM_9_2023,MULTI_DWELLING,1919–1945,440,1096,MODELLED,https://www.ksh.hu/s/kiserleti-statisztika/kiadvanyok/a-magyar-lakasallomany-primerenergia-igenyenek-becslese/,2026-08-12,1a312ae2943238c139623ac6595ff9bb0ebe656fd12d2b7ab80739488b527c31
DIST-B02-MULTI_DWELLING-02-45,SRC-B02-KSH-ENERGY-2025,2022,EKM_9_2023,MULTI_DWELLING,1919–1945,450,1059,MODELLED,https://www.ksh.hu/s/kiserleti-statisztika/kiadvanyok/a-magyar-lakasallomany-primerenergia-igenyenek-becslese/,2026-08-12,1a312ae2943238c139623ac6595ff9bb0ebe656fd12d2b7ab80739488b527c31
DIST-B02-MULTI_DWELLING-02-46,SRC-B02-KSH-ENERGY-2025,2022,EKM_9_2023,MULTI_DWELLING,1919–1945,460,744,MODELLED,https://www.ksh.hu/s/kiserleti-statisztika/kiadvanyok/a-magyar-lakasallomany-primerenergia-igenyenek-becslese/,2026-08-12,1a312ae2943238c139623ac6595ff9bb0ebe656fd12d2b7ab80739488b527c31
DIST-B02-MULTI_DWELLING-02-47,SRC-B02-KSH-ENERGY-2025,2022,EKM_9_2023,MULTI_DWELLING,1919–1945,470,512,MODELLED,https://www.ksh.hu/s/kiserleti-statisztika/kiadvanyok/a-magyar-lakasallomany-primerenergia-igenyenek-becslese/,2026-08-12,1a312ae2943238c139623ac6595ff9bb0ebe656fd12d2b7ab80739488b527c31
DIST-B02-MULTI_DWELLING-02-48,SRC-B02-KSH-ENERGY-2025,2022,EKM_9_2023,MULTI_DWELLING,1919–1945,480,428,MODELLED,https://www.ksh.hu/s/kiserleti-statisztika/kiadvanyok/a-magyar-lakasallomany-primerenergia-igenyenek-becslese/,2026-08-12,1a312ae2943238c139623ac6595ff9bb0ebe656fd12d2b7ab80739488b527c31
DIST-B02-MULTI_DWELLING-02-49,SRC-B02-KSH-ENERGY-2025,2022,EKM_9_2023,MULTI_DWELLING,1919–1945,490,339,MODELLED,https://www.ksh.hu/s/kiserleti-statisztika/kiadvanyok/a-magyar-lakasallomany-primerenergia-igenyenek-becslese/,2026-08-12,1a312ae2943238c139623ac6595ff9bb0ebe656fd12d2b7ab80739488b527c31
DIST-B02-MULTI_DWELLING-02-50,SRC-B02-KSH-ENERGY-2025,2022,EKM_9_2023,MULTI_DWELLING,1919–1945,500,216,MODELLED,https://www.ksh.hu/s/kiserleti-statisztika/kiadvanyok/a-magyar-lakasallomany-primerenergia-igenyenek-becslese/,2026-08-12,1a312ae2943238c139623ac6595ff9bb0ebe656fd12d2b7ab80739488b527c31
DIST-B02-MULTI_DWELLING-02-51,SRC-B02-KSH-ENERGY-2025,2022,EKM_9_2023,MULTI_DWELLING,1919–1945,510,176,MODELLED,https://www.ksh.hu/s/kiserleti-statisztika/kiadvanyok/a-magyar-lakasallomany-primerenergia-igenyenek-becslese/,2026-08-12,1a312ae2943238c139623ac6595ff9bb0ebe656fd12d2b7ab80739488b527c31
DIST-B02-MULTI_DWELLING-02-52,SRC-B02-KSH-ENERGY-2025,2022,EKM_9_2023,MULTI_DWELLING,1919–1945,520,167,MODELLED,https://www.ksh.hu/s/kiserleti-statisztika/kiadvanyok/a-magyar-lakasallomany-primerenergia-igenyenek-becslese/,2026-08-12,1a312ae2943238c139623ac6595ff9bb0ebe656fd12d2b7ab80739488b527c31
DIST-B02-MULTI_DWELLING-02-53,SRC-B02-KSH-ENERGY-2025,2022,EKM_9_2023,MULTI_DWELLING,1919–1945,530,74,MODELLED,https://www.ksh.hu/s/kiserleti-statisztika/kiadvanyok/a-magyar-lakasallomany-primerenergia-igenyenek-becslese/,2026-08-12,1a312ae2943238c139623ac6595ff9bb0ebe656fd12d2b7ab80739488b527c31
DIST-B02-MULTI_DWELLING-02-54,SRC-B02-KSH-ENERGY-2025,2022,EKM_9_2023,MULTI_DWELLING,1919–1945,540,67,MODELLED,https://www.ksh.hu/s/kiserleti-statisztika/kiadvanyok/a-magyar-lakasallomany-primerenergia-igenyenek-becslese/,2026-08-12,1a312ae2943238c139623ac6595ff9bb0ebe656fd12d2b7ab80739488b527c31
DIST-B02-MULTI_DWELLING-02-55,SRC-B02-KSH-ENERGY-2025,2022,EKM_9_2023,MULTI_DWELLING,1919–1945,550,66,MODELLED,https://www.ksh.hu/s/kiserleti-statisztika/kiadvanyok/a-magyar-lakasallomany-primerenergia-igenyenek-becslese/,2026-08-12,1a312ae2943238c139623ac6595ff9bb0ebe656fd12d2b7ab80739488b527c31
DIST-B02-MULTI_DWELLING-02-56,SRC-B02-KSH-ENERGY-2025,2022,EKM_9_2023,MULTI_DWELLING,1919–1945,560,29,MODELLED,https://www.ksh.hu/s/kiserleti-statisztika/kiadvanyok/a-magyar-lakasallomany-primerenergia-igenyenek-becslese/,2026-08-12,1a312ae2943238c139623ac6595ff9bb0ebe656fd12d2b7ab80739488b527c31
DIST-B02-MULTI_DWELLING-02-57,SRC-B02-KSH-ENERGY-2025,2022,EKM_9_2023,MULTI_DWELLING,1919–1945,570,33,MODELLED,https://www.ksh.hu/s/kiserleti-statisztika/kiadvanyok/a-magyar-lakasallomany-primerenergia-igenyenek-becslese/,2026-08-12,1a312ae2943238c139623ac6595ff9bb0ebe656fd12d2b7ab80739488b527c31
DIST-B02-MULTI_DWELLING-02-58,SRC-B02-KSH-ENERGY-2025,2022,EKM_9_2023,MULTI_DWELLING,1919–1945,580,26,MODELLED,https://www.ksh.hu/s/kiserleti-statisztika/kiadvanyok/a-magyar-lakasallomany-primerenergia-igenyenek-becslese/,2026-08-12,1a312ae2943238c139623ac6595ff9bb0ebe656fd12d2b7ab80739488b527c31
DIST-B02-MULTI_DWELLING-02-59,SRC-B02-KSH-ENERGY-2025,2022,EKM_9_2023,MULTI_DWELLING,1919–1945,590,38,MODELLED,https://www.ksh.hu/s/kiserleti-statisztika/kiadvanyok/a-magyar-lakasallomany-primerenergia-igenyenek-becslese/,2026-08-12,1a312ae2943238c139623ac6595ff9bb0ebe656fd12d2b7ab80739488b527c31
DIST-B02-MULTI_DWELLING-03-01,SRC-B02-KSH-ENERGY-2025,2022,EKM_9_2023,MULTI_DWELLING,1946–1960,10,0,MODELLED,https://www.ksh.hu/s/kiserleti-statisztika/kiadvanyok/a-magyar-lakasallomany-primerenergia-igenyenek-becslese/,2026-08-12,1a312ae2943238c139623ac6595ff9bb0ebe656fd12d2b7ab80739488b527c31
DIST-B02-MULTI_DWELLING-03-02,SRC-B02-KSH-ENERGY-2025,2022,EKM_9_2023,MULTI_DWELLING,1946–1960,20,0,MODELLED,https://www.ksh.hu/s/kiserleti-statisztika/kiadvanyok/a-magyar-lakasallomany-primerenergia-igenyenek-becslese/,2026-08-12,1a312ae2943238c139623ac6595ff9bb0ebe656fd12d2b7ab80739488b527c31
DIST-B02-MULTI_DWELLING-03-03,SRC-B02-KSH-ENERGY-2025,2022,EKM_9_2023,MULTI_DWELLING,1946–1960,30,0,MODELLED,https://www.ksh.hu/s/kiserleti-statisztika/kiadvanyok/a-magyar-lakasallomany-primerenergia-igenyenek-becslese/,2026-08-12,1a312ae2943238c139623ac6595ff9bb0ebe656fd12d2b7ab80739488b527c31
DIST-B02-MULTI_DWELLING-03-04,SRC-B02-KSH-ENERGY-2025,2022,EKM_9_2023,MULTI_DWELLING,1946–1960,40,0,MODELLED,https://www.ksh.hu/s/kiserleti-statisztika/kiadvanyok/a-magyar-lakasallomany-primerenergia-igenyenek-becslese/,2026-08-12,1a312ae2943238c139623ac6595ff9bb0ebe656fd12d2b7ab80739488b527c31
DIST-B02-MULTI_DWELLING-03-05,SRC-B02-KSH-ENERGY-2025,2022,EKM_9_2023,MULTI_DWELLING,1946–1960,50,0,MODELLED,https://www.ksh.hu/s/kiserleti-statisztika/kiadvanyok/a-magyar-lakasallomany-primerenergia-igenyenek-becslese/,2026-08-12,1a312ae2943238c139623ac6595ff9bb0ebe656fd12d2b7ab80739488b527c31
DIST-B02-MULTI_DWELLING-03-06,SRC-B02-KSH-ENERGY-2025,2022,EKM_9_2023,MULTI_DWELLING,1946–1960,60,0,MODELLED,https://www.ksh.hu/s/kiserleti-statisztika/kiadvanyok/a-magyar-lakasallomany-primerenergia-igenyenek-becslese/,2026-08-12,1a312ae2943238c139623ac6595ff9bb0ebe656fd12d2b7ab80739488b527c31
DIST-B02-MULTI_DWELLING-03-07,SRC-B02-KSH-ENERGY-2025,2022,EKM_9_2023,MULTI_DWELLING,1946–1960,70,0,MODELLED,https://www.ksh.hu/s/kiserleti-statisztika/kiadvanyok/a-magyar-lakasallomany-primerenergia-igenyenek-becslese/,2026-08-12,1a312ae2943238c139623ac6595ff9bb0ebe656fd12d2b7ab80739488b527c31
DIST-B02-MULTI_DWELLING-03-08,SRC-B02-KSH-ENERGY-2025,2022,EKM_9_2023,MULTI_DWELLING,1946–1960,80,0,MODELLED,https://www.ksh.hu/s/kiserleti-statisztika/kiadvanyok/a-magyar-lakasallomany-primerenergia-igenyenek-becslese/,2026-08-12,1a312ae2943238c139623ac6595ff9bb0ebe656fd12d2b7ab80739488b527c31
DIST-B02-MULTI_DWELLING-03-09,SRC-B02-KSH-ENERGY-2025,2022,EKM_9_2023,MULTI_DWELLING,1946–1960,90,0,MODELLED,https://www.ksh.hu/s/kiserleti-statisztika/kiadvanyok/a-magyar-lakasallomany-primerenergia-igenyenek-becslese/,2026-08-12,1a312ae2943238c139623ac6595ff9bb0ebe656fd12d2b7ab80739488b527c31
DIST-B02-MULTI_DWELLING-03-10,SRC-B02-KSH-ENERGY-2025,2022,EKM_9_2023,MULTI_DWELLING,1946–1960,100,1,MODELLED,https://www.ksh.hu/s/kiserleti-statisztika/kiadvanyok/a-magyar-lakasallomany-primerenergia-igenyenek-becslese/,2026-08-12,1a312ae2943238c139623ac6595ff9bb0ebe656fd12d2b7ab80739488b527c31
DIST-B02-MULTI_DWELLING-03-11,SRC-B02-KSH-ENERGY-2025,2022,EKM_9_2023,MULTI_DWELLING,1946–1960,110,3,MODELLED,https://www.ksh.hu/s/kiserleti-statisztika/kiadvanyok/a-magyar-lakasallomany-primerenergia-igenyenek-becslese/,2026-08-12,1a312ae2943238c139623ac6595ff9bb0ebe656fd12d2b7ab80739488b527c31
DIST-B02-MULTI_DWELLING-03-12,SRC-B02-KSH-ENERGY-2025,2022,EKM_9_2023,MULTI_DWELLING,1946–1960,120,17,MODELLED,https://www.ksh.hu/s/kiserleti-statisztika/kiadvanyok/a-magyar-lakasallomany-primerenergia-igenyenek-becslese/,2026-08-12,1a312ae2943238c139623ac6595ff9bb0ebe656fd12d2b7ab80739488b527c31
DIST-B02-MULTI_DWELLING-03-13,SRC-B02-KSH-ENERGY-2025,2022,EKM_9_2023,MULTI_DWELLING,1946–1960,130,108,MODELLED,https://www.ksh.hu/s/kiserleti-statisztika/kiadvanyok/a-magyar-lakasallomany-primerenergia-igenyenek-becslese/,2026-08-12,1a312ae2943238c139623ac6595ff9bb0ebe656fd12d2b7ab80739488b527c31
DIST-B02-MULTI_DWELLING-03-14,SRC-B02-KSH-ENERGY-2025,2022,EKM_9_2023,MULTI_DWELLING,1946–1960,140,175,MODELLED,https://www.ksh.hu/s/kiserleti-statisztika/kiadvanyok/a-magyar-lakasallomany-primerenergia-igenyenek-becslese/,2026-08-12,1a312ae2943238c139623ac6595ff9bb0ebe656fd12d2b7ab80739488b527c31
DIST-B02-MULTI_DWELLING-03-15,SRC-B02-KSH-ENERGY-2025,2022,EKM_9_2023,MULTI_DWELLING,1946–1960,150,203,MODELLED,https://www.ksh.hu/s/kiserleti-statisztika/kiadvanyok/a-magyar-lakasallomany-primerenergia-igenyenek-becslese/,2026-08-12,1a312ae2943238c139623ac6595ff9bb0ebe656fd12d2b7ab80739488b527c31
DIST-B02-MULTI_DWELLING-03-16,SRC-B02-KSH-ENERGY-2025,2022,EKM_9_2023,MULTI_DWELLING,1946–1960,160,513,MODELLED,https://www.ksh.hu/s/kiserleti-statisztika/kiadvanyok/a-magyar-lakasallomany-primerenergia-igenyenek-becslese/,2026-08-12,1a312ae2943238c139623ac6595ff9bb0ebe656fd12d2b7ab80739488b527c31
DIST-B02-MULTI_DWELLING-03-17,SRC-B02-KSH-ENERGY-2025,2022,EKM_9_2023,MULTI_DWELLING,1946–1960,170,1544,MODELLED,https://www.ksh.hu/s/kiserleti-statisztika/kiadvanyok/a-magyar-lakasallomany-primerenergia-igenyenek-becslese/,2026-08-12,1a312ae2943238c139623ac6595ff9bb0ebe656fd12d2b7ab80739488b527c31
DIST-B02-MULTI_DWELLING-03-18,SRC-B02-KSH-ENERGY-2025,2022,EKM_9_2023,MULTI_DWELLING,1946–1960,180,2211,MODELLED,https://www.ksh.hu/s/kiserleti-statisztika/kiadvanyok/a-magyar-lakasallomany-primerenergia-igenyenek-becslese/,2026-08-12,1a312ae2943238c139623ac6595ff9bb0ebe656fd12d2b7ab80739488b527c31
DIST-B02-MULTI_DWELLING-03-19,SRC-B02-KSH-ENERGY-2025,2022,EKM_9_2023,MULTI_DWELLING,1946–1960,190,3108,MODELLED,https://www.ksh.hu/s/kiserleti-statisztika/kiadvanyok/a-magyar-lakasallomany-primerenergia-igenyenek-becslese/,2026-08-12,1a312ae2943238c139623ac6595ff9bb0ebe656fd12d2b7ab80739488b527c31
DIST-B02-MULTI_DWELLING-03-20,SRC-B02-KSH-ENERGY-2025,2022,EKM_9_2023,MULTI_DWELLING,1946–1960,200,3848,MODELLED,https://www.ksh.hu/s/kiserleti-statisztika/kiadvanyok/a-magyar-lakasallomany-primerenergia-igenyenek-becslese/,2026-08-12,1a312ae2943238c139623ac6595ff9bb0ebe656fd12d2b7ab80739488b527c31
DIST-B02-MULTI_DWELLING-03-21,SRC-B02-KSH-ENERGY-2025,2022,EKM_9_2023,MULTI_DWELLING,1946–1960,210,5619,MODELLED,https://www.ksh.hu/s/kiserleti-statisztika/kiadvanyok/a-magyar-lakasallomany-primerenergia-igenyenek-becslese/,2026-08-12,1a312ae2943238c139623ac6595ff9bb0ebe656fd12d2b7ab80739488b527c31
DIST-B02-MULTI_DWELLING-03-22,SRC-B02-KSH-ENERGY-2025,2022,EKM_9_2023,MULTI_DWELLING,1946–1960,220,6080,MODELLED,https://www.ksh.hu/s/kiserleti-statisztika/kiadvanyok/a-magyar-lakasallomany-primerenergia-igenyenek-becslese/,2026-08-12,1a312ae2943238c139623ac6595ff9bb0ebe656fd12d2b7ab80739488b527c31
DIST-B02-MULTI_DWELLING-03-23,SRC-B02-KSH-ENERGY-2025,2022,EKM_9_2023,MULTI_DWELLING,1946–1960,230,7008,MODELLED,https://www.ksh.hu/s/kiserleti-statisztika/kiadvanyok/a-magyar-lakasallomany-primerenergia-igenyenek-becslese/,2026-08-12,1a312ae2943238c139623ac6595ff9bb0ebe656fd12d2b7ab80739488b527c31
DIST-B02-MULTI_DWELLING-03-24,SRC-B02-KSH-ENERGY-2025,2022,EKM_9_2023,MULTI_DWELLING,1946–1960,240,8238,MODELLED,https://www.ksh.hu/s/kiserleti-statisztika/kiadvanyok/a-magyar-lakasallomany-primerenergia-igenyenek-becslese/,2026-08-12,1a312ae2943238c139623ac6595ff9bb0ebe656fd12d2b7ab80739488b527c31
DIST-B02-MULTI_DWELLING-03-25,SRC-B02-KSH-ENERGY-2025,2022,EKM_9_2023,MULTI_DWELLING,1946–1960,250,10079,MODELLED,https://www.ksh.hu/s/kiserleti-statisztika/kiadvanyok/a-magyar-lakasallomany-primerenergia-igenyenek-becslese/,2026-08-12,1a312ae2943238c139623ac6595ff9bb0ebe656fd12d2b7ab80739488b527c31
DIST-B02-MULTI_DWELLING-03-26,SRC-B02-KSH-ENERGY-2025,2022,EKM_9_2023,MULTI_DWELLING,1946–1960,260,9877,MODELLED,https://www.ksh.hu/s/kiserleti-statisztika/kiadvanyok/a-magyar-lakasallomany-primerenergia-igenyenek-becslese/,2026-08-12,1a312ae2943238c139623ac6595ff9bb0ebe656fd12d2b7ab80739488b527c31
DIST-B02-MULTI_DWELLING-03-27,SRC-B02-KSH-ENERGY-2025,2022,EKM_9_2023,MULTI_DWELLING,1946–1960,270,9988,MODELLED,https://www.ksh.hu/s/kiserleti-statisztika/kiadvanyok/a-magyar-lakasallomany-primerenergia-igenyenek-becslese/,2026-08-12,1a312ae2943238c139623ac6595ff9bb0ebe656fd12d2b7ab80739488b527c31
DIST-B02-MULTI_DWELLING-03-28,SRC-B02-KSH-ENERGY-2025,2022,EKM_9_2023,MULTI_DWELLING,1946–1960,280,9384,MODELLED,https://www.ksh.hu/s/kiserleti-statisztika/kiadvanyok/a-magyar-lakasallomany-primerenergia-igenyenek-becslese/,2026-08-12,1a312ae2943238c139623ac6595ff9bb0ebe656fd12d2b7ab80739488b527c31
DIST-B02-MULTI_DWELLING-03-29,SRC-B02-KSH-ENERGY-2025,2022,EKM_9_2023,MULTI_DWELLING,1946–1960,290,8004,MODELLED,https://www.ksh.hu/s/kiserleti-statisztika/kiadvanyok/a-magyar-lakasallomany-primerenergia-igenyenek-becslese/,2026-08-12,1a312ae2943238c139623ac6595ff9bb0ebe656fd12d2b7ab80739488b527c31
DIST-B02-MULTI_DWELLING-03-30,SRC-B02-KSH-ENERGY-2025,2022,EKM_9_2023,MULTI_DWELLING,1946–1960,300,6948,MODELLED,https://www.ksh.hu/s/kiserleti-statisztika/kiadvanyok/a-magyar-lakasallomany-primerenergia-igenyenek-becslese/,2026-08-12,1a312ae2943238c139623ac6595ff9bb0ebe656fd12d2b7ab80739488b527c31
DIST-B02-MULTI_DWELLING-03-31,SRC-B02-KSH-ENERGY-2025,2022,EKM_9_2023,MULTI_DWELLING,1946–1960,310,4928,MODELLED,https://www.ksh.hu/s/kiserleti-statisztika/kiadvanyok/a-magyar-lakasallomany-primerenergia-igenyenek-becslese/,2026-08-12,1a312ae2943238c139623ac6595ff9bb0ebe656fd12d2b7ab80739488b527c31
DIST-B02-MULTI_DWELLING-03-32,SRC-B02-KSH-ENERGY-2025,2022,EKM_9_2023,MULTI_DWELLING,1946–1960,320,3954,MODELLED,https://www.ksh.hu/s/kiserleti-statisztika/kiadvanyok/a-magyar-lakasallomany-primerenergia-igenyenek-becslese/,2026-08-12,1a312ae2943238c139623ac6595ff9bb0ebe656fd12d2b7ab80739488b527c31
DIST-B02-MULTI_DWELLING-03-33,SRC-B02-KSH-ENERGY-2025,2022,EKM_9_2023,MULTI_DWELLING,1946–1960,330,3436,MODELLED,https://www.ksh.hu/s/kiserleti-statisztika/kiadvanyok/a-magyar-lakasallomany-primerenergia-igenyenek-becslese/,2026-08-12,1a312ae2943238c139623ac6595ff9bb0ebe656fd12d2b7ab80739488b527c31
DIST-B02-MULTI_DWELLING-03-34,SRC-B02-KSH-ENERGY-2025,2022,EKM_9_2023,MULTI_DWELLING,1946–1960,340,2988,MODELLED,https://www.ksh.hu/s/kiserleti-statisztika/kiadvanyok/a-magyar-lakasallomany-primerenergia-igenyenek-becslese/,2026-08-12,1a312ae2943238c139623ac6595ff9bb0ebe656fd12d2b7ab80739488b527c31
DIST-B02-MULTI_DWELLING-03-35,SRC-B02-KSH-ENERGY-2025,2022,EKM_9_2023,MULTI_DWELLING,1946–1960,350,2501,MODELLED,https://www.ksh.hu/s/kiserleti-statisztika/kiadvanyok/a-magyar-lakasallomany-primerenergia-igenyenek-becslese/,2026-08-12,1a312ae2943238c139623ac6595ff9bb0ebe656fd12d2b7ab80739488b527c31
DIST-B02-MULTI_DWELLING-03-36,SRC-B02-KSH-ENERGY-2025,2022,EKM_9_2023,MULTI_DWELLING,1946–1960,360,2217,MODELLED,https://www.ksh.hu/s/kiserleti-statisztika/kiadvanyok/a-magyar-lakasallomany-primerenergia-igenyenek-becslese/,2026-08-12,1a312ae2943238c139623ac6595ff9bb0ebe656fd12d2b7ab80739488b527c31
DIST-B02-MULTI_DWELLING-03-37,SRC-B02-KSH-ENERGY-2025,2022,EKM_9_2023,MULTI_DWELLING,1946–1960,370,1756,MODELLED,https://www.ksh.hu/s/kiserleti-statisztika/kiadvanyok/a-magyar-lakasallomany-primerenergia-igenyenek-becslese/,2026-08-12,1a312ae2943238c139623ac6595ff9bb0ebe656fd12d2b7ab80739488b527c31
DIST-B02-MULTI_DWELLING-03-38,SRC-B02-KSH-ENERGY-2025,2022,EKM_9_2023,MULTI_DWELLING,1946–1960,380,1638,MODELLED,https://www.ksh.hu/s/kiserleti-statisztika/kiadvanyok/a-magyar-lakasallomany-primerenergia-igenyenek-becslese/,2026-08-12,1a312ae2943238c139623ac6595ff9bb0ebe656fd12d2b7ab80739488b527c31
DIST-B02-MULTI_DWELLING-03-39,SRC-B02-KSH-ENERGY-2025,2022,EKM_9_2023,MULTI_DWELLING,1946–1960,390,1282,MODELLED,https://www.ksh.hu/s/kiserleti-statisztika/kiadvanyok/a-magyar-lakasallomany-primerenergia-igenyenek-becslese/,2026-08-12,1a312ae2943238c139623ac6595ff9bb0ebe656fd12d2b7ab80739488b527c31
DIST-B02-MULTI_DWELLING-03-40,SRC-B02-KSH-ENERGY-2025,2022,EKM_9_2023,MULTI_DWELLING,1946–1960,400,1133,MODELLED,https://www.ksh.hu/s/kiserleti-statisztika/kiadvanyok/a-magyar-lakasallomany-primerenergia-igenyenek-becslese/,2026-08-12,1a312ae2943238c139623ac6595ff9bb0ebe656fd12d2b7ab80739488b527c31
DIST-B02-MULTI_DWELLING-03-41,SRC-B02-KSH-ENERGY-2025,2022,EKM_9_2023,MULTI_DWELLING,1946–1960,410,879,MODELLED,https://www.ksh.hu/s/kiserleti-statisztika/kiadvanyok/a-magyar-lakasallomany-primerenergia-igenyenek-becslese/,2026-08-12,1a312ae2943238c139623ac6595ff9bb0ebe656fd12d2b7ab80739488b527c31
DIST-B02-MULTI_DWELLING-03-42,SRC-B02-KSH-ENERGY-2025,2022,EKM_9_2023,MULTI_DWELLING,1946–1960,420,702,MODELLED,https://www.ksh.hu/s/kiserleti-statisztika/kiadvanyok/a-magyar-lakasallomany-primerenergia-igenyenek-becslese/,2026-08-12,1a312ae2943238c139623ac6595ff9bb0ebe656fd12d2b7ab80739488b527c31
DIST-B02-MULTI_DWELLING-03-43,SRC-B02-KSH-ENERGY-2025,2022,EKM_9_2023,MULTI_DWELLING,1946–1960,430,512,MODELLED,https://www.ksh.hu/s/kiserleti-statisztika/kiadvanyok/a-magyar-lakasallomany-primerenergia-igenyenek-becslese/,2026-08-12,1a312ae2943238c139623ac6595ff9bb0ebe656fd12d2b7ab80739488b527c31
DIST-B02-MULTI_DWELLING-03-44,SRC-B02-KSH-ENERGY-2025,2022,EKM_9_2023,MULTI_DWELLING,1946–1960,440,403,MODELLED,https://www.ksh.hu/s/kiserleti-statisztika/kiadvanyok/a-magyar-lakasallomany-primerenergia-igenyenek-becslese/,2026-08-12,1a312ae2943238c139623ac6595ff9bb0ebe656fd12d2b7ab80739488b527c31
DIST-B02-MULTI_DWELLING-03-45,SRC-B02-KSH-ENERGY-2025,2022,EKM_9_2023,MULTI_DWELLING,1946–1960,450,286,MODELLED,https://www.ksh.hu/s/kiserleti-statisztika/kiadvanyok/a-magyar-lakasallomany-primerenergia-igenyenek-becslese/,2026-08-12,1a312ae2943238c139623ac6595ff9bb0ebe656fd12d2b7ab80739488b527c31
DIST-B02-MULTI_DWELLING-03-46,SRC-B02-KSH-ENERGY-2025,2022,EKM_9_2023,MULTI_DWELLING,1946–1960,460,224,MODELLED,https://www.ksh.hu/s/kiserleti-statisztika/kiadvanyok/a-magyar-lakasallomany-primerenergia-igenyenek-becslese/,2026-08-12,1a312ae2943238c139623ac6595ff9bb0ebe656fd12d2b7ab80739488b527c31
DIST-B02-MULTI_DWELLING-03-47,SRC-B02-KSH-ENERGY-2025,2022,EKM_9_2023,MULTI_DWELLING,1946–1960,470,173,MODELLED,https://www.ksh.hu/s/kiserleti-statisztika/kiadvanyok/a-magyar-lakasallomany-primerenergia-igenyenek-becslese/,2026-08-12,1a312ae2943238c139623ac6595ff9bb0ebe656fd12d2b7ab80739488b527c31
DIST-B02-MULTI_DWELLING-03-48,SRC-B02-KSH-ENERGY-2025,2022,EKM_9_2023,MULTI_DWELLING,1946–1960,480,85,MODELLED,https://www.ksh.hu/s/kiserleti-statisztika/kiadvanyok/a-magyar-lakasallomany-primerenergia-igenyenek-becslese/,2026-08-12,1a312ae2943238c139623ac6595ff9bb0ebe656fd12d2b7ab80739488b527c31
DIST-B02-MULTI_DWELLING-03-49,SRC-B02-KSH-ENERGY-2025,2022,EKM_9_2023,MULTI_DWELLING,1946–1960,490,71,MODELLED,https://www.ksh.hu/s/kiserleti-statisztika/kiadvanyok/a-magyar-lakasallomany-primerenergia-igenyenek-becslese/,2026-08-12,1a312ae2943238c139623ac6595ff9bb0ebe656fd12d2b7ab80739488b527c31
DIST-B02-MULTI_DWELLING-03-50,SRC-B02-KSH-ENERGY-2025,2022,EKM_9_2023,MULTI_DWELLING,1946–1960,500,43,MODELLED,https://www.ksh.hu/s/kiserleti-statisztika/kiadvanyok/a-magyar-lakasallomany-primerenergia-igenyenek-becslese/,2026-08-12,1a312ae2943238c139623ac6595ff9bb0ebe656fd12d2b7ab80739488b527c31
DIST-B02-MULTI_DWELLING-03-51,SRC-B02-KSH-ENERGY-2025,2022,EKM_9_2023,MULTI_DWELLING,1946–1960,510,46,MODELLED,https://www.ksh.hu/s/kiserleti-statisztika/kiadvanyok/a-magyar-lakasallomany-primerenergia-igenyenek-becslese/,2026-08-12,1a312ae2943238c139623ac6595ff9bb0ebe656fd12d2b7ab80739488b527c31
DIST-B02-MULTI_DWELLING-03-52,SRC-B02-KSH-ENERGY-2025,2022,EKM_9_2023,MULTI_DWELLING,1946–1960,520,12,MODELLED,https://www.ksh.hu/s/kiserleti-statisztika/kiadvanyok/a-magyar-lakasallomany-primerenergia-igenyenek-becslese/,2026-08-12,1a312ae2943238c139623ac6595ff9bb0ebe656fd12d2b7ab80739488b527c31
DIST-B02-MULTI_DWELLING-03-53,SRC-B02-KSH-ENERGY-2025,2022,EKM_9_2023,MULTI_DWELLING,1946–1960,530,29,MODELLED,https://www.ksh.hu/s/kiserleti-statisztika/kiadvanyok/a-magyar-lakasallomany-primerenergia-igenyenek-becslese/,2026-08-12,1a312ae2943238c139623ac6595ff9bb0ebe656fd12d2b7ab80739488b527c31
DIST-B02-MULTI_DWELLING-03-54,SRC-B02-KSH-ENERGY-2025,2022,EKM_9_2023,MULTI_DWELLING,1946–1960,540,34,MODELLED,https://www.ksh.hu/s/kiserleti-statisztika/kiadvanyok/a-magyar-lakasallomany-primerenergia-igenyenek-becslese/,2026-08-12,1a312ae2943238c139623ac6595ff9bb0ebe656fd12d2b7ab80739488b527c31
DIST-B02-MULTI_DWELLING-03-55,SRC-B02-KSH-ENERGY-2025,2022,EKM_9_2023,MULTI_DWELLING,1946–1960,550,12,MODELLED,https://www.ksh.hu/s/kiserleti-statisztika/kiadvanyok/a-magyar-lakasallomany-primerenergia-igenyenek-becslese/,2026-08-12,1a312ae2943238c139623ac6595ff9bb0ebe656fd12d2b7ab80739488b527c31
DIST-B02-MULTI_DWELLING-03-56,SRC-B02-KSH-ENERGY-2025,2022,EKM_9_2023,MULTI_DWELLING,1946–1960,560,10,MODELLED,https://www.ksh.hu/s/kiserleti-statisztika/kiadvanyok/a-magyar-lakasallomany-primerenergia-igenyenek-becslese/,2026-08-12,1a312ae2943238c139623ac6595ff9bb0ebe656fd12d2b7ab80739488b527c31
DIST-B02-MULTI_DWELLING-03-57,SRC-B02-KSH-ENERGY-2025,2022,EKM_9_2023,MULTI_DWELLING,1946–1960,570,7,MODELLED,https://www.ksh.hu/s/kiserleti-statisztika/kiadvanyok/a-magyar-lakasallomany-primerenergia-igenyenek-becslese/,2026-08-12,1a312ae2943238c139623ac6595ff9bb0ebe656fd12d2b7ab80739488b527c31
DIST-B02-MULTI_DWELLING-03-58,SRC-B02-KSH-ENERGY-2025,2022,EKM_9_2023,MULTI_DWELLING,1946–1960,580,5,MODELLED,https://www.ksh.hu/s/kiserleti-statisztika/kiadvanyok/a-magyar-lakasallomany-primerenergia-igenyenek-becslese/,2026-08-12,1a312ae2943238c139623ac6595ff9bb0ebe656fd12d2b7ab80739488b527c31
DIST-B02-MULTI_DWELLING-03-59,SRC-B02-KSH-ENERGY-2025,2022,EKM_9_2023,MULTI_DWELLING,1946–1960,590,4,MODELLED,https://www.ksh.hu/s/kiserleti-statisztika/kiadvanyok/a-magyar-lakasallomany-primerenergia-igenyenek-becslese/,2026-08-12,1a312ae2943238c139623ac6595ff9bb0ebe656fd12d2b7ab80739488b527c31
DIST-B02-MULTI_DWELLING-04-01,SRC-B02-KSH-ENERGY-2025,2022,EKM_9_2023,MULTI_DWELLING,1961–1980,10,0,MODELLED,https://www.ksh.hu/s/kiserleti-statisztika/kiadvanyok/a-magyar-lakasallomany-primerenergia-igenyenek-becslese/,2026-08-12,1a312ae2943238c139623ac6595ff9bb0ebe656fd12d2b7ab80739488b527c31
DIST-B02-MULTI_DWELLING-04-02,SRC-B02-KSH-ENERGY-2025,2022,EKM_9_2023,MULTI_DWELLING,1961–1980,20,0,MODELLED,https://www.ksh.hu/s/kiserleti-statisztika/kiadvanyok/a-magyar-lakasallomany-primerenergia-igenyenek-becslese/,2026-08-12,1a312ae2943238c139623ac6595ff9bb0ebe656fd12d2b7ab80739488b527c31
DIST-B02-MULTI_DWELLING-04-03,SRC-B02-KSH-ENERGY-2025,2022,EKM_9_2023,MULTI_DWELLING,1961–1980,30,0,MODELLED,https://www.ksh.hu/s/kiserleti-statisztika/kiadvanyok/a-magyar-lakasallomany-primerenergia-igenyenek-becslese/,2026-08-12,1a312ae2943238c139623ac6595ff9bb0ebe656fd12d2b7ab80739488b527c31
DIST-B02-MULTI_DWELLING-04-04,SRC-B02-KSH-ENERGY-2025,2022,EKM_9_2023,MULTI_DWELLING,1961–1980,40,0,MODELLED,https://www.ksh.hu/s/kiserleti-statisztika/kiadvanyok/a-magyar-lakasallomany-primerenergia-igenyenek-becslese/,2026-08-12,1a312ae2943238c139623ac6595ff9bb0ebe656fd12d2b7ab80739488b527c31
DIST-B02-MULTI_DWELLING-04-05,SRC-B02-KSH-ENERGY-2025,2022,EKM_9_2023,MULTI_DWELLING,1961–1980,50,27,MODELLED,https://www.ksh.hu/s/kiserleti-statisztika/kiadvanyok/a-magyar-lakasallomany-primerenergia-igenyenek-becslese/,2026-08-12,1a312ae2943238c139623ac6595ff9bb0ebe656fd12d2b7ab80739488b527c31
DIST-B02-MULTI_DWELLING-04-06,SRC-B02-KSH-ENERGY-2025,2022,EKM_9_2023,MULTI_DWELLING,1961–1980,60,359,MODELLED,https://www.ksh.hu/s/kiserleti-statisztika/kiadvanyok/a-magyar-lakasallomany-primerenergia-igenyenek-becslese/,2026-08-12,1a312ae2943238c139623ac6595ff9bb0ebe656fd12d2b7ab80739488b527c31
DIST-B02-MULTI_DWELLING-04-07,SRC-B02-KSH-ENERGY-2025,2022,EKM_9_2023,MULTI_DWELLING,1961–1980,70,922,MODELLED,https://www.ksh.hu/s/kiserleti-statisztika/kiadvanyok/a-magyar-lakasallomany-primerenergia-igenyenek-becslese/,2026-08-12,1a312ae2943238c139623ac6595ff9bb0ebe656fd12d2b7ab80739488b527c31
DIST-B02-MULTI_DWELLING-04-08,SRC-B02-KSH-ENERGY-2025,2022,EKM_9_2023,MULTI_DWELLING,1961–1980,80,1543,MODELLED,https://www.ksh.hu/s/kiserleti-statisztika/kiadvanyok/a-magyar-lakasallomany-primerenergia-igenyenek-becslese/,2026-08-12,1a312ae2943238c139623ac6595ff9bb0ebe656fd12d2b7ab80739488b527c31
DIST-B02-MULTI_DWELLING-04-09,SRC-B02-KSH-ENERGY-2025,2022,EKM_9_2023,MULTI_DWELLING,1961–1980,90,11330,MODELLED,https://www.ksh.hu/s/kiserleti-statisztika/kiadvanyok/a-magyar-lakasallomany-primerenergia-igenyenek-becslese/,2026-08-12,1a312ae2943238c139623ac6595ff9bb0ebe656fd12d2b7ab80739488b527c31
DIST-B02-MULTI_DWELLING-04-10,SRC-B02-KSH-ENERGY-2025,2022,EKM_9_2023,MULTI_DWELLING,1961–1980,100,8995,MODELLED,https://www.ksh.hu/s/kiserleti-statisztika/kiadvanyok/a-magyar-lakasallomany-primerenergia-igenyenek-becslese/,2026-08-12,1a312ae2943238c139623ac6595ff9bb0ebe656fd12d2b7ab80739488b527c31
DIST-B02-MULTI_DWELLING-04-11,SRC-B02-KSH-ENERGY-2025,2022,EKM_9_2023,MULTI_DWELLING,1961–1980,110,16038,MODELLED,https://www.ksh.hu/s/kiserleti-statisztika/kiadvanyok/a-magyar-lakasallomany-primerenergia-igenyenek-becslese/,2026-08-12,1a312ae2943238c139623ac6595ff9bb0ebe656fd12d2b7ab80739488b527c31
DIST-B02-MULTI_DWELLING-04-12,SRC-B02-KSH-ENERGY-2025,2022,EKM_9_2023,MULTI_DWELLING,1961–1980,120,42047,MODELLED,https://www.ksh.hu/s/kiserleti-statisztika/kiadvanyok/a-magyar-lakasallomany-primerenergia-igenyenek-becslese/,2026-08-12,1a312ae2943238c139623ac6595ff9bb0ebe656fd12d2b7ab80739488b527c31
DIST-B02-MULTI_DWELLING-04-13,SRC-B02-KSH-ENERGY-2025,2022,EKM_9_2023,MULTI_DWELLING,1961–1980,130,86959,MODELLED,https://www.ksh.hu/s/kiserleti-statisztika/kiadvanyok/a-magyar-lakasallomany-primerenergia-igenyenek-becslese/,2026-08-12,1a312ae2943238c139623ac6595ff9bb0ebe656fd12d2b7ab80739488b527c31
DIST-B02-MULTI_DWELLING-04-14,SRC-B02-KSH-ENERGY-2025,2022,EKM_9_2023,MULTI_DWELLING,1961–1980,140,65547,MODELLED,https://www.ksh.hu/s/kiserleti-statisztika/kiadvanyok/a-magyar-lakasallomany-primerenergia-igenyenek-becslese/,2026-08-12,1a312ae2943238c139623ac6595ff9bb0ebe656fd12d2b7ab80739488b527c31
DIST-B02-MULTI_DWELLING-04-15,SRC-B02-KSH-ENERGY-2025,2022,EKM_9_2023,MULTI_DWELLING,1961–1980,150,53793,MODELLED,https://www.ksh.hu/s/kiserleti-statisztika/kiadvanyok/a-magyar-lakasallomany-primerenergia-igenyenek-becslese/,2026-08-12,1a312ae2943238c139623ac6595ff9bb0ebe656fd12d2b7ab80739488b527c31
DIST-B02-MULTI_DWELLING-04-16,SRC-B02-KSH-ENERGY-2025,2022,EKM_9_2023,MULTI_DWELLING,1961–1980,160,41360,MODELLED,https://www.ksh.hu/s/kiserleti-statisztika/kiadvanyok/a-magyar-lakasallomany-primerenergia-igenyenek-becslese/,2026-08-12,1a312ae2943238c139623ac6595ff9bb0ebe656fd12d2b7ab80739488b527c31
DIST-B02-MULTI_DWELLING-04-17,SRC-B02-KSH-ENERGY-2025,2022,EKM_9_2023,MULTI_DWELLING,1961–1980,170,36146,MODELLED,https://www.ksh.hu/s/kiserleti-statisztika/kiadvanyok/a-magyar-lakasallomany-primerenergia-igenyenek-becslese/,2026-08-12,1a312ae2943238c139623ac6595ff9bb0ebe656fd12d2b7ab80739488b527c31
DIST-B02-MULTI_DWELLING-04-18,SRC-B02-KSH-ENERGY-2025,2022,EKM_9_2023,MULTI_DWELLING,1961–1980,180,31809,MODELLED,https://www.ksh.hu/s/kiserleti-statisztika/kiadvanyok/a-magyar-lakasallomany-primerenergia-igenyenek-becslese/,2026-08-12,1a312ae2943238c139623ac6595ff9bb0ebe656fd12d2b7ab80739488b527c31
DIST-B02-MULTI_DWELLING-04-19,SRC-B02-KSH-ENERGY-2025,2022,EKM_9_2023,MULTI_DWELLING,1961–1980,190,30978,MODELLED,https://www.ksh.hu/s/kiserleti-statisztika/kiadvanyok/a-magyar-lakasallomany-primerenergia-igenyenek-becslese/,2026-08-12,1a312ae2943238c139623ac6595ff9bb0ebe656fd12d2b7ab80739488b527c31
DIST-B02-MULTI_DWELLING-04-20,SRC-B02-KSH-ENERGY-2025,2022,EKM_9_2023,MULTI_DWELLING,1961–1980,200,29758,MODELLED,https://www.ksh.hu/s/kiserleti-statisztika/kiadvanyok/a-magyar-lakasallomany-primerenergia-igenyenek-becslese/,2026-08-12,1a312ae2943238c139623ac6595ff9bb0ebe656fd12d2b7ab80739488b527c31
DIST-B02-MULTI_DWELLING-04-21,SRC-B02-KSH-ENERGY-2025,2022,EKM_9_2023,MULTI_DWELLING,1961–1980,210,32806,MODELLED,https://www.ksh.hu/s/kiserleti-statisztika/kiadvanyok/a-magyar-lakasallomany-primerenergia-igenyenek-becslese/,2026-08-12,1a312ae2943238c139623ac6595ff9bb0ebe656fd12d2b7ab80739488b527c31
DIST-B02-MULTI_DWELLING-04-22,SRC-B02-KSH-ENERGY-2025,2022,EKM_9_2023,MULTI_DWELLING,1961–1980,220,34106,MODELLED,https://www.ksh.hu/s/kiserleti-statisztika/kiadvanyok/a-magyar-lakasallomany-primerenergia-igenyenek-becslese/,2026-08-12,1a312ae2943238c139623ac6595ff9bb0ebe656fd12d2b7ab80739488b527c31
DIST-B02-MULTI_DWELLING-04-23,SRC-B02-KSH-ENERGY-2025,2022,EKM_9_2023,MULTI_DWELLING,1961–1980,230,33237,MODELLED,https://www.ksh.hu/s/kiserleti-statisztika/kiadvanyok/a-magyar-lakasallomany-primerenergia-igenyenek-becslese/,2026-08-12,1a312ae2943238c139623ac6595ff9bb0ebe656fd12d2b7ab80739488b527c31
DIST-B02-MULTI_DWELLING-04-24,SRC-B02-KSH-ENERGY-2025,2022,EKM_9_2023,MULTI_DWELLING,1961–1980,240,30290,MODELLED,https://www.ksh.hu/s/kiserleti-statisztika/kiadvanyok/a-magyar-lakasallomany-primerenergia-igenyenek-becslese/,2026-08-12,1a312ae2943238c139623ac6595ff9bb0ebe656fd12d2b7ab80739488b527c31
DIST-B02-MULTI_DWELLING-04-25,SRC-B02-KSH-ENERGY-2025,2022,EKM_9_2023,MULTI_DWELLING,1961–1980,250,27680,MODELLED,https://www.ksh.hu/s/kiserleti-statisztika/kiadvanyok/a-magyar-lakasallomany-primerenergia-igenyenek-becslese/,2026-08-12,1a312ae2943238c139623ac6595ff9bb0ebe656fd12d2b7ab80739488b527c31
DIST-B02-MULTI_DWELLING-04-26,SRC-B02-KSH-ENERGY-2025,2022,EKM_9_2023,MULTI_DWELLING,1961–1980,260,22086,MODELLED,https://www.ksh.hu/s/kiserleti-statisztika/kiadvanyok/a-magyar-lakasallomany-primerenergia-igenyenek-becslese/,2026-08-12,1a312ae2943238c139623ac6595ff9bb0ebe656fd12d2b7ab80739488b527c31
DIST-B02-MULTI_DWELLING-04-27,SRC-B02-KSH-ENERGY-2025,2022,EKM_9_2023,MULTI_DWELLING,1961–1980,270,17010,MODELLED,https://www.ksh.hu/s/kiserleti-statisztika/kiadvanyok/a-magyar-lakasallomany-primerenergia-igenyenek-becslese/,2026-08-12,1a312ae2943238c139623ac6595ff9bb0ebe656fd12d2b7ab80739488b527c31
DIST-B02-MULTI_DWELLING-04-28,SRC-B02-KSH-ENERGY-2025,2022,EKM_9_2023,MULTI_DWELLING,1961–1980,280,14157,MODELLED,https://www.ksh.hu/s/kiserleti-statisztika/kiadvanyok/a-magyar-lakasallomany-primerenergia-igenyenek-becslese/,2026-08-12,1a312ae2943238c139623ac6595ff9bb0ebe656fd12d2b7ab80739488b527c31
DIST-B02-MULTI_DWELLING-04-29,SRC-B02-KSH-ENERGY-2025,2022,EKM_9_2023,MULTI_DWELLING,1961–1980,290,11717,MODELLED,https://www.ksh.hu/s/kiserleti-statisztika/kiadvanyok/a-magyar-lakasallomany-primerenergia-igenyenek-becslese/,2026-08-12,1a312ae2943238c139623ac6595ff9bb0ebe656fd12d2b7ab80739488b527c31
DIST-B02-MULTI_DWELLING-04-30,SRC-B02-KSH-ENERGY-2025,2022,EKM_9_2023,MULTI_DWELLING,1961–1980,300,8926,MODELLED,https://www.ksh.hu/s/kiserleti-statisztika/kiadvanyok/a-magyar-lakasallomany-primerenergia-igenyenek-becslese/,2026-08-12,1a312ae2943238c139623ac6595ff9bb0ebe656fd12d2b7ab80739488b527c31
DIST-B02-MULTI_DWELLING-04-31,SRC-B02-KSH-ENERGY-2025,2022,EKM_9_2023,MULTI_DWELLING,1961–1980,310,6381,MODELLED,https://www.ksh.hu/s/kiserleti-statisztika/kiadvanyok/a-magyar-lakasallomany-primerenergia-igenyenek-becslese/,2026-08-12,1a312ae2943238c139623ac6595ff9bb0ebe656fd12d2b7ab80739488b527c31
DIST-B02-MULTI_DWELLING-04-32,SRC-B02-KSH-ENERGY-2025,2022,EKM_9_2023,MULTI_DWELLING,1961–1980,320,4993,MODELLED,https://www.ksh.hu/s/kiserleti-statisztika/kiadvanyok/a-magyar-lakasallomany-primerenergia-igenyenek-becslese/,2026-08-12,1a312ae2943238c139623ac6595ff9bb0ebe656fd12d2b7ab80739488b527c31
DIST-B02-MULTI_DWELLING-04-33,SRC-B02-KSH-ENERGY-2025,2022,EKM_9_2023,MULTI_DWELLING,1961–1980,330,3999,MODELLED,https://www.ksh.hu/s/kiserleti-statisztika/kiadvanyok/a-magyar-lakasallomany-primerenergia-igenyenek-becslese/,2026-08-12,1a312ae2943238c139623ac6595ff9bb0ebe656fd12d2b7ab80739488b527c31
DIST-B02-MULTI_DWELLING-04-34,SRC-B02-KSH-ENERGY-2025,2022,EKM_9_2023,MULTI_DWELLING,1961–1980,340,2739,MODELLED,https://www.ksh.hu/s/kiserleti-statisztika/kiadvanyok/a-magyar-lakasallomany-primerenergia-igenyenek-becslese/,2026-08-12,1a312ae2943238c139623ac6595ff9bb0ebe656fd12d2b7ab80739488b527c31
DIST-B02-MULTI_DWELLING-04-35,SRC-B02-KSH-ENERGY-2025,2022,EKM_9_2023,MULTI_DWELLING,1961–1980,350,2051,MODELLED,https://www.ksh.hu/s/kiserleti-statisztika/kiadvanyok/a-magyar-lakasallomany-primerenergia-igenyenek-becslese/,2026-08-12,1a312ae2943238c139623ac6595ff9bb0ebe656fd12d2b7ab80739488b527c31
DIST-B02-MULTI_DWELLING-04-36,SRC-B02-KSH-ENERGY-2025,2022,EKM_9_2023,MULTI_DWELLING,1961–1980,360,1649,MODELLED,https://www.ksh.hu/s/kiserleti-statisztika/kiadvanyok/a-magyar-lakasallomany-primerenergia-igenyenek-becslese/,2026-08-12,1a312ae2943238c139623ac6595ff9bb0ebe656fd12d2b7ab80739488b527c31
DIST-B02-MULTI_DWELLING-04-37,SRC-B02-KSH-ENERGY-2025,2022,EKM_9_2023,MULTI_DWELLING,1961–1980,370,1310,MODELLED,https://www.ksh.hu/s/kiserleti-statisztika/kiadvanyok/a-magyar-lakasallomany-primerenergia-igenyenek-becslese/,2026-08-12,1a312ae2943238c139623ac6595ff9bb0ebe656fd12d2b7ab80739488b527c31
DIST-B02-MULTI_DWELLING-04-38,SRC-B02-KSH-ENERGY-2025,2022,EKM_9_2023,MULTI_DWELLING,1961–1980,380,1011,MODELLED,https://www.ksh.hu/s/kiserleti-statisztika/kiadvanyok/a-magyar-lakasallomany-primerenergia-igenyenek-becslese/,2026-08-12,1a312ae2943238c139623ac6595ff9bb0ebe656fd12d2b7ab80739488b527c31
DIST-B02-MULTI_DWELLING-04-39,SRC-B02-KSH-ENERGY-2025,2022,EKM_9_2023,MULTI_DWELLING,1961–1980,390,750,MODELLED,https://www.ksh.hu/s/kiserleti-statisztika/kiadvanyok/a-magyar-lakasallomany-primerenergia-igenyenek-becslese/,2026-08-12,1a312ae2943238c139623ac6595ff9bb0ebe656fd12d2b7ab80739488b527c31
DIST-B02-MULTI_DWELLING-04-40,SRC-B02-KSH-ENERGY-2025,2022,EKM_9_2023,MULTI_DWELLING,1961–1980,400,729,MODELLED,https://www.ksh.hu/s/kiserleti-statisztika/kiadvanyok/a-magyar-lakasallomany-primerenergia-igenyenek-becslese/,2026-08-12,1a312ae2943238c139623ac6595ff9bb0ebe656fd12d2b7ab80739488b527c31
DIST-B02-MULTI_DWELLING-04-41,SRC-B02-KSH-ENERGY-2025,2022,EKM_9_2023,MULTI_DWELLING,1961–1980,410,517,MODELLED,https://www.ksh.hu/s/kiserleti-statisztika/kiadvanyok/a-magyar-lakasallomany-primerenergia-igenyenek-becslese/,2026-08-12,1a312ae2943238c139623ac6595ff9bb0ebe656fd12d2b7ab80739488b527c31
DIST-B02-MULTI_DWELLING-04-42,SRC-B02-KSH-ENERGY-2025,2022,EKM_9_2023,MULTI_DWELLING,1961–1980,420,336,MODELLED,https://www.ksh.hu/s/kiserleti-statisztika/kiadvanyok/a-magyar-lakasallomany-primerenergia-igenyenek-becslese/,2026-08-12,1a312ae2943238c139623ac6595ff9bb0ebe656fd12d2b7ab80739488b527c31
DIST-B02-MULTI_DWELLING-04-43,SRC-B02-KSH-ENERGY-2025,2022,EKM_9_2023,MULTI_DWELLING,1961–1980,430,270,MODELLED,https://www.ksh.hu/s/kiserleti-statisztika/kiadvanyok/a-magyar-lakasallomany-primerenergia-igenyenek-becslese/,2026-08-12,1a312ae2943238c139623ac6595ff9bb0ebe656fd12d2b7ab80739488b527c31
DIST-B02-MULTI_DWELLING-04-44,SRC-B02-KSH-ENERGY-2025,2022,EKM_9_2023,MULTI_DWELLING,1961–1980,440,201,MODELLED,https://www.ksh.hu/s/kiserleti-statisztika/kiadvanyok/a-magyar-lakasallomany-primerenergia-igenyenek-becslese/,2026-08-12,1a312ae2943238c139623ac6595ff9bb0ebe656fd12d2b7ab80739488b527c31
DIST-B02-MULTI_DWELLING-04-45,SRC-B02-KSH-ENERGY-2025,2022,EKM_9_2023,MULTI_DWELLING,1961–1980,450,152,MODELLED,https://www.ksh.hu/s/kiserleti-statisztika/kiadvanyok/a-magyar-lakasallomany-primerenergia-igenyenek-becslese/,2026-08-12,1a312ae2943238c139623ac6595ff9bb0ebe656fd12d2b7ab80739488b527c31
DIST-B02-MULTI_DWELLING-04-46,SRC-B02-KSH-ENERGY-2025,2022,EKM_9_2023,MULTI_DWELLING,1961–1980,460,120,MODELLED,https://www.ksh.hu/s/kiserleti-statisztika/kiadvanyok/a-magyar-lakasallomany-primerenergia-igenyenek-becslese/,2026-08-12,1a312ae2943238c139623ac6595ff9bb0ebe656fd12d2b7ab80739488b527c31
DIST-B02-MULTI_DWELLING-04-47,SRC-B02-KSH-ENERGY-2025,2022,EKM_9_2023,MULTI_DWELLING,1961–1980,470,85,MODELLED,https://www.ksh.hu/s/kiserleti-statisztika/kiadvanyok/a-magyar-lakasallomany-primerenergia-igenyenek-becslese/,2026-08-12,1a312ae2943238c139623ac6595ff9bb0ebe656fd12d2b7ab80739488b527c31
DIST-B02-MULTI_DWELLING-04-48,SRC-B02-KSH-ENERGY-2025,2022,EKM_9_2023,MULTI_DWELLING,1961–1980,480,56,MODELLED,https://www.ksh.hu/s/kiserleti-statisztika/kiadvanyok/a-magyar-lakasallomany-primerenergia-igenyenek-becslese/,2026-08-12,1a312ae2943238c139623ac6595ff9bb0ebe656fd12d2b7ab80739488b527c31
DIST-B02-MULTI_DWELLING-04-49,SRC-B02-KSH-ENERGY-2025,2022,EKM_9_2023,MULTI_DWELLING,1961–1980,490,64,MODELLED,https://www.ksh.hu/s/kiserleti-statisztika/kiadvanyok/a-magyar-lakasallomany-primerenergia-igenyenek-becslese/,2026-08-12,1a312ae2943238c139623ac6595ff9bb0ebe656fd12d2b7ab80739488b527c31
DIST-B02-MULTI_DWELLING-04-50,SRC-B02-KSH-ENERGY-2025,2022,EKM_9_2023,MULTI_DWELLING,1961–1980,500,25,MODELLED,https://www.ksh.hu/s/kiserleti-statisztika/kiadvanyok/a-magyar-lakasallomany-primerenergia-igenyenek-becslese/,2026-08-12,1a312ae2943238c139623ac6595ff9bb0ebe656fd12d2b7ab80739488b527c31
DIST-B02-MULTI_DWELLING-04-51,SRC-B02-KSH-ENERGY-2025,2022,EKM_9_2023,MULTI_DWELLING,1961–1980,510,22,MODELLED,https://www.ksh.hu/s/kiserleti-statisztika/kiadvanyok/a-magyar-lakasallomany-primerenergia-igenyenek-becslese/,2026-08-12,1a312ae2943238c139623ac6595ff9bb0ebe656fd12d2b7ab80739488b527c31
DIST-B02-MULTI_DWELLING-04-52,SRC-B02-KSH-ENERGY-2025,2022,EKM_9_2023,MULTI_DWELLING,1961–1980,520,18,MODELLED,https://www.ksh.hu/s/kiserleti-statisztika/kiadvanyok/a-magyar-lakasallomany-primerenergia-igenyenek-becslese/,2026-08-12,1a312ae2943238c139623ac6595ff9bb0ebe656fd12d2b7ab80739488b527c31
DIST-B02-MULTI_DWELLING-04-53,SRC-B02-KSH-ENERGY-2025,2022,EKM_9_2023,MULTI_DWELLING,1961–1980,530,14,MODELLED,https://www.ksh.hu/s/kiserleti-statisztika/kiadvanyok/a-magyar-lakasallomany-primerenergia-igenyenek-becslese/,2026-08-12,1a312ae2943238c139623ac6595ff9bb0ebe656fd12d2b7ab80739488b527c31
DIST-B02-MULTI_DWELLING-04-54,SRC-B02-KSH-ENERGY-2025,2022,EKM_9_2023,MULTI_DWELLING,1961–1980,540,14,MODELLED,https://www.ksh.hu/s/kiserleti-statisztika/kiadvanyok/a-magyar-lakasallomany-primerenergia-igenyenek-becslese/,2026-08-12,1a312ae2943238c139623ac6595ff9bb0ebe656fd12d2b7ab80739488b527c31
DIST-B02-MULTI_DWELLING-04-55,SRC-B02-KSH-ENERGY-2025,2022,EKM_9_2023,MULTI_DWELLING,1961–1980,550,4,MODELLED,https://www.ksh.hu/s/kiserleti-statisztika/kiadvanyok/a-magyar-lakasallomany-primerenergia-igenyenek-becslese/,2026-08-12,1a312ae2943238c139623ac6595ff9bb0ebe656fd12d2b7ab80739488b527c31
DIST-B02-MULTI_DWELLING-04-56,SRC-B02-KSH-ENERGY-2025,2022,EKM_9_2023,MULTI_DWELLING,1961–1980,560,7,MODELLED,https://www.ksh.hu/s/kiserleti-statisztika/kiadvanyok/a-magyar-lakasallomany-primerenergia-igenyenek-becslese/,2026-08-12,1a312ae2943238c139623ac6595ff9bb0ebe656fd12d2b7ab80739488b527c31
DIST-B02-MULTI_DWELLING-04-57,SRC-B02-KSH-ENERGY-2025,2022,EKM_9_2023,MULTI_DWELLING,1961–1980,570,3,MODELLED,https://www.ksh.hu/s/kiserleti-statisztika/kiadvanyok/a-magyar-lakasallomany-primerenergia-igenyenek-becslese/,2026-08-12,1a312ae2943238c139623ac6595ff9bb0ebe656fd12d2b7ab80739488b527c31
DIST-B02-MULTI_DWELLING-04-58,SRC-B02-KSH-ENERGY-2025,2022,EKM_9_2023,MULTI_DWELLING,1961–1980,580,9,MODELLED,https://www.ksh.hu/s/kiserleti-statisztika/kiadvanyok/a-magyar-lakasallomany-primerenergia-igenyenek-becslese/,2026-08-12,1a312ae2943238c139623ac6595ff9bb0ebe656fd12d2b7ab80739488b527c31
DIST-B02-MULTI_DWELLING-04-59,SRC-B02-KSH-ENERGY-2025,2022,EKM_9_2023,MULTI_DWELLING,1961–1980,590,8,MODELLED,https://www.ksh.hu/s/kiserleti-statisztika/kiadvanyok/a-magyar-lakasallomany-primerenergia-igenyenek-becslese/,2026-08-12,1a312ae2943238c139623ac6595ff9bb0ebe656fd12d2b7ab80739488b527c31
DIST-B02-MULTI_DWELLING-05-01,SRC-B02-KSH-ENERGY-2025,2022,EKM_9_2023,MULTI_DWELLING,1981–2000,10,0,MODELLED,https://www.ksh.hu/s/kiserleti-statisztika/kiadvanyok/a-magyar-lakasallomany-primerenergia-igenyenek-becslese/,2026-08-12,1a312ae2943238c139623ac6595ff9bb0ebe656fd12d2b7ab80739488b527c31
DIST-B02-MULTI_DWELLING-05-02,SRC-B02-KSH-ENERGY-2025,2022,EKM_9_2023,MULTI_DWELLING,1981–2000,20,0,MODELLED,https://www.ksh.hu/s/kiserleti-statisztika/kiadvanyok/a-magyar-lakasallomany-primerenergia-igenyenek-becslese/,2026-08-12,1a312ae2943238c139623ac6595ff9bb0ebe656fd12d2b7ab80739488b527c31
DIST-B02-MULTI_DWELLING-05-03,SRC-B02-KSH-ENERGY-2025,2022,EKM_9_2023,MULTI_DWELLING,1981–2000,30,0,MODELLED,https://www.ksh.hu/s/kiserleti-statisztika/kiadvanyok/a-magyar-lakasallomany-primerenergia-igenyenek-becslese/,2026-08-12,1a312ae2943238c139623ac6595ff9bb0ebe656fd12d2b7ab80739488b527c31
DIST-B02-MULTI_DWELLING-05-04,SRC-B02-KSH-ENERGY-2025,2022,EKM_9_2023,MULTI_DWELLING,1981–2000,40,79,MODELLED,https://www.ksh.hu/s/kiserleti-statisztika/kiadvanyok/a-magyar-lakasallomany-primerenergia-igenyenek-becslese/,2026-08-12,1a312ae2943238c139623ac6595ff9bb0ebe656fd12d2b7ab80739488b527c31
DIST-B02-MULTI_DWELLING-05-05,SRC-B02-KSH-ENERGY-2025,2022,EKM_9_2023,MULTI_DWELLING,1981–2000,50,488,MODELLED,https://www.ksh.hu/s/kiserleti-statisztika/kiadvanyok/a-magyar-lakasallomany-primerenergia-igenyenek-becslese/,2026-08-12,1a312ae2943238c139623ac6595ff9bb0ebe656fd12d2b7ab80739488b527c31
DIST-B02-MULTI_DWELLING-05-06,SRC-B02-KSH-ENERGY-2025,2022,EKM_9_2023,MULTI_DWELLING,1981–2000,60,506,MODELLED,https://www.ksh.hu/s/kiserleti-statisztika/kiadvanyok/a-magyar-lakasallomany-primerenergia-igenyenek-becslese/,2026-08-12,1a312ae2943238c139623ac6595ff9bb0ebe656fd12d2b7ab80739488b527c31
DIST-B02-MULTI_DWELLING-05-07,SRC-B02-KSH-ENERGY-2025,2022,EKM_9_2023,MULTI_DWELLING,1981–2000,70,439,MODELLED,https://www.ksh.hu/s/kiserleti-statisztika/kiadvanyok/a-magyar-lakasallomany-primerenergia-igenyenek-becslese/,2026-08-12,1a312ae2943238c139623ac6595ff9bb0ebe656fd12d2b7ab80739488b527c31
DIST-B02-MULTI_DWELLING-05-08,SRC-B02-KSH-ENERGY-2025,2022,EKM_9_2023,MULTI_DWELLING,1981–2000,80,6020,MODELLED,https://www.ksh.hu/s/kiserleti-statisztika/kiadvanyok/a-magyar-lakasallomany-primerenergia-igenyenek-becslese/,2026-08-12,1a312ae2943238c139623ac6595ff9bb0ebe656fd12d2b7ab80739488b527c31
DIST-B02-MULTI_DWELLING-05-09,SRC-B02-KSH-ENERGY-2025,2022,EKM_9_2023,MULTI_DWELLING,1981–2000,90,4087,MODELLED,https://www.ksh.hu/s/kiserleti-statisztika/kiadvanyok/a-magyar-lakasallomany-primerenergia-igenyenek-becslese/,2026-08-12,1a312ae2943238c139623ac6595ff9bb0ebe656fd12d2b7ab80739488b527c31
DIST-B02-MULTI_DWELLING-05-10,SRC-B02-KSH-ENERGY-2025,2022,EKM_9_2023,MULTI_DWELLING,1981–2000,100,4082,MODELLED,https://www.ksh.hu/s/kiserleti-statisztika/kiadvanyok/a-magyar-lakasallomany-primerenergia-igenyenek-becslese/,2026-08-12,1a312ae2943238c139623ac6595ff9bb0ebe656fd12d2b7ab80739488b527c31
DIST-B02-MULTI_DWELLING-05-11,SRC-B02-KSH-ENERGY-2025,2022,EKM_9_2023,MULTI_DWELLING,1981–2000,110,11540,MODELLED,https://www.ksh.hu/s/kiserleti-statisztika/kiadvanyok/a-magyar-lakasallomany-primerenergia-igenyenek-becslese/,2026-08-12,1a312ae2943238c139623ac6595ff9bb0ebe656fd12d2b7ab80739488b527c31
DIST-B02-MULTI_DWELLING-05-12,SRC-B02-KSH-ENERGY-2025,2022,EKM_9_2023,MULTI_DWELLING,1981–2000,120,34134,MODELLED,https://www.ksh.hu/s/kiserleti-statisztika/kiadvanyok/a-magyar-lakasallomany-primerenergia-igenyenek-becslese/,2026-08-12,1a312ae2943238c139623ac6595ff9bb0ebe656fd12d2b7ab80739488b527c31
DIST-B02-MULTI_DWELLING-05-13,SRC-B02-KSH-ENERGY-2025,2022,EKM_9_2023,MULTI_DWELLING,1981–2000,130,38396,MODELLED,https://www.ksh.hu/s/kiserleti-statisztika/kiadvanyok/a-magyar-lakasallomany-primerenergia-igenyenek-becslese/,2026-08-12,1a312ae2943238c139623ac6595ff9bb0ebe656fd12d2b7ab80739488b527c31
DIST-B02-MULTI_DWELLING-05-14,SRC-B02-KSH-ENERGY-2025,2022,EKM_9_2023,MULTI_DWELLING,1981–2000,140,38013,MODELLED,https://www.ksh.hu/s/kiserleti-statisztika/kiadvanyok/a-magyar-lakasallomany-primerenergia-igenyenek-becslese/,2026-08-12,1a312ae2943238c139623ac6595ff9bb0ebe656fd12d2b7ab80739488b527c31
DIST-B02-MULTI_DWELLING-05-15,SRC-B02-KSH-ENERGY-2025,2022,EKM_9_2023,MULTI_DWELLING,1981–2000,150,38177,MODELLED,https://www.ksh.hu/s/kiserleti-statisztika/kiadvanyok/a-magyar-lakasallomany-primerenergia-igenyenek-becslese/,2026-08-12,1a312ae2943238c139623ac6595ff9bb0ebe656fd12d2b7ab80739488b527c31
DIST-B02-MULTI_DWELLING-05-16,SRC-B02-KSH-ENERGY-2025,2022,EKM_9_2023,MULTI_DWELLING,1981–2000,160,35590,MODELLED,https://www.ksh.hu/s/kiserleti-statisztika/kiadvanyok/a-magyar-lakasallomany-primerenergia-igenyenek-becslese/,2026-08-12,1a312ae2943238c139623ac6595ff9bb0ebe656fd12d2b7ab80739488b527c31
DIST-B02-MULTI_DWELLING-05-17,SRC-B02-KSH-ENERGY-2025,2022,EKM_9_2023,MULTI_DWELLING,1981–2000,170,27871,MODELLED,https://www.ksh.hu/s/kiserleti-statisztika/kiadvanyok/a-magyar-lakasallomany-primerenergia-igenyenek-becslese/,2026-08-12,1a312ae2943238c139623ac6595ff9bb0ebe656fd12d2b7ab80739488b527c31
DIST-B02-MULTI_DWELLING-05-18,SRC-B02-KSH-ENERGY-2025,2022,EKM_9_2023,MULTI_DWELLING,1981–2000,180,20992,MODELLED,https://www.ksh.hu/s/kiserleti-statisztika/kiadvanyok/a-magyar-lakasallomany-primerenergia-igenyenek-becslese/,2026-08-12,1a312ae2943238c139623ac6595ff9bb0ebe656fd12d2b7ab80739488b527c31
DIST-B02-MULTI_DWELLING-05-19,SRC-B02-KSH-ENERGY-2025,2022,EKM_9_2023,MULTI_DWELLING,1981–2000,190,14463,MODELLED,https://www.ksh.hu/s/kiserleti-statisztika/kiadvanyok/a-magyar-lakasallomany-primerenergia-igenyenek-becslese/,2026-08-12,1a312ae2943238c139623ac6595ff9bb0ebe656fd12d2b7ab80739488b527c31
DIST-B02-MULTI_DWELLING-05-20,SRC-B02-KSH-ENERGY-2025,2022,EKM_9_2023,MULTI_DWELLING,1981–2000,200,11175,MODELLED,https://www.ksh.hu/s/kiserleti-statisztika/kiadvanyok/a-magyar-lakasallomany-primerenergia-igenyenek-becslese/,2026-08-12,1a312ae2943238c139623ac6595ff9bb0ebe656fd12d2b7ab80739488b527c31
DIST-B02-MULTI_DWELLING-05-21,SRC-B02-KSH-ENERGY-2025,2022,EKM_9_2023,MULTI_DWELLING,1981–2000,210,9117,MODELLED,https://www.ksh.hu/s/kiserleti-statisztika/kiadvanyok/a-magyar-lakasallomany-primerenergia-igenyenek-becslese/,2026-08-12,1a312ae2943238c139623ac6595ff9bb0ebe656fd12d2b7ab80739488b527c31
DIST-B02-MULTI_DWELLING-05-22,SRC-B02-KSH-ENERGY-2025,2022,EKM_9_2023,MULTI_DWELLING,1981–2000,220,7108,MODELLED,https://www.ksh.hu/s/kiserleti-statisztika/kiadvanyok/a-magyar-lakasallomany-primerenergia-igenyenek-becslese/,2026-08-12,1a312ae2943238c139623ac6595ff9bb0ebe656fd12d2b7ab80739488b527c31
DIST-B02-MULTI_DWELLING-05-23,SRC-B02-KSH-ENERGY-2025,2022,EKM_9_2023,MULTI_DWELLING,1981–2000,230,6161,MODELLED,https://www.ksh.hu/s/kiserleti-statisztika/kiadvanyok/a-magyar-lakasallomany-primerenergia-igenyenek-becslese/,2026-08-12,1a312ae2943238c139623ac6595ff9bb0ebe656fd12d2b7ab80739488b527c31
DIST-B02-MULTI_DWELLING-05-24,SRC-B02-KSH-ENERGY-2025,2022,EKM_9_2023,MULTI_DWELLING,1981–2000,240,4830,MODELLED,https://www.ksh.hu/s/kiserleti-statisztika/kiadvanyok/a-magyar-lakasallomany-primerenergia-igenyenek-becslese/,2026-08-12,1a312ae2943238c139623ac6595ff9bb0ebe656fd12d2b7ab80739488b527c31
DIST-B02-MULTI_DWELLING-05-25,SRC-B02-KSH-ENERGY-2025,2022,EKM_9_2023,MULTI_DWELLING,1981–2000,250,3897,MODELLED,https://www.ksh.hu/s/kiserleti-statisztika/kiadvanyok/a-magyar-lakasallomany-primerenergia-igenyenek-becslese/,2026-08-12,1a312ae2943238c139623ac6595ff9bb0ebe656fd12d2b7ab80739488b527c31
DIST-B02-MULTI_DWELLING-05-26,SRC-B02-KSH-ENERGY-2025,2022,EKM_9_2023,MULTI_DWELLING,1981–2000,260,3298,MODELLED,https://www.ksh.hu/s/kiserleti-statisztika/kiadvanyok/a-magyar-lakasallomany-primerenergia-igenyenek-becslese/,2026-08-12,1a312ae2943238c139623ac6595ff9bb0ebe656fd12d2b7ab80739488b527c31
DIST-B02-MULTI_DWELLING-05-27,SRC-B02-KSH-ENERGY-2025,2022,EKM_9_2023,MULTI_DWELLING,1981–2000,270,2348,MODELLED,https://www.ksh.hu/s/kiserleti-statisztika/kiadvanyok/a-magyar-lakasallomany-primerenergia-igenyenek-becslese/,2026-08-12,1a312ae2943238c139623ac6595ff9bb0ebe656fd12d2b7ab80739488b527c31
DIST-B02-MULTI_DWELLING-05-28,SRC-B02-KSH-ENERGY-2025,2022,EKM_9_2023,MULTI_DWELLING,1981–2000,280,1814,MODELLED,https://www.ksh.hu/s/kiserleti-statisztika/kiadvanyok/a-magyar-lakasallomany-primerenergia-igenyenek-becslese/,2026-08-12,1a312ae2943238c139623ac6595ff9bb0ebe656fd12d2b7ab80739488b527c31
DIST-B02-MULTI_DWELLING-05-29,SRC-B02-KSH-ENERGY-2025,2022,EKM_9_2023,MULTI_DWELLING,1981–2000,290,1392,MODELLED,https://www.ksh.hu/s/kiserleti-statisztika/kiadvanyok/a-magyar-lakasallomany-primerenergia-igenyenek-becslese/,2026-08-12,1a312ae2943238c139623ac6595ff9bb0ebe656fd12d2b7ab80739488b527c31
DIST-B02-MULTI_DWELLING-05-30,SRC-B02-KSH-ENERGY-2025,2022,EKM_9_2023,MULTI_DWELLING,1981–2000,300,1107,MODELLED,https://www.ksh.hu/s/kiserleti-statisztika/kiadvanyok/a-magyar-lakasallomany-primerenergia-igenyenek-becslese/,2026-08-12,1a312ae2943238c139623ac6595ff9bb0ebe656fd12d2b7ab80739488b527c31
DIST-B02-MULTI_DWELLING-05-31,SRC-B02-KSH-ENERGY-2025,2022,EKM_9_2023,MULTI_DWELLING,1981–2000,310,725,MODELLED,https://www.ksh.hu/s/kiserleti-statisztika/kiadvanyok/a-magyar-lakasallomany-primerenergia-igenyenek-becslese/,2026-08-12,1a312ae2943238c139623ac6595ff9bb0ebe656fd12d2b7ab80739488b527c31
DIST-B02-MULTI_DWELLING-05-32,SRC-B02-KSH-ENERGY-2025,2022,EKM_9_2023,MULTI_DWELLING,1981–2000,320,489,MODELLED,https://www.ksh.hu/s/kiserleti-statisztika/kiadvanyok/a-magyar-lakasallomany-primerenergia-igenyenek-becslese/,2026-08-12,1a312ae2943238c139623ac6595ff9bb0ebe656fd12d2b7ab80739488b527c31
DIST-B02-MULTI_DWELLING-05-33,SRC-B02-KSH-ENERGY-2025,2022,EKM_9_2023,MULTI_DWELLING,1981–2000,330,418,MODELLED,https://www.ksh.hu/s/kiserleti-statisztika/kiadvanyok/a-magyar-lakasallomany-primerenergia-igenyenek-becslese/,2026-08-12,1a312ae2943238c139623ac6595ff9bb0ebe656fd12d2b7ab80739488b527c31
DIST-B02-MULTI_DWELLING-05-34,SRC-B02-KSH-ENERGY-2025,2022,EKM_9_2023,MULTI_DWELLING,1981–2000,340,258,MODELLED,https://www.ksh.hu/s/kiserleti-statisztika/kiadvanyok/a-magyar-lakasallomany-primerenergia-igenyenek-becslese/,2026-08-12,1a312ae2943238c139623ac6595ff9bb0ebe656fd12d2b7ab80739488b527c31
DIST-B02-MULTI_DWELLING-05-35,SRC-B02-KSH-ENERGY-2025,2022,EKM_9_2023,MULTI_DWELLING,1981–2000,350,156,MODELLED,https://www.ksh.hu/s/kiserleti-statisztika/kiadvanyok/a-magyar-lakasallomany-primerenergia-igenyenek-becslese/,2026-08-12,1a312ae2943238c139623ac6595ff9bb0ebe656fd12d2b7ab80739488b527c31
DIST-B02-MULTI_DWELLING-05-36,SRC-B02-KSH-ENERGY-2025,2022,EKM_9_2023,MULTI_DWELLING,1981–2000,360,138,MODELLED,https://www.ksh.hu/s/kiserleti-statisztika/kiadvanyok/a-magyar-lakasallomany-primerenergia-igenyenek-becslese/,2026-08-12,1a312ae2943238c139623ac6595ff9bb0ebe656fd12d2b7ab80739488b527c31
DIST-B02-MULTI_DWELLING-05-37,SRC-B02-KSH-ENERGY-2025,2022,EKM_9_2023,MULTI_DWELLING,1981–2000,370,113,MODELLED,https://www.ksh.hu/s/kiserleti-statisztika/kiadvanyok/a-magyar-lakasallomany-primerenergia-igenyenek-becslese/,2026-08-12,1a312ae2943238c139623ac6595ff9bb0ebe656fd12d2b7ab80739488b527c31
DIST-B02-MULTI_DWELLING-05-38,SRC-B02-KSH-ENERGY-2025,2022,EKM_9_2023,MULTI_DWELLING,1981–2000,380,105,MODELLED,https://www.ksh.hu/s/kiserleti-statisztika/kiadvanyok/a-magyar-lakasallomany-primerenergia-igenyenek-becslese/,2026-08-12,1a312ae2943238c139623ac6595ff9bb0ebe656fd12d2b7ab80739488b527c31
DIST-B02-MULTI_DWELLING-05-39,SRC-B02-KSH-ENERGY-2025,2022,EKM_9_2023,MULTI_DWELLING,1981–2000,390,75,MODELLED,https://www.ksh.hu/s/kiserleti-statisztika/kiadvanyok/a-magyar-lakasallomany-primerenergia-igenyenek-becslese/,2026-08-12,1a312ae2943238c139623ac6595ff9bb0ebe656fd12d2b7ab80739488b527c31
DIST-B02-MULTI_DWELLING-05-40,SRC-B02-KSH-ENERGY-2025,2022,EKM_9_2023,MULTI_DWELLING,1981–2000,400,54,MODELLED,https://www.ksh.hu/s/kiserleti-statisztika/kiadvanyok/a-magyar-lakasallomany-primerenergia-igenyenek-becslese/,2026-08-12,1a312ae2943238c139623ac6595ff9bb0ebe656fd12d2b7ab80739488b527c31
DIST-B02-MULTI_DWELLING-05-41,SRC-B02-KSH-ENERGY-2025,2022,EKM_9_2023,MULTI_DWELLING,1981–2000,410,35,MODELLED,https://www.ksh.hu/s/kiserleti-statisztika/kiadvanyok/a-magyar-lakasallomany-primerenergia-igenyenek-becslese/,2026-08-12,1a312ae2943238c139623ac6595ff9bb0ebe656fd12d2b7ab80739488b527c31
DIST-B02-MULTI_DWELLING-05-42,SRC-B02-KSH-ENERGY-2025,2022,EKM_9_2023,MULTI_DWELLING,1981–2000,420,34,MODELLED,https://www.ksh.hu/s/kiserleti-statisztika/kiadvanyok/a-magyar-lakasallomany-primerenergia-igenyenek-becslese/,2026-08-12,1a312ae2943238c139623ac6595ff9bb0ebe656fd12d2b7ab80739488b527c31
DIST-B02-MULTI_DWELLING-05-43,SRC-B02-KSH-ENERGY-2025,2022,EKM_9_2023,MULTI_DWELLING,1981–2000,430,26,MODELLED,https://www.ksh.hu/s/kiserleti-statisztika/kiadvanyok/a-magyar-lakasallomany-primerenergia-igenyenek-becslese/,2026-08-12,1a312ae2943238c139623ac6595ff9bb0ebe656fd12d2b7ab80739488b527c31
DIST-B02-MULTI_DWELLING-05-44,SRC-B02-KSH-ENERGY-2025,2022,EKM_9_2023,MULTI_DWELLING,1981–2000,440,22,MODELLED,https://www.ksh.hu/s/kiserleti-statisztika/kiadvanyok/a-magyar-lakasallomany-primerenergia-igenyenek-becslese/,2026-08-12,1a312ae2943238c139623ac6595ff9bb0ebe656fd12d2b7ab80739488b527c31
DIST-B02-MULTI_DWELLING-05-45,SRC-B02-KSH-ENERGY-2025,2022,EKM_9_2023,MULTI_DWELLING,1981–2000,450,22,MODELLED,https://www.ksh.hu/s/kiserleti-statisztika/kiadvanyok/a-magyar-lakasallomany-primerenergia-igenyenek-becslese/,2026-08-12,1a312ae2943238c139623ac6595ff9bb0ebe656fd12d2b7ab80739488b527c31
DIST-B02-MULTI_DWELLING-05-46,SRC-B02-KSH-ENERGY-2025,2022,EKM_9_2023,MULTI_DWELLING,1981–2000,460,9,MODELLED,https://www.ksh.hu/s/kiserleti-statisztika/kiadvanyok/a-magyar-lakasallomany-primerenergia-igenyenek-becslese/,2026-08-12,1a312ae2943238c139623ac6595ff9bb0ebe656fd12d2b7ab80739488b527c31
DIST-B02-MULTI_DWELLING-05-47,SRC-B02-KSH-ENERGY-2025,2022,EKM_9_2023,MULTI_DWELLING,1981–2000,470,13,MODELLED,https://www.ksh.hu/s/kiserleti-statisztika/kiadvanyok/a-magyar-lakasallomany-primerenergia-igenyenek-becslese/,2026-08-12,1a312ae2943238c139623ac6595ff9bb0ebe656fd12d2b7ab80739488b527c31
DIST-B02-MULTI_DWELLING-05-48,SRC-B02-KSH-ENERGY-2025,2022,EKM_9_2023,MULTI_DWELLING,1981–2000,480,7,MODELLED,https://www.ksh.hu/s/kiserleti-statisztika/kiadvanyok/a-magyar-lakasallomany-primerenergia-igenyenek-becslese/,2026-08-12,1a312ae2943238c139623ac6595ff9bb0ebe656fd12d2b7ab80739488b527c31
DIST-B02-MULTI_DWELLING-05-49,SRC-B02-KSH-ENERGY-2025,2022,EKM_9_2023,MULTI_DWELLING,1981–2000,490,4,MODELLED,https://www.ksh.hu/s/kiserleti-statisztika/kiadvanyok/a-magyar-lakasallomany-primerenergia-igenyenek-becslese/,2026-08-12,1a312ae2943238c139623ac6595ff9bb0ebe656fd12d2b7ab80739488b527c31
DIST-B02-MULTI_DWELLING-05-50,SRC-B02-KSH-ENERGY-2025,2022,EKM_9_2023,MULTI_DWELLING,1981–2000,500,5,MODELLED,https://www.ksh.hu/s/kiserleti-statisztika/kiadvanyok/a-magyar-lakasallomany-primerenergia-igenyenek-becslese/,2026-08-12,1a312ae2943238c139623ac6595ff9bb0ebe656fd12d2b7ab80739488b527c31
DIST-B02-MULTI_DWELLING-05-51,SRC-B02-KSH-ENERGY-2025,2022,EKM_9_2023,MULTI_DWELLING,1981–2000,510,1,MODELLED,https://www.ksh.hu/s/kiserleti-statisztika/kiadvanyok/a-magyar-lakasallomany-primerenergia-igenyenek-becslese/,2026-08-12,1a312ae2943238c139623ac6595ff9bb0ebe656fd12d2b7ab80739488b527c31
DIST-B02-MULTI_DWELLING-05-52,SRC-B02-KSH-ENERGY-2025,2022,EKM_9_2023,MULTI_DWELLING,1981–2000,520,2,MODELLED,https://www.ksh.hu/s/kiserleti-statisztika/kiadvanyok/a-magyar-lakasallomany-primerenergia-igenyenek-becslese/,2026-08-12,1a312ae2943238c139623ac6595ff9bb0ebe656fd12d2b7ab80739488b527c31
DIST-B02-MULTI_DWELLING-05-53,SRC-B02-KSH-ENERGY-2025,2022,EKM_9_2023,MULTI_DWELLING,1981–2000,530,1,MODELLED,https://www.ksh.hu/s/kiserleti-statisztika/kiadvanyok/a-magyar-lakasallomany-primerenergia-igenyenek-becslese/,2026-08-12,1a312ae2943238c139623ac6595ff9bb0ebe656fd12d2b7ab80739488b527c31
DIST-B02-MULTI_DWELLING-05-54,SRC-B02-KSH-ENERGY-2025,2022,EKM_9_2023,MULTI_DWELLING,1981–2000,540,1,MODELLED,https://www.ksh.hu/s/kiserleti-statisztika/kiadvanyok/a-magyar-lakasallomany-primerenergia-igenyenek-becslese/,2026-08-12,1a312ae2943238c139623ac6595ff9bb0ebe656fd12d2b7ab80739488b527c31
DIST-B02-MULTI_DWELLING-05-55,SRC-B02-KSH-ENERGY-2025,2022,EKM_9_2023,MULTI_DWELLING,1981–2000,550,1,MODELLED,https://www.ksh.hu/s/kiserleti-statisztika/kiadvanyok/a-magyar-lakasallomany-primerenergia-igenyenek-becslese/,2026-08-12,1a312ae2943238c139623ac6595ff9bb0ebe656fd12d2b7ab80739488b527c31
DIST-B02-MULTI_DWELLING-05-56,SRC-B02-KSH-ENERGY-2025,2022,EKM_9_2023,MULTI_DWELLING,1981–2000,560,2,MODELLED,https://www.ksh.hu/s/kiserleti-statisztika/kiadvanyok/a-magyar-lakasallomany-primerenergia-igenyenek-becslese/,2026-08-12,1a312ae2943238c139623ac6595ff9bb0ebe656fd12d2b7ab80739488b527c31
DIST-B02-MULTI_DWELLING-05-57,SRC-B02-KSH-ENERGY-2025,2022,EKM_9_2023,MULTI_DWELLING,1981–2000,570,0,MODELLED,https://www.ksh.hu/s/kiserleti-statisztika/kiadvanyok/a-magyar-lakasallomany-primerenergia-igenyenek-becslese/,2026-08-12,1a312ae2943238c139623ac6595ff9bb0ebe656fd12d2b7ab80739488b527c31
DIST-B02-MULTI_DWELLING-05-58,SRC-B02-KSH-ENERGY-2025,2022,EKM_9_2023,MULTI_DWELLING,1981–2000,580,0,MODELLED,https://www.ksh.hu/s/kiserleti-statisztika/kiadvanyok/a-magyar-lakasallomany-primerenergia-igenyenek-becslese/,2026-08-12,1a312ae2943238c139623ac6595ff9bb0ebe656fd12d2b7ab80739488b527c31
DIST-B02-MULTI_DWELLING-05-59,SRC-B02-KSH-ENERGY-2025,2022,EKM_9_2023,MULTI_DWELLING,1981–2000,590,2,MODELLED,https://www.ksh.hu/s/kiserleti-statisztika/kiadvanyok/a-magyar-lakasallomany-primerenergia-igenyenek-becslese/,2026-08-12,1a312ae2943238c139623ac6595ff9bb0ebe656fd12d2b7ab80739488b527c31
DIST-B02-MULTI_DWELLING-06-01,SRC-B02-KSH-ENERGY-2025,2022,EKM_9_2023,MULTI_DWELLING,2001–2010,10,0,MODELLED,https://www.ksh.hu/s/kiserleti-statisztika/kiadvanyok/a-magyar-lakasallomany-primerenergia-igenyenek-becslese/,2026-08-12,1a312ae2943238c139623ac6595ff9bb0ebe656fd12d2b7ab80739488b527c31
DIST-B02-MULTI_DWELLING-06-02,SRC-B02-KSH-ENERGY-2025,2022,EKM_9_2023,MULTI_DWELLING,2001–2010,20,0,MODELLED,https://www.ksh.hu/s/kiserleti-statisztika/kiadvanyok/a-magyar-lakasallomany-primerenergia-igenyenek-becslese/,2026-08-12,1a312ae2943238c139623ac6595ff9bb0ebe656fd12d2b7ab80739488b527c31
DIST-B02-MULTI_DWELLING-06-03,SRC-B02-KSH-ENERGY-2025,2022,EKM_9_2023,MULTI_DWELLING,2001–2010,30,1,MODELLED,https://www.ksh.hu/s/kiserleti-statisztika/kiadvanyok/a-magyar-lakasallomany-primerenergia-igenyenek-becslese/,2026-08-12,1a312ae2943238c139623ac6595ff9bb0ebe656fd12d2b7ab80739488b527c31
DIST-B02-MULTI_DWELLING-06-04,SRC-B02-KSH-ENERGY-2025,2022,EKM_9_2023,MULTI_DWELLING,2001–2010,40,5,MODELLED,https://www.ksh.hu/s/kiserleti-statisztika/kiadvanyok/a-magyar-lakasallomany-primerenergia-igenyenek-becslese/,2026-08-12,1a312ae2943238c139623ac6595ff9bb0ebe656fd12d2b7ab80739488b527c31
DIST-B02-MULTI_DWELLING-06-05,SRC-B02-KSH-ENERGY-2025,2022,EKM_9_2023,MULTI_DWELLING,2001–2010,50,9,MODELLED,https://www.ksh.hu/s/kiserleti-statisztika/kiadvanyok/a-magyar-lakasallomany-primerenergia-igenyenek-becslese/,2026-08-12,1a312ae2943238c139623ac6595ff9bb0ebe656fd12d2b7ab80739488b527c31
DIST-B02-MULTI_DWELLING-06-06,SRC-B02-KSH-ENERGY-2025,2022,EKM_9_2023,MULTI_DWELLING,2001–2010,60,73,MODELLED,https://www.ksh.hu/s/kiserleti-statisztika/kiadvanyok/a-magyar-lakasallomany-primerenergia-igenyenek-becslese/,2026-08-12,1a312ae2943238c139623ac6595ff9bb0ebe656fd12d2b7ab80739488b527c31
DIST-B02-MULTI_DWELLING-06-07,SRC-B02-KSH-ENERGY-2025,2022,EKM_9_2023,MULTI_DWELLING,2001–2010,70,143,MODELLED,https://www.ksh.hu/s/kiserleti-statisztika/kiadvanyok/a-magyar-lakasallomany-primerenergia-igenyenek-becslese/,2026-08-12,1a312ae2943238c139623ac6595ff9bb0ebe656fd12d2b7ab80739488b527c31
DIST-B02-MULTI_DWELLING-06-08,SRC-B02-KSH-ENERGY-2025,2022,EKM_9_2023,MULTI_DWELLING,2001–2010,80,228,MODELLED,https://www.ksh.hu/s/kiserleti-statisztika/kiadvanyok/a-magyar-lakasallomany-primerenergia-igenyenek-becslese/,2026-08-12,1a312ae2943238c139623ac6595ff9bb0ebe656fd12d2b7ab80739488b527c31
DIST-B02-MULTI_DWELLING-06-09,SRC-B02-KSH-ENERGY-2025,2022,EKM_9_2023,MULTI_DWELLING,2001–2010,90,5285,MODELLED,https://www.ksh.hu/s/kiserleti-statisztika/kiadvanyok/a-magyar-lakasallomany-primerenergia-igenyenek-becslese/,2026-08-12,1a312ae2943238c139623ac6595ff9bb0ebe656fd12d2b7ab80739488b527c31
DIST-B02-MULTI_DWELLING-06-10,SRC-B02-KSH-ENERGY-2025,2022,EKM_9_2023,MULTI_DWELLING,2001–2010,100,23749,MODELLED,https://www.ksh.hu/s/kiserleti-statisztika/kiadvanyok/a-magyar-lakasallomany-primerenergia-igenyenek-becslese/,2026-08-12,1a312ae2943238c139623ac6595ff9bb0ebe656fd12d2b7ab80739488b527c31
DIST-B02-MULTI_DWELLING-06-11,SRC-B02-KSH-ENERGY-2025,2022,EKM_9_2023,MULTI_DWELLING,2001–2010,110,30452,MODELLED,https://www.ksh.hu/s/kiserleti-statisztika/kiadvanyok/a-magyar-lakasallomany-primerenergia-igenyenek-becslese/,2026-08-12,1a312ae2943238c139623ac6595ff9bb0ebe656fd12d2b7ab80739488b527c31
DIST-B02-MULTI_DWELLING-06-12,SRC-B02-KSH-ENERGY-2025,2022,EKM_9_2023,MULTI_DWELLING,2001–2010,120,33217,MODELLED,https://www.ksh.hu/s/kiserleti-statisztika/kiadvanyok/a-magyar-lakasallomany-primerenergia-igenyenek-becslese/,2026-08-12,1a312ae2943238c139623ac6595ff9bb0ebe656fd12d2b7ab80739488b527c31
DIST-B02-MULTI_DWELLING-06-13,SRC-B02-KSH-ENERGY-2025,2022,EKM_9_2023,MULTI_DWELLING,2001–2010,130,27283,MODELLED,https://www.ksh.hu/s/kiserleti-statisztika/kiadvanyok/a-magyar-lakasallomany-primerenergia-igenyenek-becslese/,2026-08-12,1a312ae2943238c139623ac6595ff9bb0ebe656fd12d2b7ab80739488b527c31
DIST-B02-MULTI_DWELLING-06-14,SRC-B02-KSH-ENERGY-2025,2022,EKM_9_2023,MULTI_DWELLING,2001–2010,140,15665,MODELLED,https://www.ksh.hu/s/kiserleti-statisztika/kiadvanyok/a-magyar-lakasallomany-primerenergia-igenyenek-becslese/,2026-08-12,1a312ae2943238c139623ac6595ff9bb0ebe656fd12d2b7ab80739488b527c31
DIST-B02-MULTI_DWELLING-06-15,SRC-B02-KSH-ENERGY-2025,2022,EKM_9_2023,MULTI_DWELLING,2001–2010,150,6642,MODELLED,https://www.ksh.hu/s/kiserleti-statisztika/kiadvanyok/a-magyar-lakasallomany-primerenergia-igenyenek-becslese/,2026-08-12,1a312ae2943238c139623ac6595ff9bb0ebe656fd12d2b7ab80739488b527c31
DIST-B02-MULTI_DWELLING-06-16,SRC-B02-KSH-ENERGY-2025,2022,EKM_9_2023,MULTI_DWELLING,2001–2010,160,3704,MODELLED,https://www.ksh.hu/s/kiserleti-statisztika/kiadvanyok/a-magyar-lakasallomany-primerenergia-igenyenek-becslese/,2026-08-12,1a312ae2943238c139623ac6595ff9bb0ebe656fd12d2b7ab80739488b527c31
DIST-B02-MULTI_DWELLING-06-17,SRC-B02-KSH-ENERGY-2025,2022,EKM_9_2023,MULTI_DWELLING,2001–2010,170,2087,MODELLED,https://www.ksh.hu/s/kiserleti-statisztika/kiadvanyok/a-magyar-lakasallomany-primerenergia-igenyenek-becslese/,2026-08-12,1a312ae2943238c139623ac6595ff9bb0ebe656fd12d2b7ab80739488b527c31
DIST-B02-MULTI_DWELLING-06-18,SRC-B02-KSH-ENERGY-2025,2022,EKM_9_2023,MULTI_DWELLING,2001–2010,180,1364,MODELLED,https://www.ksh.hu/s/kiserleti-statisztika/kiadvanyok/a-magyar-lakasallomany-primerenergia-igenyenek-becslese/,2026-08-12,1a312ae2943238c139623ac6595ff9bb0ebe656fd12d2b7ab80739488b527c31
DIST-B02-MULTI_DWELLING-06-19,SRC-B02-KSH-ENERGY-2025,2022,EKM_9_2023,MULTI_DWELLING,2001–2010,190,941,MODELLED,https://www.ksh.hu/s/kiserleti-statisztika/kiadvanyok/a-magyar-lakasallomany-primerenergia-igenyenek-becslese/,2026-08-12,1a312ae2943238c139623ac6595ff9bb0ebe656fd12d2b7ab80739488b527c31
DIST-B02-MULTI_DWELLING-06-20,SRC-B02-KSH-ENERGY-2025,2022,EKM_9_2023,MULTI_DWELLING,2001–2010,200,705,MODELLED,https://www.ksh.hu/s/kiserleti-statisztika/kiadvanyok/a-magyar-lakasallomany-primerenergia-igenyenek-becslese/,2026-08-12,1a312ae2943238c139623ac6595ff9bb0ebe656fd12d2b7ab80739488b527c31
DIST-B02-MULTI_DWELLING-06-21,SRC-B02-KSH-ENERGY-2025,2022,EKM_9_2023,MULTI_DWELLING,2001–2010,210,538,MODELLED,https://www.ksh.hu/s/kiserleti-statisztika/kiadvanyok/a-magyar-lakasallomany-primerenergia-igenyenek-becslese/,2026-08-12,1a312ae2943238c139623ac6595ff9bb0ebe656fd12d2b7ab80739488b527c31
DIST-B02-MULTI_DWELLING-06-22,SRC-B02-KSH-ENERGY-2025,2022,EKM_9_2023,MULTI_DWELLING,2001–2010,220,421,MODELLED,https://www.ksh.hu/s/kiserleti-statisztika/kiadvanyok/a-magyar-lakasallomany-primerenergia-igenyenek-becslese/,2026-08-12,1a312ae2943238c139623ac6595ff9bb0ebe656fd12d2b7ab80739488b527c31
DIST-B02-MULTI_DWELLING-06-23,SRC-B02-KSH-ENERGY-2025,2022,EKM_9_2023,MULTI_DWELLING,2001–2010,230,274,MODELLED,https://www.ksh.hu/s/kiserleti-statisztika/kiadvanyok/a-magyar-lakasallomany-primerenergia-igenyenek-becslese/,2026-08-12,1a312ae2943238c139623ac6595ff9bb0ebe656fd12d2b7ab80739488b527c31
DIST-B02-MULTI_DWELLING-06-24,SRC-B02-KSH-ENERGY-2025,2022,EKM_9_2023,MULTI_DWELLING,2001–2010,240,175,MODELLED,https://www.ksh.hu/s/kiserleti-statisztika/kiadvanyok/a-magyar-lakasallomany-primerenergia-igenyenek-becslese/,2026-08-12,1a312ae2943238c139623ac6595ff9bb0ebe656fd12d2b7ab80739488b527c31
DIST-B02-MULTI_DWELLING-06-25,SRC-B02-KSH-ENERGY-2025,2022,EKM_9_2023,MULTI_DWELLING,2001–2010,250,159,MODELLED,https://www.ksh.hu/s/kiserleti-statisztika/kiadvanyok/a-magyar-lakasallomany-primerenergia-igenyenek-becslese/,2026-08-12,1a312ae2943238c139623ac6595ff9bb0ebe656fd12d2b7ab80739488b527c31
DIST-B02-MULTI_DWELLING-06-26,SRC-B02-KSH-ENERGY-2025,2022,EKM_9_2023,MULTI_DWELLING,2001–2010,260,151,MODELLED,https://www.ksh.hu/s/kiserleti-statisztika/kiadvanyok/a-magyar-lakasallomany-primerenergia-igenyenek-becslese/,2026-08-12,1a312ae2943238c139623ac6595ff9bb0ebe656fd12d2b7ab80739488b527c31
DIST-B02-MULTI_DWELLING-06-27,SRC-B02-KSH-ENERGY-2025,2022,EKM_9_2023,MULTI_DWELLING,2001–2010,270,131,MODELLED,https://www.ksh.hu/s/kiserleti-statisztika/kiadvanyok/a-magyar-lakasallomany-primerenergia-igenyenek-becslese/,2026-08-12,1a312ae2943238c139623ac6595ff9bb0ebe656fd12d2b7ab80739488b527c31
DIST-B02-MULTI_DWELLING-06-28,SRC-B02-KSH-ENERGY-2025,2022,EKM_9_2023,MULTI_DWELLING,2001–2010,280,92,MODELLED,https://www.ksh.hu/s/kiserleti-statisztika/kiadvanyok/a-magyar-lakasallomany-primerenergia-igenyenek-becslese/,2026-08-12,1a312ae2943238c139623ac6595ff9bb0ebe656fd12d2b7ab80739488b527c31
DIST-B02-MULTI_DWELLING-06-29,SRC-B02-KSH-ENERGY-2025,2022,EKM_9_2023,MULTI_DWELLING,2001–2010,290,91,MODELLED,https://www.ksh.hu/s/kiserleti-statisztika/kiadvanyok/a-magyar-lakasallomany-primerenergia-igenyenek-becslese/,2026-08-12,1a312ae2943238c139623ac6595ff9bb0ebe656fd12d2b7ab80739488b527c31
DIST-B02-MULTI_DWELLING-06-30,SRC-B02-KSH-ENERGY-2025,2022,EKM_9_2023,MULTI_DWELLING,2001–2010,300,41,MODELLED,https://www.ksh.hu/s/kiserleti-statisztika/kiadvanyok/a-magyar-lakasallomany-primerenergia-igenyenek-becslese/,2026-08-12,1a312ae2943238c139623ac6595ff9bb0ebe656fd12d2b7ab80739488b527c31
DIST-B02-MULTI_DWELLING-06-31,SRC-B02-KSH-ENERGY-2025,2022,EKM_9_2023,MULTI_DWELLING,2001–2010,310,45,MODELLED,https://www.ksh.hu/s/kiserleti-statisztika/kiadvanyok/a-magyar-lakasallomany-primerenergia-igenyenek-becslese/,2026-08-12,1a312ae2943238c139623ac6595ff9bb0ebe656fd12d2b7ab80739488b527c31
DIST-B02-MULTI_DWELLING-06-32,SRC-B02-KSH-ENERGY-2025,2022,EKM_9_2023,MULTI_DWELLING,2001–2010,320,47,MODELLED,https://www.ksh.hu/s/kiserleti-statisztika/kiadvanyok/a-magyar-lakasallomany-primerenergia-igenyenek-becslese/,2026-08-12,1a312ae2943238c139623ac6595ff9bb0ebe656fd12d2b7ab80739488b527c31
DIST-B02-MULTI_DWELLING-06-33,SRC-B02-KSH-ENERGY-2025,2022,EKM_9_2023,MULTI_DWELLING,2001–2010,330,14,MODELLED,https://www.ksh.hu/s/kiserleti-statisztika/kiadvanyok/a-magyar-lakasallomany-primerenergia-igenyenek-becslese/,2026-08-12,1a312ae2943238c139623ac6595ff9bb0ebe656fd12d2b7ab80739488b527c31
DIST-B02-MULTI_DWELLING-06-34,SRC-B02-KSH-ENERGY-2025,2022,EKM_9_2023,MULTI_DWELLING,2001–2010,340,17,MODELLED,https://www.ksh.hu/s/kiserleti-statisztika/kiadvanyok/a-magyar-lakasallomany-primerenergia-igenyenek-becslese/,2026-08-12,1a312ae2943238c139623ac6595ff9bb0ebe656fd12d2b7ab80739488b527c31
DIST-B02-MULTI_DWELLING-06-35,SRC-B02-KSH-ENERGY-2025,2022,EKM_9_2023,MULTI_DWELLING,2001–2010,350,20,MODELLED,https://www.ksh.hu/s/kiserleti-statisztika/kiadvanyok/a-magyar-lakasallomany-primerenergia-igenyenek-becslese/,2026-08-12,1a312ae2943238c139623ac6595ff9bb0ebe656fd12d2b7ab80739488b527c31
DIST-B02-MULTI_DWELLING-06-36,SRC-B02-KSH-ENERGY-2025,2022,EKM_9_2023,MULTI_DWELLING,2001–2010,360,5,MODELLED,https://www.ksh.hu/s/kiserleti-statisztika/kiadvanyok/a-magyar-lakasallomany-primerenergia-igenyenek-becslese/,2026-08-12,1a312ae2943238c139623ac6595ff9bb0ebe656fd12d2b7ab80739488b527c31
DIST-B02-MULTI_DWELLING-06-37,SRC-B02-KSH-ENERGY-2025,2022,EKM_9_2023,MULTI_DWELLING,2001–2010,370,8,MODELLED,https://www.ksh.hu/s/kiserleti-statisztika/kiadvanyok/a-magyar-lakasallomany-primerenergia-igenyenek-becslese/,2026-08-12,1a312ae2943238c139623ac6595ff9bb0ebe656fd12d2b7ab80739488b527c31
DIST-B02-MULTI_DWELLING-06-38,SRC-B02-KSH-ENERGY-2025,2022,EKM_9_2023,MULTI_DWELLING,2001–2010,380,4,MODELLED,https://www.ksh.hu/s/kiserleti-statisztika/kiadvanyok/a-magyar-lakasallomany-primerenergia-igenyenek-becslese/,2026-08-12,1a312ae2943238c139623ac6595ff9bb0ebe656fd12d2b7ab80739488b527c31
DIST-B02-MULTI_DWELLING-06-39,SRC-B02-KSH-ENERGY-2025,2022,EKM_9_2023,MULTI_DWELLING,2001–2010,390,4,MODELLED,https://www.ksh.hu/s/kiserleti-statisztika/kiadvanyok/a-magyar-lakasallomany-primerenergia-igenyenek-becslese/,2026-08-12,1a312ae2943238c139623ac6595ff9bb0ebe656fd12d2b7ab80739488b527c31
DIST-B02-MULTI_DWELLING-06-40,SRC-B02-KSH-ENERGY-2025,2022,EKM_9_2023,MULTI_DWELLING,2001–2010,400,1,MODELLED,https://www.ksh.hu/s/kiserleti-statisztika/kiadvanyok/a-magyar-lakasallomany-primerenergia-igenyenek-becslese/,2026-08-12,1a312ae2943238c139623ac6595ff9bb0ebe656fd12d2b7ab80739488b527c31
DIST-B02-MULTI_DWELLING-06-41,SRC-B02-KSH-ENERGY-2025,2022,EKM_9_2023,MULTI_DWELLING,2001–2010,410,0,MODELLED,https://www.ksh.hu/s/kiserleti-statisztika/kiadvanyok/a-magyar-lakasallomany-primerenergia-igenyenek-becslese/,2026-08-12,1a312ae2943238c139623ac6595ff9bb0ebe656fd12d2b7ab80739488b527c31
DIST-B02-MULTI_DWELLING-06-42,SRC-B02-KSH-ENERGY-2025,2022,EKM_9_2023,MULTI_DWELLING,2001–2010,420,1,MODELLED,https://www.ksh.hu/s/kiserleti-statisztika/kiadvanyok/a-magyar-lakasallomany-primerenergia-igenyenek-becslese/,2026-08-12,1a312ae2943238c139623ac6595ff9bb0ebe656fd12d2b7ab80739488b527c31
DIST-B02-MULTI_DWELLING-06-43,SRC-B02-KSH-ENERGY-2025,2022,EKM_9_2023,MULTI_DWELLING,2001–2010,430,2,MODELLED,https://www.ksh.hu/s/kiserleti-statisztika/kiadvanyok/a-magyar-lakasallomany-primerenergia-igenyenek-becslese/,2026-08-12,1a312ae2943238c139623ac6595ff9bb0ebe656fd12d2b7ab80739488b527c31
DIST-B02-MULTI_DWELLING-06-44,SRC-B02-KSH-ENERGY-2025,2022,EKM_9_2023,MULTI_DWELLING,2001–2010,440,1,MODELLED,https://www.ksh.hu/s/kiserleti-statisztika/kiadvanyok/a-magyar-lakasallomany-primerenergia-igenyenek-becslese/,2026-08-12,1a312ae2943238c139623ac6595ff9bb0ebe656fd12d2b7ab80739488b527c31
DIST-B02-MULTI_DWELLING-06-45,SRC-B02-KSH-ENERGY-2025,2022,EKM_9_2023,MULTI_DWELLING,2001–2010,450,1,MODELLED,https://www.ksh.hu/s/kiserleti-statisztika/kiadvanyok/a-magyar-lakasallomany-primerenergia-igenyenek-becslese/,2026-08-12,1a312ae2943238c139623ac6595ff9bb0ebe656fd12d2b7ab80739488b527c31
DIST-B02-MULTI_DWELLING-06-46,SRC-B02-KSH-ENERGY-2025,2022,EKM_9_2023,MULTI_DWELLING,2001–2010,460,5,MODELLED,https://www.ksh.hu/s/kiserleti-statisztika/kiadvanyok/a-magyar-lakasallomany-primerenergia-igenyenek-becslese/,2026-08-12,1a312ae2943238c139623ac6595ff9bb0ebe656fd12d2b7ab80739488b527c31
DIST-B02-MULTI_DWELLING-06-47,SRC-B02-KSH-ENERGY-2025,2022,EKM_9_2023,MULTI_DWELLING,2001–2010,470,0,MODELLED,https://www.ksh.hu/s/kiserleti-statisztika/kiadvanyok/a-magyar-lakasallomany-primerenergia-igenyenek-becslese/,2026-08-12,1a312ae2943238c139623ac6595ff9bb0ebe656fd12d2b7ab80739488b527c31
DIST-B02-MULTI_DWELLING-06-48,SRC-B02-KSH-ENERGY-2025,2022,EKM_9_2023,MULTI_DWELLING,2001–2010,480,2,MODELLED,https://www.ksh.hu/s/kiserleti-statisztika/kiadvanyok/a-magyar-lakasallomany-primerenergia-igenyenek-becslese/,2026-08-12,1a312ae2943238c139623ac6595ff9bb0ebe656fd12d2b7ab80739488b527c31
DIST-B02-MULTI_DWELLING-06-49,SRC-B02-KSH-ENERGY-2025,2022,EKM_9_2023,MULTI_DWELLING,2001–2010,490,0,MODELLED,https://www.ksh.hu/s/kiserleti-statisztika/kiadvanyok/a-magyar-lakasallomany-primerenergia-igenyenek-becslese/,2026-08-12,1a312ae2943238c139623ac6595ff9bb0ebe656fd12d2b7ab80739488b527c31
DIST-B02-MULTI_DWELLING-06-50,SRC-B02-KSH-ENERGY-2025,2022,EKM_9_2023,MULTI_DWELLING,2001–2010,500,1,MODELLED,https://www.ksh.hu/s/kiserleti-statisztika/kiadvanyok/a-magyar-lakasallomany-primerenergia-igenyenek-becslese/,2026-08-12,1a312ae2943238c139623ac6595ff9bb0ebe656fd12d2b7ab80739488b527c31
DIST-B02-MULTI_DWELLING-06-51,SRC-B02-KSH-ENERGY-2025,2022,EKM_9_2023,MULTI_DWELLING,2001–2010,510,0,MODELLED,https://www.ksh.hu/s/kiserleti-statisztika/kiadvanyok/a-magyar-lakasallomany-primerenergia-igenyenek-becslese/,2026-08-12,1a312ae2943238c139623ac6595ff9bb0ebe656fd12d2b7ab80739488b527c31
DIST-B02-MULTI_DWELLING-06-52,SRC-B02-KSH-ENERGY-2025,2022,EKM_9_2023,MULTI_DWELLING,2001–2010,520,0,MODELLED,https://www.ksh.hu/s/kiserleti-statisztika/kiadvanyok/a-magyar-lakasallomany-primerenergia-igenyenek-becslese/,2026-08-12,1a312ae2943238c139623ac6595ff9bb0ebe656fd12d2b7ab80739488b527c31
DIST-B02-MULTI_DWELLING-06-53,SRC-B02-KSH-ENERGY-2025,2022,EKM_9_2023,MULTI_DWELLING,2001–2010,530,1,MODELLED,https://www.ksh.hu/s/kiserleti-statisztika/kiadvanyok/a-magyar-lakasallomany-primerenergia-igenyenek-becslese/,2026-08-12,1a312ae2943238c139623ac6595ff9bb0ebe656fd12d2b7ab80739488b527c31
DIST-B02-MULTI_DWELLING-06-54,SRC-B02-KSH-ENERGY-2025,2022,EKM_9_2023,MULTI_DWELLING,2001–2010,540,0,MODELLED,https://www.ksh.hu/s/kiserleti-statisztika/kiadvanyok/a-magyar-lakasallomany-primerenergia-igenyenek-becslese/,2026-08-12,1a312ae2943238c139623ac6595ff9bb0ebe656fd12d2b7ab80739488b527c31
DIST-B02-MULTI_DWELLING-06-55,SRC-B02-KSH-ENERGY-2025,2022,EKM_9_2023,MULTI_DWELLING,2001–2010,550,0,MODELLED,https://www.ksh.hu/s/kiserleti-statisztika/kiadvanyok/a-magyar-lakasallomany-primerenergia-igenyenek-becslese/,2026-08-12,1a312ae2943238c139623ac6595ff9bb0ebe656fd12d2b7ab80739488b527c31
DIST-B02-MULTI_DWELLING-06-56,SRC-B02-KSH-ENERGY-2025,2022,EKM_9_2023,MULTI_DWELLING,2001–2010,560,1,MODELLED,https://www.ksh.hu/s/kiserleti-statisztika/kiadvanyok/a-magyar-lakasallomany-primerenergia-igenyenek-becslese/,2026-08-12,1a312ae2943238c139623ac6595ff9bb0ebe656fd12d2b7ab80739488b527c31
DIST-B02-MULTI_DWELLING-06-57,SRC-B02-KSH-ENERGY-2025,2022,EKM_9_2023,MULTI_DWELLING,2001–2010,570,0,MODELLED,https://www.ksh.hu/s/kiserleti-statisztika/kiadvanyok/a-magyar-lakasallomany-primerenergia-igenyenek-becslese/,2026-08-12,1a312ae2943238c139623ac6595ff9bb0ebe656fd12d2b7ab80739488b527c31
DIST-B02-MULTI_DWELLING-06-58,SRC-B02-KSH-ENERGY-2025,2022,EKM_9_2023,MULTI_DWELLING,2001–2010,580,0,MODELLED,https://www.ksh.hu/s/kiserleti-statisztika/kiadvanyok/a-magyar-lakasallomany-primerenergia-igenyenek-becslese/,2026-08-12,1a312ae2943238c139623ac6595ff9bb0ebe656fd12d2b7ab80739488b527c31
DIST-B02-MULTI_DWELLING-06-59,SRC-B02-KSH-ENERGY-2025,2022,EKM_9_2023,MULTI_DWELLING,2001–2010,590,0,MODELLED,https://www.ksh.hu/s/kiserleti-statisztika/kiadvanyok/a-magyar-lakasallomany-primerenergia-igenyenek-becslese/,2026-08-12,1a312ae2943238c139623ac6595ff9bb0ebe656fd12d2b7ab80739488b527c31
DIST-B02-MULTI_DWELLING-07-01,SRC-B02-KSH-ENERGY-2025,2022,EKM_9_2023,MULTI_DWELLING,2011–2015,10,0,MODELLED,https://www.ksh.hu/s/kiserleti-statisztika/kiadvanyok/a-magyar-lakasallomany-primerenergia-igenyenek-becslese/,2026-08-12,1a312ae2943238c139623ac6595ff9bb0ebe656fd12d2b7ab80739488b527c31
DIST-B02-MULTI_DWELLING-07-02,SRC-B02-KSH-ENERGY-2025,2022,EKM_9_2023,MULTI_DWELLING,2011–2015,20,19,MODELLED,https://www.ksh.hu/s/kiserleti-statisztika/kiadvanyok/a-magyar-lakasallomany-primerenergia-igenyenek-becslese/,2026-08-12,1a312ae2943238c139623ac6595ff9bb0ebe656fd12d2b7ab80739488b527c31
DIST-B02-MULTI_DWELLING-07-03,SRC-B02-KSH-ENERGY-2025,2022,EKM_9_2023,MULTI_DWELLING,2011–2015,30,0,MODELLED,https://www.ksh.hu/s/kiserleti-statisztika/kiadvanyok/a-magyar-lakasallomany-primerenergia-igenyenek-becslese/,2026-08-12,1a312ae2943238c139623ac6595ff9bb0ebe656fd12d2b7ab80739488b527c31
DIST-B02-MULTI_DWELLING-07-04,SRC-B02-KSH-ENERGY-2025,2022,EKM_9_2023,MULTI_DWELLING,2011–2015,40,1,MODELLED,https://www.ksh.hu/s/kiserleti-statisztika/kiadvanyok/a-magyar-lakasallomany-primerenergia-igenyenek-becslese/,2026-08-12,1a312ae2943238c139623ac6595ff9bb0ebe656fd12d2b7ab80739488b527c31
DIST-B02-MULTI_DWELLING-07-05,SRC-B02-KSH-ENERGY-2025,2022,EKM_9_2023,MULTI_DWELLING,2011–2015,50,4,MODELLED,https://www.ksh.hu/s/kiserleti-statisztika/kiadvanyok/a-magyar-lakasallomany-primerenergia-igenyenek-becslese/,2026-08-12,1a312ae2943238c139623ac6595ff9bb0ebe656fd12d2b7ab80739488b527c31
DIST-B02-MULTI_DWELLING-07-06,SRC-B02-KSH-ENERGY-2025,2022,EKM_9_2023,MULTI_DWELLING,2011–2015,60,3,MODELLED,https://www.ksh.hu/s/kiserleti-statisztika/kiadvanyok/a-magyar-lakasallomany-primerenergia-igenyenek-becslese/,2026-08-12,1a312ae2943238c139623ac6595ff9bb0ebe656fd12d2b7ab80739488b527c31
DIST-B02-MULTI_DWELLING-07-07,SRC-B02-KSH-ENERGY-2025,2022,EKM_9_2023,MULTI_DWELLING,2011–2015,70,18,MODELLED,https://www.ksh.hu/s/kiserleti-statisztika/kiadvanyok/a-magyar-lakasallomany-primerenergia-igenyenek-becslese/,2026-08-12,1a312ae2943238c139623ac6595ff9bb0ebe656fd12d2b7ab80739488b527c31
DIST-B02-MULTI_DWELLING-07-08,SRC-B02-KSH-ENERGY-2025,2022,EKM_9_2023,MULTI_DWELLING,2011–2015,80,19,MODELLED,https://www.ksh.hu/s/kiserleti-statisztika/kiadvanyok/a-magyar-lakasallomany-primerenergia-igenyenek-becslese/,2026-08-12,1a312ae2943238c139623ac6595ff9bb0ebe656fd12d2b7ab80739488b527c31
DIST-B02-MULTI_DWELLING-07-09,SRC-B02-KSH-ENERGY-2025,2022,EKM_9_2023,MULTI_DWELLING,2011–2015,90,77,MODELLED,https://www.ksh.hu/s/kiserleti-statisztika/kiadvanyok/a-magyar-lakasallomany-primerenergia-igenyenek-becslese/,2026-08-12,1a312ae2943238c139623ac6595ff9bb0ebe656fd12d2b7ab80739488b527c31
DIST-B02-MULTI_DWELLING-07-10,SRC-B02-KSH-ENERGY-2025,2022,EKM_9_2023,MULTI_DWELLING,2011–2015,100,198,MODELLED,https://www.ksh.hu/s/kiserleti-statisztika/kiadvanyok/a-magyar-lakasallomany-primerenergia-igenyenek-becslese/,2026-08-12,1a312ae2943238c139623ac6595ff9bb0ebe656fd12d2b7ab80739488b527c31
DIST-B02-MULTI_DWELLING-07-11,SRC-B02-KSH-ENERGY-2025,2022,EKM_9_2023,MULTI_DWELLING,2011–2015,110,718,MODELLED,https://www.ksh.hu/s/kiserleti-statisztika/kiadvanyok/a-magyar-lakasallomany-primerenergia-igenyenek-becslese/,2026-08-12,1a312ae2943238c139623ac6595ff9bb0ebe656fd12d2b7ab80739488b527c31
DIST-B02-MULTI_DWELLING-07-12,SRC-B02-KSH-ENERGY-2025,2022,EKM_9_2023,MULTI_DWELLING,2011–2015,120,2000,MODELLED,https://www.ksh.hu/s/kiserleti-statisztika/kiadvanyok/a-magyar-lakasallomany-primerenergia-igenyenek-becslese/,2026-08-12,1a312ae2943238c139623ac6595ff9bb0ebe656fd12d2b7ab80739488b527c31
DIST-B02-MULTI_DWELLING-07-13,SRC-B02-KSH-ENERGY-2025,2022,EKM_9_2023,MULTI_DWELLING,2011–2015,130,4609,MODELLED,https://www.ksh.hu/s/kiserleti-statisztika/kiadvanyok/a-magyar-lakasallomany-primerenergia-igenyenek-becslese/,2026-08-12,1a312ae2943238c139623ac6595ff9bb0ebe656fd12d2b7ab80739488b527c31
DIST-B02-MULTI_DWELLING-07-14,SRC-B02-KSH-ENERGY-2025,2022,EKM_9_2023,MULTI_DWELLING,2011–2015,140,4884,MODELLED,https://www.ksh.hu/s/kiserleti-statisztika/kiadvanyok/a-magyar-lakasallomany-primerenergia-igenyenek-becslese/,2026-08-12,1a312ae2943238c139623ac6595ff9bb0ebe656fd12d2b7ab80739488b527c31
DIST-B02-MULTI_DWELLING-07-15,SRC-B02-KSH-ENERGY-2025,2022,EKM_9_2023,MULTI_DWELLING,2011–2015,150,3195,MODELLED,https://www.ksh.hu/s/kiserleti-statisztika/kiadvanyok/a-magyar-lakasallomany-primerenergia-igenyenek-becslese/,2026-08-12,1a312ae2943238c139623ac6595ff9bb0ebe656fd12d2b7ab80739488b527c31
DIST-B02-MULTI_DWELLING-07-16,SRC-B02-KSH-ENERGY-2025,2022,EKM_9_2023,MULTI_DWELLING,2011–2015,160,2011,MODELLED,https://www.ksh.hu/s/kiserleti-statisztika/kiadvanyok/a-magyar-lakasallomany-primerenergia-igenyenek-becslese/,2026-08-12,1a312ae2943238c139623ac6595ff9bb0ebe656fd12d2b7ab80739488b527c31
DIST-B02-MULTI_DWELLING-07-17,SRC-B02-KSH-ENERGY-2025,2022,EKM_9_2023,MULTI_DWELLING,2011–2015,170,1297,MODELLED,https://www.ksh.hu/s/kiserleti-statisztika/kiadvanyok/a-magyar-lakasallomany-primerenergia-igenyenek-becslese/,2026-08-12,1a312ae2943238c139623ac6595ff9bb0ebe656fd12d2b7ab80739488b527c31
DIST-B02-MULTI_DWELLING-07-18,SRC-B02-KSH-ENERGY-2025,2022,EKM_9_2023,MULTI_DWELLING,2011–2015,180,807,MODELLED,https://www.ksh.hu/s/kiserleti-statisztika/kiadvanyok/a-magyar-lakasallomany-primerenergia-igenyenek-becslese/,2026-08-12,1a312ae2943238c139623ac6595ff9bb0ebe656fd12d2b7ab80739488b527c31
DIST-B02-MULTI_DWELLING-07-19,SRC-B02-KSH-ENERGY-2025,2022,EKM_9_2023,MULTI_DWELLING,2011–2015,190,472,MODELLED,https://www.ksh.hu/s/kiserleti-statisztika/kiadvanyok/a-magyar-lakasallomany-primerenergia-igenyenek-becslese/,2026-08-12,1a312ae2943238c139623ac6595ff9bb0ebe656fd12d2b7ab80739488b527c31
DIST-B02-MULTI_DWELLING-07-20,SRC-B02-KSH-ENERGY-2025,2022,EKM_9_2023,MULTI_DWELLING,2011–2015,200,353,MODELLED,https://www.ksh.hu/s/kiserleti-statisztika/kiadvanyok/a-magyar-lakasallomany-primerenergia-igenyenek-becslese/,2026-08-12,1a312ae2943238c139623ac6595ff9bb0ebe656fd12d2b7ab80739488b527c31
DIST-B02-MULTI_DWELLING-07-21,SRC-B02-KSH-ENERGY-2025,2022,EKM_9_2023,MULTI_DWELLING,2011–2015,210,244,MODELLED,https://www.ksh.hu/s/kiserleti-statisztika/kiadvanyok/a-magyar-lakasallomany-primerenergia-igenyenek-becslese/,2026-08-12,1a312ae2943238c139623ac6595ff9bb0ebe656fd12d2b7ab80739488b527c31
DIST-B02-MULTI_DWELLING-07-22,SRC-B02-KSH-ENERGY-2025,2022,EKM_9_2023,MULTI_DWELLING,2011–2015,220,286,MODELLED,https://www.ksh.hu/s/kiserleti-statisztika/kiadvanyok/a-magyar-lakasallomany-primerenergia-igenyenek-becslese/,2026-08-12,1a312ae2943238c139623ac6595ff9bb0ebe656fd12d2b7ab80739488b527c31
DIST-B02-MULTI_DWELLING-07-23,SRC-B02-KSH-ENERGY-2025,2022,EKM_9_2023,MULTI_DWELLING,2011–2015,230,195,MODELLED,https://www.ksh.hu/s/kiserleti-statisztika/kiadvanyok/a-magyar-lakasallomany-primerenergia-igenyenek-becslese/,2026-08-12,1a312ae2943238c139623ac6595ff9bb0ebe656fd12d2b7ab80739488b527c31
DIST-B02-MULTI_DWELLING-07-24,SRC-B02-KSH-ENERGY-2025,2022,EKM_9_2023,MULTI_DWELLING,2011–2015,240,119,MODELLED,https://www.ksh.hu/s/kiserleti-statisztika/kiadvanyok/a-magyar-lakasallomany-primerenergia-igenyenek-becslese/,2026-08-12,1a312ae2943238c139623ac6595ff9bb0ebe656fd12d2b7ab80739488b527c31
DIST-B02-MULTI_DWELLING-07-25,SRC-B02-KSH-ENERGY-2025,2022,EKM_9_2023,MULTI_DWELLING,2011–2015,250,97,MODELLED,https://www.ksh.hu/s/kiserleti-statisztika/kiadvanyok/a-magyar-lakasallomany-primerenergia-igenyenek-becslese/,2026-08-12,1a312ae2943238c139623ac6595ff9bb0ebe656fd12d2b7ab80739488b527c31
DIST-B02-MULTI_DWELLING-07-26,SRC-B02-KSH-ENERGY-2025,2022,EKM_9_2023,MULTI_DWELLING,2011–2015,260,68,MODELLED,https://www.ksh.hu/s/kiserleti-statisztika/kiadvanyok/a-magyar-lakasallomany-primerenergia-igenyenek-becslese/,2026-08-12,1a312ae2943238c139623ac6595ff9bb0ebe656fd12d2b7ab80739488b527c31
DIST-B02-MULTI_DWELLING-07-27,SRC-B02-KSH-ENERGY-2025,2022,EKM_9_2023,MULTI_DWELLING,2011–2015,270,67,MODELLED,https://www.ksh.hu/s/kiserleti-statisztika/kiadvanyok/a-magyar-lakasallomany-primerenergia-igenyenek-becslese/,2026-08-12,1a312ae2943238c139623ac6595ff9bb0ebe656fd12d2b7ab80739488b527c31
DIST-B02-MULTI_DWELLING-07-28,SRC-B02-KSH-ENERGY-2025,2022,EKM_9_2023,MULTI_DWELLING,2011–2015,280,51,MODELLED,https://www.ksh.hu/s/kiserleti-statisztika/kiadvanyok/a-magyar-lakasallomany-primerenergia-igenyenek-becslese/,2026-08-12,1a312ae2943238c139623ac6595ff9bb0ebe656fd12d2b7ab80739488b527c31
DIST-B02-MULTI_DWELLING-07-29,SRC-B02-KSH-ENERGY-2025,2022,EKM_9_2023,MULTI_DWELLING,2011–2015,290,44,MODELLED,https://www.ksh.hu/s/kiserleti-statisztika/kiadvanyok/a-magyar-lakasallomany-primerenergia-igenyenek-becslese/,2026-08-12,1a312ae2943238c139623ac6595ff9bb0ebe656fd12d2b7ab80739488b527c31
DIST-B02-MULTI_DWELLING-07-30,SRC-B02-KSH-ENERGY-2025,2022,EKM_9_2023,MULTI_DWELLING,2011–2015,300,44,MODELLED,https://www.ksh.hu/s/kiserleti-statisztika/kiadvanyok/a-magyar-lakasallomany-primerenergia-igenyenek-becslese/,2026-08-12,1a312ae2943238c139623ac6595ff9bb0ebe656fd12d2b7ab80739488b527c31
DIST-B02-MULTI_DWELLING-07-31,SRC-B02-KSH-ENERGY-2025,2022,EKM_9_2023,MULTI_DWELLING,2011–2015,310,41,MODELLED,https://www.ksh.hu/s/kiserleti-statisztika/kiadvanyok/a-magyar-lakasallomany-primerenergia-igenyenek-becslese/,2026-08-12,1a312ae2943238c139623ac6595ff9bb0ebe656fd12d2b7ab80739488b527c31
DIST-B02-MULTI_DWELLING-07-32,SRC-B02-KSH-ENERGY-2025,2022,EKM_9_2023,MULTI_DWELLING,2011–2015,320,34,MODELLED,https://www.ksh.hu/s/kiserleti-statisztika/kiadvanyok/a-magyar-lakasallomany-primerenergia-igenyenek-becslese/,2026-08-12,1a312ae2943238c139623ac6595ff9bb0ebe656fd12d2b7ab80739488b527c31
DIST-B02-MULTI_DWELLING-07-33,SRC-B02-KSH-ENERGY-2025,2022,EKM_9_2023,MULTI_DWELLING,2011–2015,330,28,MODELLED,https://www.ksh.hu/s/kiserleti-statisztika/kiadvanyok/a-magyar-lakasallomany-primerenergia-igenyenek-becslese/,2026-08-12,1a312ae2943238c139623ac6595ff9bb0ebe656fd12d2b7ab80739488b527c31
DIST-B02-MULTI_DWELLING-07-34,SRC-B02-KSH-ENERGY-2025,2022,EKM_9_2023,MULTI_DWELLING,2011–2015,340,26,MODELLED,https://www.ksh.hu/s/kiserleti-statisztika/kiadvanyok/a-magyar-lakasallomany-primerenergia-igenyenek-becslese/,2026-08-12,1a312ae2943238c139623ac6595ff9bb0ebe656fd12d2b7ab80739488b527c31
DIST-B02-MULTI_DWELLING-07-35,SRC-B02-KSH-ENERGY-2025,2022,EKM_9_2023,MULTI_DWELLING,2011–2015,350,22,MODELLED,https://www.ksh.hu/s/kiserleti-statisztika/kiadvanyok/a-magyar-lakasallomany-primerenergia-igenyenek-becslese/,2026-08-12,1a312ae2943238c139623ac6595ff9bb0ebe656fd12d2b7ab80739488b527c31
DIST-B02-MULTI_DWELLING-07-36,SRC-B02-KSH-ENERGY-2025,2022,EKM_9_2023,MULTI_DWELLING,2011–2015,360,16,MODELLED,https://www.ksh.hu/s/kiserleti-statisztika/kiadvanyok/a-magyar-lakasallomany-primerenergia-igenyenek-becslese/,2026-08-12,1a312ae2943238c139623ac6595ff9bb0ebe656fd12d2b7ab80739488b527c31
DIST-B02-MULTI_DWELLING-07-37,SRC-B02-KSH-ENERGY-2025,2022,EKM_9_2023,MULTI_DWELLING,2011–2015,370,13,MODELLED,https://www.ksh.hu/s/kiserleti-statisztika/kiadvanyok/a-magyar-lakasallomany-primerenergia-igenyenek-becslese/,2026-08-12,1a312ae2943238c139623ac6595ff9bb0ebe656fd12d2b7ab80739488b527c31
DIST-B02-MULTI_DWELLING-07-38,SRC-B02-KSH-ENERGY-2025,2022,EKM_9_2023,MULTI_DWELLING,2011–2015,380,10,MODELLED,https://www.ksh.hu/s/kiserleti-statisztika/kiadvanyok/a-magyar-lakasallomany-primerenergia-igenyenek-becslese/,2026-08-12,1a312ae2943238c139623ac6595ff9bb0ebe656fd12d2b7ab80739488b527c31
DIST-B02-MULTI_DWELLING-07-39,SRC-B02-KSH-ENERGY-2025,2022,EKM_9_2023,MULTI_DWELLING,2011–2015,390,11,MODELLED,https://www.ksh.hu/s/kiserleti-statisztika/kiadvanyok/a-magyar-lakasallomany-primerenergia-igenyenek-becslese/,2026-08-12,1a312ae2943238c139623ac6595ff9bb0ebe656fd12d2b7ab80739488b527c31
DIST-B02-MULTI_DWELLING-07-40,SRC-B02-KSH-ENERGY-2025,2022,EKM_9_2023,MULTI_DWELLING,2011–2015,400,13,MODELLED,https://www.ksh.hu/s/kiserleti-statisztika/kiadvanyok/a-magyar-lakasallomany-primerenergia-igenyenek-becslese/,2026-08-12,1a312ae2943238c139623ac6595ff9bb0ebe656fd12d2b7ab80739488b527c31
DIST-B02-MULTI_DWELLING-07-41,SRC-B02-KSH-ENERGY-2025,2022,EKM_9_2023,MULTI_DWELLING,2011–2015,410,4,MODELLED,https://www.ksh.hu/s/kiserleti-statisztika/kiadvanyok/a-magyar-lakasallomany-primerenergia-igenyenek-becslese/,2026-08-12,1a312ae2943238c139623ac6595ff9bb0ebe656fd12d2b7ab80739488b527c31
DIST-B02-MULTI_DWELLING-07-42,SRC-B02-KSH-ENERGY-2025,2022,EKM_9_2023,MULTI_DWELLING,2011–2015,420,5,MODELLED,https://www.ksh.hu/s/kiserleti-statisztika/kiadvanyok/a-magyar-lakasallomany-primerenergia-igenyenek-becslese/,2026-08-12,1a312ae2943238c139623ac6595ff9bb0ebe656fd12d2b7ab80739488b527c31
DIST-B02-MULTI_DWELLING-07-43,SRC-B02-KSH-ENERGY-2025,2022,EKM_9_2023,MULTI_DWELLING,2011–2015,430,0,MODELLED,https://www.ksh.hu/s/kiserleti-statisztika/kiadvanyok/a-magyar-lakasallomany-primerenergia-igenyenek-becslese/,2026-08-12,1a312ae2943238c139623ac6595ff9bb0ebe656fd12d2b7ab80739488b527c31
DIST-B02-MULTI_DWELLING-07-44,SRC-B02-KSH-ENERGY-2025,2022,EKM_9_2023,MULTI_DWELLING,2011–2015,440,3,MODELLED,https://www.ksh.hu/s/kiserleti-statisztika/kiadvanyok/a-magyar-lakasallomany-primerenergia-igenyenek-becslese/,2026-08-12,1a312ae2943238c139623ac6595ff9bb0ebe656fd12d2b7ab80739488b527c31
DIST-B02-MULTI_DWELLING-07-45,SRC-B02-KSH-ENERGY-2025,2022,EKM_9_2023,MULTI_DWELLING,2011–2015,450,7,MODELLED,https://www.ksh.hu/s/kiserleti-statisztika/kiadvanyok/a-magyar-lakasallomany-primerenergia-igenyenek-becslese/,2026-08-12,1a312ae2943238c139623ac6595ff9bb0ebe656fd12d2b7ab80739488b527c31
DIST-B02-MULTI_DWELLING-07-46,SRC-B02-KSH-ENERGY-2025,2022,EKM_9_2023,MULTI_DWELLING,2011–2015,460,1,MODELLED,https://www.ksh.hu/s/kiserleti-statisztika/kiadvanyok/a-magyar-lakasallomany-primerenergia-igenyenek-becslese/,2026-08-12,1a312ae2943238c139623ac6595ff9bb0ebe656fd12d2b7ab80739488b527c31
DIST-B02-MULTI_DWELLING-07-47,SRC-B02-KSH-ENERGY-2025,2022,EKM_9_2023,MULTI_DWELLING,2011–2015,470,0,MODELLED,https://www.ksh.hu/s/kiserleti-statisztika/kiadvanyok/a-magyar-lakasallomany-primerenergia-igenyenek-becslese/,2026-08-12,1a312ae2943238c139623ac6595ff9bb0ebe656fd12d2b7ab80739488b527c31
DIST-B02-MULTI_DWELLING-07-48,SRC-B02-KSH-ENERGY-2025,2022,EKM_9_2023,MULTI_DWELLING,2011–2015,480,0,MODELLED,https://www.ksh.hu/s/kiserleti-statisztika/kiadvanyok/a-magyar-lakasallomany-primerenergia-igenyenek-becslese/,2026-08-12,1a312ae2943238c139623ac6595ff9bb0ebe656fd12d2b7ab80739488b527c31
DIST-B02-MULTI_DWELLING-07-49,SRC-B02-KSH-ENERGY-2025,2022,EKM_9_2023,MULTI_DWELLING,2011–2015,490,5,MODELLED,https://www.ksh.hu/s/kiserleti-statisztika/kiadvanyok/a-magyar-lakasallomany-primerenergia-igenyenek-becslese/,2026-08-12,1a312ae2943238c139623ac6595ff9bb0ebe656fd12d2b7ab80739488b527c31
DIST-B02-MULTI_DWELLING-07-50,SRC-B02-KSH-ENERGY-2025,2022,EKM_9_2023,MULTI_DWELLING,2011–2015,500,0,MODELLED,https://www.ksh.hu/s/kiserleti-statisztika/kiadvanyok/a-magyar-lakasallomany-primerenergia-igenyenek-becslese/,2026-08-12,1a312ae2943238c139623ac6595ff9bb0ebe656fd12d2b7ab80739488b527c31
DIST-B02-MULTI_DWELLING-07-51,SRC-B02-KSH-ENERGY-2025,2022,EKM_9_2023,MULTI_DWELLING,2011–2015,510,2,MODELLED,https://www.ksh.hu/s/kiserleti-statisztika/kiadvanyok/a-magyar-lakasallomany-primerenergia-igenyenek-becslese/,2026-08-12,1a312ae2943238c139623ac6595ff9bb0ebe656fd12d2b7ab80739488b527c31
DIST-B02-MULTI_DWELLING-07-52,SRC-B02-KSH-ENERGY-2025,2022,EKM_9_2023,MULTI_DWELLING,2011–2015,520,0,MODELLED,https://www.ksh.hu/s/kiserleti-statisztika/kiadvanyok/a-magyar-lakasallomany-primerenergia-igenyenek-becslese/,2026-08-12,1a312ae2943238c139623ac6595ff9bb0ebe656fd12d2b7ab80739488b527c31
DIST-B02-MULTI_DWELLING-07-53,SRC-B02-KSH-ENERGY-2025,2022,EKM_9_2023,MULTI_DWELLING,2011–2015,530,0,MODELLED,https://www.ksh.hu/s/kiserleti-statisztika/kiadvanyok/a-magyar-lakasallomany-primerenergia-igenyenek-becslese/,2026-08-12,1a312ae2943238c139623ac6595ff9bb0ebe656fd12d2b7ab80739488b527c31
DIST-B02-MULTI_DWELLING-07-54,SRC-B02-KSH-ENERGY-2025,2022,EKM_9_2023,MULTI_DWELLING,2011–2015,540,1,MODELLED,https://www.ksh.hu/s/kiserleti-statisztika/kiadvanyok/a-magyar-lakasallomany-primerenergia-igenyenek-becslese/,2026-08-12,1a312ae2943238c139623ac6595ff9bb0ebe656fd12d2b7ab80739488b527c31
DIST-B02-MULTI_DWELLING-07-55,SRC-B02-KSH-ENERGY-2025,2022,EKM_9_2023,MULTI_DWELLING,2011–2015,550,0,MODELLED,https://www.ksh.hu/s/kiserleti-statisztika/kiadvanyok/a-magyar-lakasallomany-primerenergia-igenyenek-becslese/,2026-08-12,1a312ae2943238c139623ac6595ff9bb0ebe656fd12d2b7ab80739488b527c31
DIST-B02-MULTI_DWELLING-07-56,SRC-B02-KSH-ENERGY-2025,2022,EKM_9_2023,MULTI_DWELLING,2011–2015,560,0,MODELLED,https://www.ksh.hu/s/kiserleti-statisztika/kiadvanyok/a-magyar-lakasallomany-primerenergia-igenyenek-becslese/,2026-08-12,1a312ae2943238c139623ac6595ff9bb0ebe656fd12d2b7ab80739488b527c31
DIST-B02-MULTI_DWELLING-07-57,SRC-B02-KSH-ENERGY-2025,2022,EKM_9_2023,MULTI_DWELLING,2011–2015,570,1,MODELLED,https://www.ksh.hu/s/kiserleti-statisztika/kiadvanyok/a-magyar-lakasallomany-primerenergia-igenyenek-becslese/,2026-08-12,1a312ae2943238c139623ac6595ff9bb0ebe656fd12d2b7ab80739488b527c31
DIST-B02-MULTI_DWELLING-07-58,SRC-B02-KSH-ENERGY-2025,2022,EKM_9_2023,MULTI_DWELLING,2011–2015,580,1,MODELLED,https://www.ksh.hu/s/kiserleti-statisztika/kiadvanyok/a-magyar-lakasallomany-primerenergia-igenyenek-becslese/,2026-08-12,1a312ae2943238c139623ac6595ff9bb0ebe656fd12d2b7ab80739488b527c31
DIST-B02-MULTI_DWELLING-07-59,SRC-B02-KSH-ENERGY-2025,2022,EKM_9_2023,MULTI_DWELLING,2011–2015,590,1,MODELLED,https://www.ksh.hu/s/kiserleti-statisztika/kiadvanyok/a-magyar-lakasallomany-primerenergia-igenyenek-becslese/,2026-08-12,1a312ae2943238c139623ac6595ff9bb0ebe656fd12d2b7ab80739488b527c31
DIST-B02-MULTI_DWELLING-08-01,SRC-B02-KSH-ENERGY-2025,2022,EKM_9_2023,MULTI_DWELLING,2016–2022,10,2,MODELLED,https://www.ksh.hu/s/kiserleti-statisztika/kiadvanyok/a-magyar-lakasallomany-primerenergia-igenyenek-becslese/,2026-08-12,1a312ae2943238c139623ac6595ff9bb0ebe656fd12d2b7ab80739488b527c31
DIST-B02-MULTI_DWELLING-08-02,SRC-B02-KSH-ENERGY-2025,2022,EKM_9_2023,MULTI_DWELLING,2016–2022,20,39,MODELLED,https://www.ksh.hu/s/kiserleti-statisztika/kiadvanyok/a-magyar-lakasallomany-primerenergia-igenyenek-becslese/,2026-08-12,1a312ae2943238c139623ac6595ff9bb0ebe656fd12d2b7ab80739488b527c31
DIST-B02-MULTI_DWELLING-08-03,SRC-B02-KSH-ENERGY-2025,2022,EKM_9_2023,MULTI_DWELLING,2016–2022,30,209,MODELLED,https://www.ksh.hu/s/kiserleti-statisztika/kiadvanyok/a-magyar-lakasallomany-primerenergia-igenyenek-becslese/,2026-08-12,1a312ae2943238c139623ac6595ff9bb0ebe656fd12d2b7ab80739488b527c31
DIST-B02-MULTI_DWELLING-08-04,SRC-B02-KSH-ENERGY-2025,2022,EKM_9_2023,MULTI_DWELLING,2016–2022,40,683,MODELLED,https://www.ksh.hu/s/kiserleti-statisztika/kiadvanyok/a-magyar-lakasallomany-primerenergia-igenyenek-becslese/,2026-08-12,1a312ae2943238c139623ac6595ff9bb0ebe656fd12d2b7ab80739488b527c31
DIST-B02-MULTI_DWELLING-08-05,SRC-B02-KSH-ENERGY-2025,2022,EKM_9_2023,MULTI_DWELLING,2016–2022,50,846,MODELLED,https://www.ksh.hu/s/kiserleti-statisztika/kiadvanyok/a-magyar-lakasallomany-primerenergia-igenyenek-becslese/,2026-08-12,1a312ae2943238c139623ac6595ff9bb0ebe656fd12d2b7ab80739488b527c31
DIST-B02-MULTI_DWELLING-08-06,SRC-B02-KSH-ENERGY-2025,2022,EKM_9_2023,MULTI_DWELLING,2016–2022,60,2028,MODELLED,https://www.ksh.hu/s/kiserleti-statisztika/kiadvanyok/a-magyar-lakasallomany-primerenergia-igenyenek-becslese/,2026-08-12,1a312ae2943238c139623ac6595ff9bb0ebe656fd12d2b7ab80739488b527c31
DIST-B02-MULTI_DWELLING-08-07,SRC-B02-KSH-ENERGY-2025,2022,EKM_9_2023,MULTI_DWELLING,2016–2022,70,2136,MODELLED,https://www.ksh.hu/s/kiserleti-statisztika/kiadvanyok/a-magyar-lakasallomany-primerenergia-igenyenek-becslese/,2026-08-12,1a312ae2943238c139623ac6595ff9bb0ebe656fd12d2b7ab80739488b527c31
DIST-B02-MULTI_DWELLING-08-08,SRC-B02-KSH-ENERGY-2025,2022,EKM_9_2023,MULTI_DWELLING,2016–2022,80,3084,MODELLED,https://www.ksh.hu/s/kiserleti-statisztika/kiadvanyok/a-magyar-lakasallomany-primerenergia-igenyenek-becslese/,2026-08-12,1a312ae2943238c139623ac6595ff9bb0ebe656fd12d2b7ab80739488b527c31
DIST-B02-MULTI_DWELLING-08-09,SRC-B02-KSH-ENERGY-2025,2022,EKM_9_2023,MULTI_DWELLING,2016–2022,90,5103,MODELLED,https://www.ksh.hu/s/kiserleti-statisztika/kiadvanyok/a-magyar-lakasallomany-primerenergia-igenyenek-becslese/,2026-08-12,1a312ae2943238c139623ac6595ff9bb0ebe656fd12d2b7ab80739488b527c31
DIST-B02-MULTI_DWELLING-08-10,SRC-B02-KSH-ENERGY-2025,2022,EKM_9_2023,MULTI_DWELLING,2016–2022,100,9575,MODELLED,https://www.ksh.hu/s/kiserleti-statisztika/kiadvanyok/a-magyar-lakasallomany-primerenergia-igenyenek-becslese/,2026-08-12,1a312ae2943238c139623ac6595ff9bb0ebe656fd12d2b7ab80739488b527c31
DIST-B02-MULTI_DWELLING-08-11,SRC-B02-KSH-ENERGY-2025,2022,EKM_9_2023,MULTI_DWELLING,2016–2022,110,11000,MODELLED,https://www.ksh.hu/s/kiserleti-statisztika/kiadvanyok/a-magyar-lakasallomany-primerenergia-igenyenek-becslese/,2026-08-12,1a312ae2943238c139623ac6595ff9bb0ebe656fd12d2b7ab80739488b527c31
DIST-B02-MULTI_DWELLING-08-12,SRC-B02-KSH-ENERGY-2025,2022,EKM_9_2023,MULTI_DWELLING,2016–2022,120,10164,MODELLED,https://www.ksh.hu/s/kiserleti-statisztika/kiadvanyok/a-magyar-lakasallomany-primerenergia-igenyenek-becslese/,2026-08-12,1a312ae2943238c139623ac6595ff9bb0ebe656fd12d2b7ab80739488b527c31
DIST-B02-MULTI_DWELLING-08-13,SRC-B02-KSH-ENERGY-2025,2022,EKM_9_2023,MULTI_DWELLING,2016–2022,130,7071,MODELLED,https://www.ksh.hu/s/kiserleti-statisztika/kiadvanyok/a-magyar-lakasallomany-primerenergia-igenyenek-becslese/,2026-08-12,1a312ae2943238c139623ac6595ff9bb0ebe656fd12d2b7ab80739488b527c31
DIST-B02-MULTI_DWELLING-08-14,SRC-B02-KSH-ENERGY-2025,2022,EKM_9_2023,MULTI_DWELLING,2016–2022,140,3796,MODELLED,https://www.ksh.hu/s/kiserleti-statisztika/kiadvanyok/a-magyar-lakasallomany-primerenergia-igenyenek-becslese/,2026-08-12,1a312ae2943238c139623ac6595ff9bb0ebe656fd12d2b7ab80739488b527c31
DIST-B02-MULTI_DWELLING-08-15,SRC-B02-KSH-ENERGY-2025,2022,EKM_9_2023,MULTI_DWELLING,2016–2022,150,1941,MODELLED,https://www.ksh.hu/s/kiserleti-statisztika/kiadvanyok/a-magyar-lakasallomany-primerenergia-igenyenek-becslese/,2026-08-12,1a312ae2943238c139623ac6595ff9bb0ebe656fd12d2b7ab80739488b527c31
DIST-B02-MULTI_DWELLING-08-16,SRC-B02-KSH-ENERGY-2025,2022,EKM_9_2023,MULTI_DWELLING,2016–2022,160,1142,MODELLED,https://www.ksh.hu/s/kiserleti-statisztika/kiadvanyok/a-magyar-lakasallomany-primerenergia-igenyenek-becslese/,2026-08-12,1a312ae2943238c139623ac6595ff9bb0ebe656fd12d2b7ab80739488b527c31
DIST-B02-MULTI_DWELLING-08-17,SRC-B02-KSH-ENERGY-2025,2022,EKM_9_2023,MULTI_DWELLING,2016–2022,170,1028,MODELLED,https://www.ksh.hu/s/kiserleti-statisztika/kiadvanyok/a-magyar-lakasallomany-primerenergia-igenyenek-becslese/,2026-08-12,1a312ae2943238c139623ac6595ff9bb0ebe656fd12d2b7ab80739488b527c31
DIST-B02-MULTI_DWELLING-08-18,SRC-B02-KSH-ENERGY-2025,2022,EKM_9_2023,MULTI_DWELLING,2016–2022,180,626,MODELLED,https://www.ksh.hu/s/kiserleti-statisztika/kiadvanyok/a-magyar-lakasallomany-primerenergia-igenyenek-becslese/,2026-08-12,1a312ae2943238c139623ac6595ff9bb0ebe656fd12d2b7ab80739488b527c31
DIST-B02-MULTI_DWELLING-08-19,SRC-B02-KSH-ENERGY-2025,2022,EKM_9_2023,MULTI_DWELLING,2016–2022,190,443,MODELLED,https://www.ksh.hu/s/kiserleti-statisztika/kiadvanyok/a-magyar-lakasallomany-primerenergia-igenyenek-becslese/,2026-08-12,1a312ae2943238c139623ac6595ff9bb0ebe656fd12d2b7ab80739488b527c31
DIST-B02-MULTI_DWELLING-08-20,SRC-B02-KSH-ENERGY-2025,2022,EKM_9_2023,MULTI_DWELLING,2016–2022,200,354,MODELLED,https://www.ksh.hu/s/kiserleti-statisztika/kiadvanyok/a-magyar-lakasallomany-primerenergia-igenyenek-becslese/,2026-08-12,1a312ae2943238c139623ac6595ff9bb0ebe656fd12d2b7ab80739488b527c31
DIST-B02-MULTI_DWELLING-08-21,SRC-B02-KSH-ENERGY-2025,2022,EKM_9_2023,MULTI_DWELLING,2016–2022,210,299,MODELLED,https://www.ksh.hu/s/kiserleti-statisztika/kiadvanyok/a-magyar-lakasallomany-primerenergia-igenyenek-becslese/,2026-08-12,1a312ae2943238c139623ac6595ff9bb0ebe656fd12d2b7ab80739488b527c31
DIST-B02-MULTI_DWELLING-08-22,SRC-B02-KSH-ENERGY-2025,2022,EKM_9_2023,MULTI_DWELLING,2016–2022,220,185,MODELLED,https://www.ksh.hu/s/kiserleti-statisztika/kiadvanyok/a-magyar-lakasallomany-primerenergia-igenyenek-becslese/,2026-08-12,1a312ae2943238c139623ac6595ff9bb0ebe656fd12d2b7ab80739488b527c31
DIST-B02-MULTI_DWELLING-08-23,SRC-B02-KSH-ENERGY-2025,2022,EKM_9_2023,MULTI_DWELLING,2016–2022,230,173,MODELLED,https://www.ksh.hu/s/kiserleti-statisztika/kiadvanyok/a-magyar-lakasallomany-primerenergia-igenyenek-becslese/,2026-08-12,1a312ae2943238c139623ac6595ff9bb0ebe656fd12d2b7ab80739488b527c31
DIST-B02-MULTI_DWELLING-08-24,SRC-B02-KSH-ENERGY-2025,2022,EKM_9_2023,MULTI_DWELLING,2016–2022,240,141,MODELLED,https://www.ksh.hu/s/kiserleti-statisztika/kiadvanyok/a-magyar-lakasallomany-primerenergia-igenyenek-becslese/,2026-08-12,1a312ae2943238c139623ac6595ff9bb0ebe656fd12d2b7ab80739488b527c31
DIST-B02-MULTI_DWELLING-08-25,SRC-B02-KSH-ENERGY-2025,2022,EKM_9_2023,MULTI_DWELLING,2016–2022,250,150,MODELLED,https://www.ksh.hu/s/kiserleti-statisztika/kiadvanyok/a-magyar-lakasallomany-primerenergia-igenyenek-becslese/,2026-08-12,1a312ae2943238c139623ac6595ff9bb0ebe656fd12d2b7ab80739488b527c31
DIST-B02-MULTI_DWELLING-08-26,SRC-B02-KSH-ENERGY-2025,2022,EKM_9_2023,MULTI_DWELLING,2016–2022,260,97,MODELLED,https://www.ksh.hu/s/kiserleti-statisztika/kiadvanyok/a-magyar-lakasallomany-primerenergia-igenyenek-becslese/,2026-08-12,1a312ae2943238c139623ac6595ff9bb0ebe656fd12d2b7ab80739488b527c31
DIST-B02-MULTI_DWELLING-08-27,SRC-B02-KSH-ENERGY-2025,2022,EKM_9_2023,MULTI_DWELLING,2016–2022,270,77,MODELLED,https://www.ksh.hu/s/kiserleti-statisztika/kiadvanyok/a-magyar-lakasallomany-primerenergia-igenyenek-becslese/,2026-08-12,1a312ae2943238c139623ac6595ff9bb0ebe656fd12d2b7ab80739488b527c31
DIST-B02-MULTI_DWELLING-08-28,SRC-B02-KSH-ENERGY-2025,2022,EKM_9_2023,MULTI_DWELLING,2016–2022,280,135,MODELLED,https://www.ksh.hu/s/kiserleti-statisztika/kiadvanyok/a-magyar-lakasallomany-primerenergia-igenyenek-becslese/,2026-08-12,1a312ae2943238c139623ac6595ff9bb0ebe656fd12d2b7ab80739488b527c31
DIST-B02-MULTI_DWELLING-08-29,SRC-B02-KSH-ENERGY-2025,2022,EKM_9_2023,MULTI_DWELLING,2016–2022,290,69,MODELLED,https://www.ksh.hu/s/kiserleti-statisztika/kiadvanyok/a-magyar-lakasallomany-primerenergia-igenyenek-becslese/,2026-08-12,1a312ae2943238c139623ac6595ff9bb0ebe656fd12d2b7ab80739488b527c31
DIST-B02-MULTI_DWELLING-08-30,SRC-B02-KSH-ENERGY-2025,2022,EKM_9_2023,MULTI_DWELLING,2016–2022,300,45,MODELLED,https://www.ksh.hu/s/kiserleti-statisztika/kiadvanyok/a-magyar-lakasallomany-primerenergia-igenyenek-becslese/,2026-08-12,1a312ae2943238c139623ac6595ff9bb0ebe656fd12d2b7ab80739488b527c31
DIST-B02-MULTI_DWELLING-08-31,SRC-B02-KSH-ENERGY-2025,2022,EKM_9_2023,MULTI_DWELLING,2016–2022,310,44,MODELLED,https://www.ksh.hu/s/kiserleti-statisztika/kiadvanyok/a-magyar-lakasallomany-primerenergia-igenyenek-becslese/,2026-08-12,1a312ae2943238c139623ac6595ff9bb0ebe656fd12d2b7ab80739488b527c31
DIST-B02-MULTI_DWELLING-08-32,SRC-B02-KSH-ENERGY-2025,2022,EKM_9_2023,MULTI_DWELLING,2016–2022,320,32,MODELLED,https://www.ksh.hu/s/kiserleti-statisztika/kiadvanyok/a-magyar-lakasallomany-primerenergia-igenyenek-becslese/,2026-08-12,1a312ae2943238c139623ac6595ff9bb0ebe656fd12d2b7ab80739488b527c31
DIST-B02-MULTI_DWELLING-08-33,SRC-B02-KSH-ENERGY-2025,2022,EKM_9_2023,MULTI_DWELLING,2016–2022,330,52,MODELLED,https://www.ksh.hu/s/kiserleti-statisztika/kiadvanyok/a-magyar-lakasallomany-primerenergia-igenyenek-becslese/,2026-08-12,1a312ae2943238c139623ac6595ff9bb0ebe656fd12d2b7ab80739488b527c31
DIST-B02-MULTI_DWELLING-08-34,SRC-B02-KSH-ENERGY-2025,2022,EKM_9_2023,MULTI_DWELLING,2016–2022,340,27,MODELLED,https://www.ksh.hu/s/kiserleti-statisztika/kiadvanyok/a-magyar-lakasallomany-primerenergia-igenyenek-becslese/,2026-08-12,1a312ae2943238c139623ac6595ff9bb0ebe656fd12d2b7ab80739488b527c31
DIST-B02-MULTI_DWELLING-08-35,SRC-B02-KSH-ENERGY-2025,2022,EKM_9_2023,MULTI_DWELLING,2016–2022,350,22,MODELLED,https://www.ksh.hu/s/kiserleti-statisztika/kiadvanyok/a-magyar-lakasallomany-primerenergia-igenyenek-becslese/,2026-08-12,1a312ae2943238c139623ac6595ff9bb0ebe656fd12d2b7ab80739488b527c31
DIST-B02-MULTI_DWELLING-08-36,SRC-B02-KSH-ENERGY-2025,2022,EKM_9_2023,MULTI_DWELLING,2016–2022,360,18,MODELLED,https://www.ksh.hu/s/kiserleti-statisztika/kiadvanyok/a-magyar-lakasallomany-primerenergia-igenyenek-becslese/,2026-08-12,1a312ae2943238c139623ac6595ff9bb0ebe656fd12d2b7ab80739488b527c31
DIST-B02-MULTI_DWELLING-08-37,SRC-B02-KSH-ENERGY-2025,2022,EKM_9_2023,MULTI_DWELLING,2016–2022,370,21,MODELLED,https://www.ksh.hu/s/kiserleti-statisztika/kiadvanyok/a-magyar-lakasallomany-primerenergia-igenyenek-becslese/,2026-08-12,1a312ae2943238c139623ac6595ff9bb0ebe656fd12d2b7ab80739488b527c31
DIST-B02-MULTI_DWELLING-08-38,SRC-B02-KSH-ENERGY-2025,2022,EKM_9_2023,MULTI_DWELLING,2016–2022,380,30,MODELLED,https://www.ksh.hu/s/kiserleti-statisztika/kiadvanyok/a-magyar-lakasallomany-primerenergia-igenyenek-becslese/,2026-08-12,1a312ae2943238c139623ac6595ff9bb0ebe656fd12d2b7ab80739488b527c31
DIST-B02-MULTI_DWELLING-08-39,SRC-B02-KSH-ENERGY-2025,2022,EKM_9_2023,MULTI_DWELLING,2016–2022,390,14,MODELLED,https://www.ksh.hu/s/kiserleti-statisztika/kiadvanyok/a-magyar-lakasallomany-primerenergia-igenyenek-becslese/,2026-08-12,1a312ae2943238c139623ac6595ff9bb0ebe656fd12d2b7ab80739488b527c31
DIST-B02-MULTI_DWELLING-08-40,SRC-B02-KSH-ENERGY-2025,2022,EKM_9_2023,MULTI_DWELLING,2016–2022,400,3,MODELLED,https://www.ksh.hu/s/kiserleti-statisztika/kiadvanyok/a-magyar-lakasallomany-primerenergia-igenyenek-becslese/,2026-08-12,1a312ae2943238c139623ac6595ff9bb0ebe656fd12d2b7ab80739488b527c31
DIST-B02-MULTI_DWELLING-08-41,SRC-B02-KSH-ENERGY-2025,2022,EKM_9_2023,MULTI_DWELLING,2016–2022,410,6,MODELLED,https://www.ksh.hu/s/kiserleti-statisztika/kiadvanyok/a-magyar-lakasallomany-primerenergia-igenyenek-becslese/,2026-08-12,1a312ae2943238c139623ac6595ff9bb0ebe656fd12d2b7ab80739488b527c31
DIST-B02-MULTI_DWELLING-08-42,SRC-B02-KSH-ENERGY-2025,2022,EKM_9_2023,MULTI_DWELLING,2016–2022,420,7,MODELLED,https://www.ksh.hu/s/kiserleti-statisztika/kiadvanyok/a-magyar-lakasallomany-primerenergia-igenyenek-becslese/,2026-08-12,1a312ae2943238c139623ac6595ff9bb0ebe656fd12d2b7ab80739488b527c31
DIST-B02-MULTI_DWELLING-08-43,SRC-B02-KSH-ENERGY-2025,2022,EKM_9_2023,MULTI_DWELLING,2016–2022,430,2,MODELLED,https://www.ksh.hu/s/kiserleti-statisztika/kiadvanyok/a-magyar-lakasallomany-primerenergia-igenyenek-becslese/,2026-08-12,1a312ae2943238c139623ac6595ff9bb0ebe656fd12d2b7ab80739488b527c31
DIST-B02-MULTI_DWELLING-08-44,SRC-B02-KSH-ENERGY-2025,2022,EKM_9_2023,MULTI_DWELLING,2016–2022,440,0,MODELLED,https://www.ksh.hu/s/kiserleti-statisztika/kiadvanyok/a-magyar-lakasallomany-primerenergia-igenyenek-becslese/,2026-08-12,1a312ae2943238c139623ac6595ff9bb0ebe656fd12d2b7ab80739488b527c31
DIST-B02-MULTI_DWELLING-08-45,SRC-B02-KSH-ENERGY-2025,2022,EKM_9_2023,MULTI_DWELLING,2016–2022,450,2,MODELLED,https://www.ksh.hu/s/kiserleti-statisztika/kiadvanyok/a-magyar-lakasallomany-primerenergia-igenyenek-becslese/,2026-08-12,1a312ae2943238c139623ac6595ff9bb0ebe656fd12d2b7ab80739488b527c31
DIST-B02-MULTI_DWELLING-08-46,SRC-B02-KSH-ENERGY-2025,2022,EKM_9_2023,MULTI_DWELLING,2016–2022,460,0,MODELLED,https://www.ksh.hu/s/kiserleti-statisztika/kiadvanyok/a-magyar-lakasallomany-primerenergia-igenyenek-becslese/,2026-08-12,1a312ae2943238c139623ac6595ff9bb0ebe656fd12d2b7ab80739488b527c31
DIST-B02-MULTI_DWELLING-08-47,SRC-B02-KSH-ENERGY-2025,2022,EKM_9_2023,MULTI_DWELLING,2016–2022,470,1,MODELLED,https://www.ksh.hu/s/kiserleti-statisztika/kiadvanyok/a-magyar-lakasallomany-primerenergia-igenyenek-becslese/,2026-08-12,1a312ae2943238c139623ac6595ff9bb0ebe656fd12d2b7ab80739488b527c31
DIST-B02-MULTI_DWELLING-08-48,SRC-B02-KSH-ENERGY-2025,2022,EKM_9_2023,MULTI_DWELLING,2016–2022,480,2,MODELLED,https://www.ksh.hu/s/kiserleti-statisztika/kiadvanyok/a-magyar-lakasallomany-primerenergia-igenyenek-becslese/,2026-08-12,1a312ae2943238c139623ac6595ff9bb0ebe656fd12d2b7ab80739488b527c31
DIST-B02-MULTI_DWELLING-08-49,SRC-B02-KSH-ENERGY-2025,2022,EKM_9_2023,MULTI_DWELLING,2016–2022,490,0,MODELLED,https://www.ksh.hu/s/kiserleti-statisztika/kiadvanyok/a-magyar-lakasallomany-primerenergia-igenyenek-becslese/,2026-08-12,1a312ae2943238c139623ac6595ff9bb0ebe656fd12d2b7ab80739488b527c31
DIST-B02-MULTI_DWELLING-08-50,SRC-B02-KSH-ENERGY-2025,2022,EKM_9_2023,MULTI_DWELLING,2016–2022,500,0,MODELLED,https://www.ksh.hu/s/kiserleti-statisztika/kiadvanyok/a-magyar-lakasallomany-primerenergia-igenyenek-becslese/,2026-08-12,1a312ae2943238c139623ac6595ff9bb0ebe656fd12d2b7ab80739488b527c31
DIST-B02-MULTI_DWELLING-08-51,SRC-B02-KSH-ENERGY-2025,2022,EKM_9_2023,MULTI_DWELLING,2016–2022,510,1,MODELLED,https://www.ksh.hu/s/kiserleti-statisztika/kiadvanyok/a-magyar-lakasallomany-primerenergia-igenyenek-becslese/,2026-08-12,1a312ae2943238c139623ac6595ff9bb0ebe656fd12d2b7ab80739488b527c31
DIST-B02-MULTI_DWELLING-08-52,SRC-B02-KSH-ENERGY-2025,2022,EKM_9_2023,MULTI_DWELLING,2016–2022,520,1,MODELLED,https://www.ksh.hu/s/kiserleti-statisztika/kiadvanyok/a-magyar-lakasallomany-primerenergia-igenyenek-becslese/,2026-08-12,1a312ae2943238c139623ac6595ff9bb0ebe656fd12d2b7ab80739488b527c31
DIST-B02-MULTI_DWELLING-08-53,SRC-B02-KSH-ENERGY-2025,2022,EKM_9_2023,MULTI_DWELLING,2016–2022,530,1,MODELLED,https://www.ksh.hu/s/kiserleti-statisztika/kiadvanyok/a-magyar-lakasallomany-primerenergia-igenyenek-becslese/,2026-08-12,1a312ae2943238c139623ac6595ff9bb0ebe656fd12d2b7ab80739488b527c31
DIST-B02-MULTI_DWELLING-08-54,SRC-B02-KSH-ENERGY-2025,2022,EKM_9_2023,MULTI_DWELLING,2016–2022,540,0,MODELLED,https://www.ksh.hu/s/kiserleti-statisztika/kiadvanyok/a-magyar-lakasallomany-primerenergia-igenyenek-becslese/,2026-08-12,1a312ae2943238c139623ac6595ff9bb0ebe656fd12d2b7ab80739488b527c31
DIST-B02-MULTI_DWELLING-08-55,SRC-B02-KSH-ENERGY-2025,2022,EKM_9_2023,MULTI_DWELLING,2016–2022,550,1,MODELLED,https://www.ksh.hu/s/kiserleti-statisztika/kiadvanyok/a-magyar-lakasallomany-primerenergia-igenyenek-becslese/,2026-08-12,1a312ae2943238c139623ac6595ff9bb0ebe656fd12d2b7ab80739488b527c31
DIST-B02-MULTI_DWELLING-08-56,SRC-B02-KSH-ENERGY-2025,2022,EKM_9_2023,MULTI_DWELLING,2016–2022,560,1,MODELLED,https://www.ksh.hu/s/kiserleti-statisztika/kiadvanyok/a-magyar-lakasallomany-primerenergia-igenyenek-becslese/,2026-08-12,1a312ae2943238c139623ac6595ff9bb0ebe656fd12d2b7ab80739488b527c31
DIST-B02-MULTI_DWELLING-08-57,SRC-B02-KSH-ENERGY-2025,2022,EKM_9_2023,MULTI_DWELLING,2016–2022,570,0,MODELLED,https://www.ksh.hu/s/kiserleti-statisztika/kiadvanyok/a-magyar-lakasallomany-primerenergia-igenyenek-becslese/,2026-08-12,1a312ae2943238c139623ac6595ff9bb0ebe656fd12d2b7ab80739488b527c31
DIST-B02-MULTI_DWELLING-08-58,SRC-B02-KSH-ENERGY-2025,2022,EKM_9_2023,MULTI_DWELLING,2016–2022,580,0,MODELLED,https://www.ksh.hu/s/kiserleti-statisztika/kiadvanyok/a-magyar-lakasallomany-primerenergia-igenyenek-becslese/,2026-08-12,1a312ae2943238c139623ac6595ff9bb0ebe656fd12d2b7ab80739488b527c31
DIST-B02-MULTI_DWELLING-08-59,SRC-B02-KSH-ENERGY-2025,2022,EKM_9_2023,MULTI_DWELLING,2016–2022,590,0,MODELLED,https://www.ksh.hu/s/kiserleti-statisztika/kiadvanyok/a-magyar-lakasallomany-primerenergia-igenyenek-becslese/,2026-08-12,1a312ae2943238c139623ac6595ff9bb0ebe656fd12d2b7ab80739488b527c31
