country,year,index,name,renovation_generation,building_categories_index,building_category,construction_period_start,construction_period_end,number_of_dwellings_per_building,number_of_buildings,dwelling_weight,areawindows,Htr_w,effective_window_u_w_m2k,stock_window_area_m2,stock_window_htr_w_per_k,model_reference_satisfied_1_10
HUN,2025,1,SFHdh_1800_1944_Debrecen_ren1,UNKNOWN,2,SFH,1880,1944,1,111545.59375,111545.59375,32.1023826599,160.674911499,5.00507736206,3580879.25,17922578,False
HUN,2025,2,SFHdh_1800_1944_Debrecen_ren2,UNKNOWN,2,SFH,1880,1944,1,90149.78125,90149.78125,32.1023826599,127.913497925,3.98454833031,2894022.75,11531374,False
HUN,2025,3,SFHdh_1800_1944_Debrecen_ren3,UNKNOWN,2,SFH,1880,1944,1,22774.15625,22774.15625,32.1023826599,160.674911499,5.00507736206,731104.6875,3659235.5,False
HUN,2025,4,SFHdh_1800_1944_Debrecen_ren4,UNKNOWN,2,SFH,1880,1944,1,11488.1259766,11488.1259766,32.1023826599,127.913497925,3.98454833031,368796.21875,1469486.375,False
HUN,2025,5,SFHdh_1800_1944_Debrecen_ren5,UNKNOWN,2,SFH,1880,1944,1,26665.5253906,26665.5253906,32.1023826599,96.3983154297,3.0028398037,856026.875,2570511.75,False
HUN,2025,6,SFHdh_1800_1944_Debrecen_ren6,UNKNOWN,2,SFH,1880,1944,1,7647.59277344,7647.59277344,32.1023826599,75.5173339844,2.35239028931,245505.953125,577525.8125,False
HUN,2025,284,SFHdh_1800_1944_Debrecen_ren284,UNKNOWN,2,SFH,1880,1944,1,3153.671875,3153.671875,32.1023826599,100.441772461,3.12879490852,101240.382812,316760.40625,False
HUN,2025,285,SFHdh_1800_1944_Debrecen_ren285,UNKNOWN,2,SFH,1880,1944,1,1010.28973389,1010.28973389,32.1023826599,79.655166626,2.48128509521,32432.7070312,80474.796875,False
HUN,2025,620,SFHdh_1800_1944_Debrecen_ren1,UNKNOWN,2,SFH,1880,1944,1,1206.80297852,1206.80297852,32.1023826599,160.674911499,5.00507736206,38741.25,193902.96875,False
HUN,2025,621,SFHdh_1800_1944_Debrecen_ren1,UNKNOWN,2,SFH,1880,1944,1,350.467681885,350.467681885,32.1023826599,98.1193084717,3.0564494133,11250.8476562,34387.6484375,False
HUN,2025,622,SFHdh_1800_1944_Debrecen_ren1,UNKNOWN,2,SFH,1880,1944,1,299.12399292,299.12399292,32.1023826599,105.618492126,3.29005146027,9602.59277344,31593.0253906,False
HUN,2025,623,SFHdh_1800_1944_Debrecen_ren1,UNKNOWN,2,SFH,1880,1944,1,40.5446929932,40.5446929932,32.1023826599,82.8516769409,2.58085751534,1301.58129883,3359.19580078,False
HUN,2025,624,SFHdh_1800_1944_Debrecen_ren2,UNKNOWN,2,SFH,1880,1944,1,1081.89599609,1081.89599609,32.1023826599,127.913497925,3.98454833031,34731.4375,138389.09375,False
HUN,2025,625,SFHdh_1800_1944_Debrecen_ren2,UNKNOWN,2,SFH,1880,1944,1,198.026580811,198.026580811,32.1023826599,77.5960769653,2.41714382172,6357.125,15366.0859375,False
HUN,2025,626,SFHdh_1800_1944_Debrecen_ren2,UNKNOWN,2,SFH,1880,1944,1,191.975799561,191.975799561,32.1023826599,82.2684326172,2.56268930435,6162.88037109,15793.5478516,False
HUN,2025,627,SFHdh_1800_1944_Debrecen_ren2,UNKNOWN,2,SFH,1880,1944,1,35.8905639648,35.8905639648,32.1023826599,74.8459777832,2.33147740364,1152.17260742,2686.2644043,False
HUN,2025,628,SFHdh_1800_1944_Debrecen_ren3,UNKNOWN,2,SFH,1880,1944,1,242.935119629,242.935119629,32.1023826599,160.674911499,5.00507736206,7798.79638672,39033.578125,False
HUN,2025,629,SFHdh_1800_1944_Debrecen_ren3,UNKNOWN,2,SFH,1880,1944,1,64.9539871216,64.9539871216,32.1023826599,98.1193084717,3.0564494133,2085.17773438,6373.24023438,False
HUN,2025,630,SFHdh_1800_1944_Debrecen_ren3,UNKNOWN,2,SFH,1880,1944,1,56.6515731812,56.6515731812,32.1023826599,105.618492126,3.29005146027,1818.6505127,5983.45361328,False
HUN,2025,631,SFHdh_1800_1944_Debrecen_ren3,UNKNOWN,2,SFH,1880,1944,1,6.0801653862,6.0801653862,32.1023826599,82.8516769409,2.58085751534,195.187789917,503.75189209,False
HUN,2025,632,SFHdh_1800_1944_Debrecen_ren4,UNKNOWN,2,SFH,1880,1944,1,149.513671875,149.513671875,32.1023826599,127.913497925,3.98454833031,4799.74511719,19124.8164062,False
HUN,2025,633,SFHdh_1800_1944_Debrecen_ren4,UNKNOWN,2,SFH,1880,1944,1,25.2811832428,25.2811832428,32.1023826599,77.5960769653,2.41714382172,811.586242676,1961.72058105,False
HUN,2025,634,SFHdh_1800_1944_Debrecen_ren4,UNKNOWN,2,SFH,1880,1944,1,25.0537338257,25.0537338257,32.1023826599,82.2684326172,2.56268930435,804.284545898,2061.13134766,False
HUN,2025,635,SFHdh_1800_1944_Debrecen_ren4,UNKNOWN,2,SFH,1880,1944,1,3.93584918976,3.93584918976,32.1023826599,74.8459777832,2.33147740364,126.350135803,294.582489014,False
HUN,2025,636,SFHdh_1800_1944_Debrecen_ren5,UNKNOWN,2,SFH,1880,1944,1,700.636352539,700.636352539,32.1023826599,96.3983154297,3.0028398037,22492.0957031,67540.1640625,False
HUN,2025,637,SFHdh_1800_1944_Debrecen_ren5,UNKNOWN,2,SFH,1880,1944,1,94.5358963013,94.5358963013,32.1023826599,96.3983154297,3.0028398037,3034.82763672,9113.1015625,False
HUN,2025,638,SFHdh_1800_1944_Debrecen_ren5,UNKNOWN,2,SFH,1880,1944,1,103.44039917,103.44039917,32.1023826599,96.3388824463,3.00098848343,3320.68334961,9965.33203125,False
HUN,2025,639,SFHdh_1800_1944_Debrecen_ren5,UNKNOWN,2,SFH,1880,1944,1,5.0326294899,5.0326294899,32.1023826599,83.0748519897,2.58780956268,161.559402466,418.084960938,False
HUN,2025,640,SFHdh_1800_1944_Debrecen_ren6,UNKNOWN,2,SFH,1880,1944,1,223.111206055,223.111206055,32.1023826599,75.5173339844,2.35239028931,7162.40136719,16848.7636719,False
HUN,2025,641,SFHdh_1800_1944_Debrecen_ren6,UNKNOWN,2,SFH,1880,1944,1,22.7832889557,22.7832889557,32.1023826599,75.5173339844,2.35239028931,731.397888184,1720.53320312,False
HUN,2025,642,SFHdh_1800_1944_Debrecen_ren6,UNKNOWN,2,SFH,1880,1944,1,26.9258728027,26.9258728027,32.1023826599,75.4429855347,2.35007429123,864.384643555,2031.36828613,False
HUN,2025,643,SFHdh_1800_1944_Debrecen_ren6,UNKNOWN,2,SFH,1880,1944,1,1.73073935509,1.73073935509,32.1023826599,74.169303894,2.31039881706,55.5608558655,128.367736816,False
HUN,2025,1528,SFHdh_1800_1944_Debrecen_ren284,UNKNOWN,2,SFH,1880,1944,1,98.3380889893,98.3380889893,32.1023826599,100.441772461,3.12879490852,3156.88696289,9877.25195312,False
HUN,2025,1529,SFHdh_1800_1944_Debrecen_ren284,UNKNOWN,2,SFH,1880,1944,1,13.1508150101,13.1508150101,32.1023826599,100.441772461,3.12879490852,422.172485352,1320.89111328,False
HUN,2025,1530,SFHdh_1800_1944_Debrecen_ren284,UNKNOWN,2,SFH,1880,1944,1,14.4033346176,14.4033346176,32.1023826599,100.364982605,3.12640285492,462.381347656,1445.5904541,False
HUN,2025,1531,SFHdh_1800_1944_Debrecen_ren284,UNKNOWN,2,SFH,1880,1944,1,0.536271393299,0.536271393299,32.1023826599,82.8516769409,2.58085751534,17.2155895233,44.4309844971,False
HUN,2025,1532,SFHdh_1800_1944_Debrecen_ren285,UNKNOWN,2,SFH,1880,1944,1,21.5808105469,21.5808105469,32.1023826599,79.655166626,2.48128509521,692.795410156,1719.02307129,False
HUN,2025,1533,SFHdh_1800_1944_Debrecen_ren285,UNKNOWN,2,SFH,1880,1944,1,2.08294844627,2.08294844627,32.1023826599,79.655166626,2.48128509521,66.8676071167,165.917602539,False
HUN,2025,1534,SFHdh_1800_1944_Debrecen_ren285,UNKNOWN,2,SFH,1880,1944,1,2.48657512665,2.48657512665,32.1023826599,79.5977401733,2.47949624062,79.8249893188,197.925765991,False
HUN,2025,1535,SFHdh_1800_1944_Debrecen_ren285,UNKNOWN,2,SFH,1880,1944,1,0.0909408181906,0.0909408181906,32.1023826599,74.8459777832,2.33147740364,2.91941690445,6.80655431747,False
HUN,2025,2107,SFHdh_1800_1944_Debrecen_ren1,UNKNOWN,2,SFH,1880,1944,1,2322.86010742,2322.86010742,32.1023826599,160.674911499,5.00507736206,74569.34375,373225.34375,False
HUN,2025,2108,SFHdh_1800_1944_Debrecen_ren1,UNKNOWN,2,SFH,1880,1944,1,696.731994629,696.731994629,32.1023826599,98.1193084717,3.0564494133,22366.7578125,68362.859375,False
HUN,2025,2109,SFHdh_1800_1944_Debrecen_ren1,UNKNOWN,2,SFH,1880,1944,1,611.069824219,611.069824219,32.1023826599,105.618492126,3.29005146027,19616.796875,64540.2734375,False
HUN,2025,2110,SFHdh_1800_1944_Debrecen_ren1,UNKNOWN,2,SFH,1880,1944,1,90.3295516968,90.3295516968,32.1023826599,82.8516769409,2.58085751534,2899.79394531,7483.95507812,False
HUN,2025,2111,SFHdh_1800_1944_Debrecen_ren2,UNKNOWN,2,SFH,1880,1944,1,2114.35595703,2114.35595703,32.1023826599,127.913497925,3.98454833031,67875.8671875,270454.65625,False
HUN,2025,2112,SFHdh_1800_1944_Debrecen_ren2,UNKNOWN,2,SFH,1880,1944,1,393.963653564,393.963653564,32.1023826599,77.5960769653,2.41714382172,12647.171875,30570.0332031,False
HUN,2025,2113,SFHdh_1800_1944_Debrecen_ren2,UNKNOWN,2,SFH,1880,1944,1,397.991851807,397.991851807,32.1023826599,82.2684326172,2.56268930435,12776.4863281,32742.1660156,False
HUN,2025,2114,SFHdh_1800_1944_Debrecen_ren2,UNKNOWN,2,SFH,1880,1944,1,69.6316146851,69.6316146851,32.1023826599,74.8459777832,2.33147740364,2235.34082031,5211.64648438,False
HUN,2025,2115,SFHdh_1800_1944_Debrecen_ren3,UNKNOWN,2,SFH,1880,1944,1,523.611022949,523.611022949,32.1023826599,160.674911499,5.00507736206,16809.1621094,84131.15625,False
HUN,2025,2116,SFHdh_1800_1944_Debrecen_ren3,UNKNOWN,2,SFH,1880,1944,1,148.225128174,148.225128174,32.1023826599,98.1193084717,3.0564494133,4758.37988281,14543.7470703,False
HUN,2025,2117,SFHdh_1800_1944_Debrecen_ren3,UNKNOWN,2,SFH,1880,1944,1,132.257385254,132.257385254,32.1023826599,105.618492126,3.29005146027,4245.77734375,13968.8251953,False
HUN,2025,2118,SFHdh_1800_1944_Debrecen_ren3,UNKNOWN,2,SFH,1880,1944,1,16.2083187103,16.2083187103,32.1023826599,82.8516769409,2.58085751534,520.325622559,1342.88635254,False
HUN,2025,2119,SFHdh_1800_1944_Debrecen_ren4,UNKNOWN,2,SFH,1880,1944,1,256.143249512,256.143249512,32.1023826599,127.913497925,3.98454833031,8222.80859375,32764.1796875,False
HUN,2025,2120,SFHdh_1800_1944_Debrecen_ren4,UNKNOWN,2,SFH,1880,1944,1,47.6062049866,47.6062049866,32.1023826599,77.5960769653,2.41714382172,1528.27258301,3694.0546875,False
HUN,2025,2121,SFHdh_1800_1944_Debrecen_ren4,UNKNOWN,2,SFH,1880,1944,1,47.9017601013,47.9017601013,32.1023826599,82.2684326172,2.56268930435,1537.76062012,3940.80273438,False
HUN,2025,2122,SFHdh_1800_1944_Debrecen_ren4,UNKNOWN,2,SFH,1880,1944,1,9.41265869141,9.41265869141,32.1023826599,74.8459777832,2.33147740364,302.168762207,704.499633789,False
HUN,2025,2123,SFHdh_1800_1944_Debrecen_ren5,UNKNOWN,2,SFH,1880,1944,1,1436.03796387,1436.03796387,32.1023826599,96.3983154297,3.0028398037,46100.2382812,138431.640625,False
HUN,2025,2124,SFHdh_1800_1944_Debrecen_ren5,UNKNOWN,2,SFH,1880,1944,1,191.229522705,191.229522705,32.1023826599,96.3983154297,3.0028398037,6138.92333984,18434.203125,False
HUN,2025,2125,SFHdh_1800_1944_Debrecen_ren5,UNKNOWN,2,SFH,1880,1944,1,221.686889648,221.686889648,32.1023826599,96.3983154297,3.0028398037,7116.67724609,21370.2421875,False
HUN,2025,2126,SFHdh_1800_1944_Debrecen_ren5,UNKNOWN,2,SFH,1880,1944,1,13.7601604462,13.7601604462,32.1023826599,83.0748519897,2.58780956268,441.733947754,1143.12329102,False
HUN,2025,2127,SFHdh_1800_1944_Debrecen_ren6,UNKNOWN,2,SFH,1880,1944,1,432.909301758,432.909301758,32.1023826599,75.5173339844,2.35239028931,13897.4199219,32692.15625,False
HUN,2025,2128,SFHdh_1800_1944_Debrecen_ren6,UNKNOWN,2,SFH,1880,1944,1,44.1180458069,44.1180458069,32.1023826599,75.5173339844,2.35239028931,1416.29443359,3331.67724609,False
HUN,2025,2129,SFHdh_1800_1944_Debrecen_ren6,UNKNOWN,2,SFH,1880,1944,1,55.4685058594,55.4685058594,32.1023826599,75.5173339844,2.35239028931,1780.67114258,4188.83349609,False
HUN,2025,2130,SFHdh_1800_1944_Debrecen_ren6,UNKNOWN,2,SFH,1880,1944,1,4.4522819519,4.4522819519,32.1023826599,74.169303894,2.31039881706,142.928863525,330.22265625,False
HUN,2025,3087,SFHdh_1800_1944_Debrecen_ren284,UNKNOWN,2,SFH,1880,1944,1,171.138885498,171.138885498,32.1023826599,100.441772461,3.12879490852,5493.96582031,17189.4921875,False
HUN,2025,3088,SFHdh_1800_1944_Debrecen_ren284,UNKNOWN,2,SFH,1880,1944,1,24.3793792725,24.3793792725,32.1023826599,100.441772461,3.12879490852,782.636169434,2448.70800781,False
HUN,2025,3089,SFHdh_1800_1944_Debrecen_ren284,UNKNOWN,2,SFH,1880,1944,1,27.9266605377,27.9266605377,32.1023826599,100.441772461,3.12879490852,896.512329102,2805.00317383,False
HUN,2025,3090,SFHdh_1800_1944_Debrecen_ren284,UNKNOWN,2,SFH,1880,1944,1,3.52368187904,3.52368187904,32.1023826599,82.8516769409,2.58085751534,113.118583679,291.942962646,False
HUN,2025,3091,SFHdh_1800_1944_Debrecen_ren285,UNKNOWN,2,SFH,1880,1944,1,81.1238250732,81.1238250732,32.1023826599,79.655166626,2.48128509521,2604.26806641,6461.93164062,False
HUN,2025,3092,SFHdh_1800_1944_Debrecen_ren285,UNKNOWN,2,SFH,1880,1944,1,8.37810707092,8.37810707092,32.1023826599,79.655166626,2.48128509521,268.957214355,667.35949707,False
HUN,2025,3093,SFHdh_1800_1944_Debrecen_ren285,UNKNOWN,2,SFH,1880,1944,1,10.5461425781,10.5461425781,32.1023826599,79.6498336792,2.48111915588,338.556304932,839.998474121,False
HUN,2025,3094,SFHdh_1800_1944_Debrecen_ren285,UNKNOWN,2,SFH,1880,1944,1,0.636483550072,0.636483550072,32.1023826599,74.8459777832,2.33147740364,20.4326381683,47.6382331848,False
HUN,2025,3801,SFHdh_1800_1944_Debrecen_ren1,UNKNOWN,2,SFH,1880,1944,1,2947.12744141,2947.12744141,32.1023826599,160.674911499,5.00507736206,94609.8125,473529.4375,False
HUN,2025,3802,SFHdh_1800_1944_Debrecen_ren1,UNKNOWN,2,SFH,1880,1944,1,1758.87915039,1758.87915039,32.1023826599,98.1193084717,3.0564494133,56464.2109375,172580,False
HUN,2025,3803,SFHdh_1800_1944_Debrecen_ren1,UNKNOWN,2,SFH,1880,1944,1,532.955078125,532.955078125,32.1023826599,105.618492126,3.29005146027,17109.1269531,56289.9101562,False
HUN,2025,3804,SFHdh_1800_1944_Debrecen_ren1,UNKNOWN,2,SFH,1880,1944,1,344.837188721,344.837188721,32.1023826599,82.8516769409,2.58085751534,11070.0957031,28570.3398438,False
HUN,2025,3805,SFHdh_1800_1944_Debrecen_ren2,UNKNOWN,2,SFH,1880,1944,1,2721.51879883,2721.51879883,32.1023826599,127.913497925,3.98454833031,87367.234375,348119,False
HUN,2025,3806,SFHdh_1800_1944_Debrecen_ren2,UNKNOWN,2,SFH,1880,1944,1,1098.86987305,1098.86987305,32.1023826599,77.5960769653,2.41714382172,35276.3398438,85267.9921875,False
HUN,2025,3807,SFHdh_1800_1944_Debrecen_ren2,UNKNOWN,2,SFH,1880,1944,1,323.370422363,323.370422363,32.1023826599,82.2684326172,2.56268930435,10380.9609375,26603.1777344,False
HUN,2025,3808,SFHdh_1800_1944_Debrecen_ren2,UNKNOWN,2,SFH,1880,1944,1,282.219604492,282.219604492,32.1023826599,74.8459777832,2.33147740364,9059.921875,21123.0019531,False
HUN,2025,3809,SFHdh_1800_1944_Debrecen_ren3,UNKNOWN,2,SFH,1880,1944,1,623.29119873,623.29119873,32.1023826599,160.674911499,5.00507736206,20009.1328125,100147.257812,False
HUN,2025,3810,SFHdh_1800_1944_Debrecen_ren3,UNKNOWN,2,SFH,1880,1944,1,356.38394165,356.38394165,32.1023826599,98.1193084717,3.0564494133,11440.7734375,34968.1445312,False
HUN,2025,3811,SFHdh_1800_1944_Debrecen_ren3,UNKNOWN,2,SFH,1880,1944,1,105.817131042,105.817131042,32.1023826599,105.618492126,3.29005146027,3396.98193359,11176.2460938,False
HUN,2025,3812,SFHdh_1800_1944_Debrecen_ren3,UNKNOWN,2,SFH,1880,1944,1,63.6075210571,63.6075210571,32.1023826599,82.8516769409,2.58085751534,2041.95300293,5269.98974609,False
HUN,2025,3813,SFHdh_1800_1944_Debrecen_ren4,UNKNOWN,2,SFH,1880,1944,1,331.472290039,331.472290039,32.1023826599,127.913497925,3.98454833031,10641.0507812,42399.78125,False
HUN,2025,3814,SFHdh_1800_1944_Debrecen_ren4,UNKNOWN,2,SFH,1880,1944,1,126.627853394,126.627853394,32.1023826599,77.5960769653,2.41714382172,4065.0559082,9825.82421875,False
HUN,2025,3815,SFHdh_1800_1944_Debrecen_ren4,UNKNOWN,2,SFH,1880,1944,1,35.9122505188,35.9122505188,32.1023826599,82.2684326172,2.56268930435,1152.86877441,2954.44458008,False
HUN,2025,3816,SFHdh_1800_1944_Debrecen_ren4,UNKNOWN,2,SFH,1880,1944,1,28.9808731079,28.9808731079,32.1023826599,74.8459777832,2.33147740364,930.355102539,2169.10180664,False
HUN,2025,3817,SFHdh_1800_1944_Debrecen_ren5,UNKNOWN,2,SFH,1880,1944,1,2018.1809082,2018.1809082,32.1023826599,96.3983154297,3.0028398037,64788.4140625,194549.234375,False
HUN,2025,3818,SFHdh_1800_1944_Debrecen_ren5,UNKNOWN,2,SFH,1880,1944,1,583.288879395,583.288879395,32.1023826599,96.3983154297,3.0028398037,18724.9628906,56228.0664062,False
HUN,2025,3819,SFHdh_1800_1944_Debrecen_ren5,UNKNOWN,2,SFH,1880,1944,1,197.00038147,197.00038147,32.1023826599,96.3983154297,3.0028398037,6324.18164062,18990.5058594,False
HUN,2025,3820,SFHdh_1800_1944_Debrecen_ren5,UNKNOWN,2,SFH,1880,1944,1,81.7173843384,81.7173843384,32.1023826599,83.0748519897,2.58780956268,2623.32275391,6788.65966797,False
HUN,2025,3821,SFHdh_1800_1944_Debrecen_ren6,UNKNOWN,2,SFH,1880,1944,1,629.514526367,629.514526367,32.1023826599,75.5173339844,2.35239028931,20208.9160156,47539.2578125,False
HUN,2025,3822,SFHdh_1800_1944_Debrecen_ren6,UNKNOWN,2,SFH,1880,1944,1,149.941131592,149.941131592,32.1023826599,75.5173339844,2.35239028931,4813.46777344,11323.1542969,False
HUN,2025,3823,SFHdh_1800_1944_Debrecen_ren6,UNKNOWN,2,SFH,1880,1944,1,46.1277885437,46.1277885437,32.1023826599,75.5173339844,2.35239028931,1480.81188965,3483.44750977,False
HUN,2025,3824,SFHdh_1800_1944_Debrecen_ren6,UNKNOWN,2,SFH,1880,1944,1,30.3601570129,30.3601570129,32.1023826599,74.169303894,2.31039881706,974.633361816,2251.79174805,False
HUN,2025,4813,SFHdh_1800_1944_Debrecen_ren284,UNKNOWN,2,SFH,1880,1944,1,252.607681274,252.607681274,32.1023826599,100.441772461,3.12879490852,8109.30859375,25372.3632812,False
HUN,2025,4814,SFHdh_1800_1944_Debrecen_ren284,UNKNOWN,2,SFH,1880,1944,1,73.0426025391,73.0426025391,32.1023826599,100.441772461,3.12879490852,2344.84155273,7336.52832031,False
HUN,2025,4815,SFHdh_1800_1944_Debrecen_ren284,UNKNOWN,2,SFH,1880,1944,1,24.5498027802,24.5498027802,32.1023826599,100.441772461,3.12879490852,788.107177734,2465.82568359,False
HUN,2025,4816,SFHdh_1800_1944_Debrecen_ren284,UNKNOWN,2,SFH,1880,1944,1,10.0330696106,10.0330696106,32.1023826599,82.8516769409,2.58085751534,322.085449219,831.256652832,False
HUN,2025,4817,SFHdh_1800_1944_Debrecen_ren285,UNKNOWN,2,SFH,1880,1944,1,76.5594787598,76.5594787598,32.1023826599,79.655166626,2.48128509521,2457.74169922,6098.35791016,False
HUN,2025,4818,SFHdh_1800_1944_Debrecen_ren285,UNKNOWN,2,SFH,1880,1944,1,18.3805141449,18.3805141449,32.1023826599,79.655166626,2.48128509521,590.058288574,1464.10290527,False
HUN,2025,4819,SFHdh_1800_1944_Debrecen_ren285,UNKNOWN,2,SFH,1880,1944,1,5.68413639069,5.68413639069,32.1023826599,79.6498336792,2.48111915588,182.474319458,452.740509033,False
HUN,2025,4820,SFHdh_1800_1944_Debrecen_ren285,UNKNOWN,2,SFH,1880,1944,1,3.53137731552,3.53137731552,32.1023826599,74.8459777832,2.33147740364,113.365623474,264.309387207,False
HUN,2025,7,SFHdh_1945_1959_Debrecen_ren7,UNKNOWN,2,SFH,1945,1959,1,74698.046875,74698.046875,32.1023826599,160.674911499,5.00507736206,2397985.25,12002102,False
HUN,2025,8,SFHdh_1945_1959_Debrecen_ren8,UNKNOWN,2,SFH,1945,1959,1,88441.3828125,88441.3828125,32.1023826599,127.913497925,3.98454833031,2839179,11312847,False
HUN,2025,9,SFHdh_1945_1959_Debrecen_ren9,UNKNOWN,2,SFH,1945,1959,1,9579.13867188,9579.13867188,32.1023826599,160.674911499,5.00507736206,307513.1875,1539127.25,False
HUN,2025,10,SFHdh_1945_1959_Debrecen_ren10,UNKNOWN,2,SFH,1945,1959,1,9215.93554688,9215.93554688,32.1023826599,127.913497925,3.98454833031,295853.5,1178842.5,False
HUN,2025,11,SFHdh_1945_1959_Debrecen_ren11,UNKNOWN,2,SFH,1945,1959,1,12483.6621094,12483.6621094,32.1023826599,69.0544509888,2.15106940269,400755.3125,862052.4375,False
HUN,2025,12,SFHdh_1945_1959_Debrecen_ren12,UNKNOWN,2,SFH,1945,1959,1,6879.64404297,6879.64404297,32.1023826599,60.0684700012,1.87115299702,220852.96875,413249.6875,False
HUN,2025,286,SFHdh_1945_1959_Debrecen_ren286,UNKNOWN,2,SFH,1945,1959,1,1703.48413086,1703.48413086,32.1023826599,71.8888549805,2.23936200142,54685.8984375,122461.523438,False
HUN,2025,287,SFHdh_1945_1959_Debrecen_ren287,UNKNOWN,2,SFH,1945,1959,1,1197.22155762,1197.22155762,32.1023826599,63.394908905,1.97477269173,38433.6640625,75897.75,False
HUN,2025,644,SFHdh_1945_1959_Debrecen_ren7,UNKNOWN,2,SFH,1945,1959,1,579.388366699,579.388366699,32.1023826599,160.674911499,5.00507736206,18599.7460938,93093.171875,False
HUN,2025,645,SFHdh_1945_1959_Debrecen_ren7,UNKNOWN,2,SFH,1945,1959,1,257.920379639,257.920379639,32.1023826599,74.6476821899,2.32530045509,8279.85839844,19253.1582031,False
HUN,2025,646,SFHdh_1945_1959_Debrecen_ren7,UNKNOWN,2,SFH,1945,1959,1,146.949325562,146.949325562,32.1023826599,108.41796875,3.37725615501,4717.42333984,15931.9472656,False
HUN,2025,647,SFHdh_1945_1959_Debrecen_ren7,UNKNOWN,2,SFH,1945,1959,1,70.764251709,70.764251709,32.1023826599,65.0667724609,2.02685189247,2271.70117188,4604.40136719,False
HUN,2025,648,SFHdh_1945_1959_Debrecen_ren8,UNKNOWN,2,SFH,1945,1959,1,761.440673828,761.440673828,32.1023826599,127.913497925,3.98454833031,24444.0605469,97398.5390625,False
HUN,2025,649,SFHdh_1945_1959_Debrecen_ren8,UNKNOWN,2,SFH,1945,1959,1,253.099472046,253.099472046,32.1023826599,66.9885406494,2.08671545982,8125.09619141,16954.7636719,False
HUN,2025,650,SFHdh_1945_1959_Debrecen_ren8,UNKNOWN,2,SFH,1945,1959,1,156.621627808,156.621627808,32.1023826599,86.1970901489,2.68506836891,5027.92724609,13500.328125,False
HUN,2025,651,SFHdh_1945_1959_Debrecen_ren8,UNKNOWN,2,SFH,1945,1959,1,51.5003662109,51.5003662109,32.1023826599,60.3741149902,1.88067400455,1653.28442383,3109.2890625,False
HUN,2025,652,SFHdh_1945_1959_Debrecen_ren9,UNKNOWN,2,SFH,1945,1959,1,85.3559036255,85.3559036255,32.1023826599,160.674911499,5.00507736206,2740.12792969,13714.5527344,False
HUN,2025,653,SFHdh_1945_1959_Debrecen_ren9,UNKNOWN,2,SFH,1945,1959,1,36.2200737,36.2200737,32.1023826599,74.6476821899,2.32530045509,1162.75061035,2703.74462891,False
HUN,2025,654,SFHdh_1945_1959_Debrecen_ren9,UNKNOWN,2,SFH,1945,1959,1,20.6345996857,20.6345996857,32.1023826599,108.41796875,3.37725615501,662.419799805,2237.16137695,False
HUN,2025,655,SFHdh_1945_1959_Debrecen_ren9,UNKNOWN,2,SFH,1945,1959,1,9.10328865051,9.10328865051,32.1023826599,65.0667724609,2.02685189247,292.237243652,592.321594238,False
HUN,2025,656,SFHdh_1945_1959_Debrecen_ren10,UNKNOWN,2,SFH,1945,1959,1,91.1164245605,91.1164245605,32.1023826599,127.913497925,3.98454833031,2925.05444336,11655.0205078,False
HUN,2025,657,SFHdh_1945_1959_Debrecen_ren10,UNKNOWN,2,SFH,1945,1959,1,30.0753097534,30.0753097534,32.1023826599,66.9885406494,2.08671545982,965.489074707,2014.7010498,False
HUN,2025,658,SFHdh_1945_1959_Debrecen_ren10,UNKNOWN,2,SFH,1945,1959,1,18.6349411011,18.6349411011,32.1023826599,86.1970901489,2.68506836891,598.226013184,1606.27770996,False
HUN,2025,659,SFHdh_1945_1959_Debrecen_ren10,UNKNOWN,2,SFH,1945,1959,1,5.85615158081,5.85615158081,32.1023826599,60.3741149902,1.88067400455,187.996414185,353.559967041,False
HUN,2025,660,SFHdh_1945_1959_Debrecen_ren11,UNKNOWN,2,SFH,1945,1959,1,246.291564941,246.291564941,32.1023826599,69.0544509888,2.15106940269,7906.54589844,17007.5292969,False
HUN,2025,661,SFHdh_1945_1959_Debrecen_ren11,UNKNOWN,2,SFH,1945,1959,1,53.5136299133,53.5136299133,32.1023826599,69.0544509888,2.15106940269,1717.91503906,3695.35424805,False
HUN,2025,662,SFHdh_1945_1959_Debrecen_ren11,UNKNOWN,2,SFH,1945,1959,1,36.5062332153,36.5062332153,32.1023826599,68.96068573,2.14814853668,1171.93701172,2517.49487305,False
HUN,2025,663,SFHdh_1945_1959_Debrecen_ren11,UNKNOWN,2,SFH,1945,1959,1,11.226351738,11.226351738,32.1023826599,61.9254226685,1.92899775505,360.39263916,695.196594238,False
HUN,2025,664,SFHdh_1945_1959_Debrecen_ren12,UNKNOWN,2,SFH,1945,1959,1,162.448989868,162.448989868,32.1023826599,60.0684700012,1.87115299702,5214.99951172,9758.0625,False
HUN,2025,665,SFHdh_1945_1959_Debrecen_ren12,UNKNOWN,2,SFH,1945,1959,1,29.8385715485,29.8385715485,32.1023826599,60.0684700012,1.87115299702,957.889221191,1792.3572998,False
HUN,2025,666,SFHdh_1945_1959_Debrecen_ren12,UNKNOWN,2,SFH,1945,1959,1,21.8957633972,21.8957633972,32.1023826599,59.9586486816,1.86773204803,702.906188965,1312.84033203,False
HUN,2025,667,SFHdh_1945_1959_Debrecen_ren12,UNKNOWN,2,SFH,1945,1959,1,4.79300022125,4.79300022125,32.1023826599,56.5867462158,1.76269614697,153.866729736,271.220275879,False
HUN,2025,1536,SFHdh_1945_1959_Debrecen_ren286,UNKNOWN,2,SFH,1945,1959,1,29.9892139435,29.9892139435,32.1023826599,71.8888549805,2.23936200142,962.725219727,2155.89013672,False
HUN,2025,1537,SFHdh_1945_1959_Debrecen_ren286,UNKNOWN,2,SFH,1945,1959,1,6.53759098053,6.53759098053,32.1023826599,71.8888549805,2.23936200142,209.872253418,469.979919434,False
HUN,2025,1538,SFHdh_1945_1959_Debrecen_ren286,UNKNOWN,2,SFH,1945,1959,1,4.47573471069,4.47573471069,32.1023826599,71.7711715698,2.23569607735,143.681747437,321.228729248,False
HUN,2025,1539,SFHdh_1945_1959_Debrecen_ren286,UNKNOWN,2,SFH,1945,1959,1,1.35967993736,1.35967993736,32.1023826599,65.149520874,2.02942943573,43.6489639282,88.5824966431,False
HUN,2025,1540,SFHdh_1945_1959_Debrecen_ren287,UNKNOWN,2,SFH,1945,1959,1,17.0879364014,17.0879364014,32.1023826599,63.394908905,1.97477269173,548.563476562,1083.28820801,False
HUN,2025,1541,SFHdh_1945_1959_Debrecen_ren287,UNKNOWN,2,SFH,1945,1959,1,3.27456021309,3.27456021309,32.1023826599,63.394908905,1.97477269173,105.121185303,207.590438843,False
HUN,2025,1542,SFHdh_1945_1959_Debrecen_ren287,UNKNOWN,2,SFH,1945,1959,1,2.54125618935,2.54125618935,32.1023826599,63.2599029541,1.97056722641,81.5803756714,160.759613037,False
HUN,2025,1543,SFHdh_1945_1959_Debrecen_ren287,UNKNOWN,2,SFH,1945,1959,1,0.798714756966,0.798714756966,32.1023826599,58.6451911926,1.8268173933,25.6406459808,46.8407783508,False
HUN,2025,2131,SFHdh_1945_1959_Debrecen_ren7,UNKNOWN,2,SFH,1945,1959,1,1232.99035645,1232.99035645,32.1023826599,160.674911499,5.00507736206,39581.9296875,198110.609375,False
HUN,2025,2132,SFHdh_1945_1959_Debrecen_ren7,UNKNOWN,2,SFH,1945,1959,1,551.114501953,551.114501953,32.1023826599,74.6476821899,2.32530045509,17692.0878906,41139.421875,False
HUN,2025,2133,SFHdh_1945_1959_Debrecen_ren7,UNKNOWN,2,SFH,1945,1959,1,328.631530762,328.631530762,32.1023826599,108.41796875,3.37725615501,10549.8554688,35629.5625,False
HUN,2025,2134,SFHdh_1945_1959_Debrecen_ren7,UNKNOWN,2,SFH,1945,1959,1,143.654022217,143.654022217,32.1023826599,65.0667724609,2.02685189247,4611.63623047,9347.10351562,False
HUN,2025,2135,SFHdh_1945_1959_Debrecen_ren8,UNKNOWN,2,SFH,1945,1959,1,1638.92443848,1638.92443848,32.1023826599,127.913497925,3.98454833031,52613.3789062,209640.5625,False
HUN,2025,2136,SFHdh_1945_1959_Debrecen_ren8,UNKNOWN,2,SFH,1945,1959,1,541.848388672,541.848388672,32.1023826599,66.9885406494,2.08671545982,17394.625,36297.6328125,False
HUN,2025,2137,SFHdh_1945_1959_Debrecen_ren8,UNKNOWN,2,SFH,1945,1959,1,352.007598877,352.007598877,32.1023826599,86.1970901489,2.68506836891,11300.2822266,30342.03125,False
HUN,2025,2138,SFHdh_1945_1959_Debrecen_ren8,UNKNOWN,2,SFH,1945,1959,1,105.433860779,105.433860779,32.1023826599,60.3741149902,1.88067400455,3384.67822266,6365.47607422,False
HUN,2025,2139,SFHdh_1945_1959_Debrecen_ren9,UNKNOWN,2,SFH,1945,1959,1,156.665359497,156.665359497,32.1023826599,160.674911499,5.00507736206,5029.33154297,25172.1933594,False
HUN,2025,2140,SFHdh_1945_1959_Debrecen_ren9,UNKNOWN,2,SFH,1945,1959,1,68.4324493408,68.4324493408,32.1023826599,74.6476821899,2.32530045509,2196.84472656,5108.32373047,False
HUN,2025,2141,SFHdh_1945_1959_Debrecen_ren9,UNKNOWN,2,SFH,1945,1959,1,40.6000289917,40.6000289917,32.1023826599,108.41796875,3.37725615501,1303.35766602,4401.77246094,False
HUN,2025,2142,SFHdh_1945_1959_Debrecen_ren9,UNKNOWN,2,SFH,1945,1959,1,19.4120731354,19.4120731354,32.1023826599,65.0667724609,2.02685189247,623.173828125,1263.08093262,False
HUN,2025,2143,SFHdh_1945_1959_Debrecen_ren10,UNKNOWN,2,SFH,1945,1959,1,172.580657959,172.580657959,32.1023826599,127.913497925,3.98454833031,5540.25048828,22075.3964844,False
HUN,2025,2144,SFHdh_1945_1959_Debrecen_ren10,UNKNOWN,2,SFH,1945,1959,1,55.8920974731,55.8920974731,32.1023826599,66.9885406494,2.08671545982,1794.26953125,3744.13012695,False
HUN,2025,2145,SFHdh_1945_1959_Debrecen_ren10,UNKNOWN,2,SFH,1945,1959,1,36.2724609375,36.2724609375,32.1023826599,86.1970901489,2.68506836891,1164.43237305,3126.58056641,False
HUN,2025,2146,SFHdh_1945_1959_Debrecen_ren10,UNKNOWN,2,SFH,1945,1959,1,11.2890615463,11.2890615463,32.1023826599,60.3741149902,1.88067400455,362.405761719,681.567077637,False
HUN,2025,2147,SFHdh_1945_1959_Debrecen_ren11,UNKNOWN,2,SFH,1945,1959,1,549.038208008,549.038208008,32.1023826599,69.0544509888,2.15106940269,17625.4355469,37913.53125,False
HUN,2025,2148,SFHdh_1945_1959_Debrecen_ren11,UNKNOWN,2,SFH,1945,1959,1,116.692115784,116.692115784,32.1023826599,69.0544509888,2.15106940269,3746.0949707,8058.10986328,False
HUN,2025,2149,SFHdh_1945_1959_Debrecen_ren11,UNKNOWN,2,SFH,1945,1959,1,85.8605804443,85.8605804443,32.1023826599,68.9908981323,2.14908957481,2756.32910156,5923.59863281,False
HUN,2025,2150,SFHdh_1945_1959_Debrecen_ren11,UNKNOWN,2,SFH,1945,1959,1,29.5241165161,29.5241165161,32.1023826599,61.9254226685,1.92899775505,947.794494629,1828.29333496,False
HUN,2025,2151,SFHdh_1945_1959_Debrecen_ren12,UNKNOWN,2,SFH,1945,1959,1,315.494720459,315.494720459,32.1023826599,60.0684700012,1.87115299702,10128.1318359,18951.2851562,False
HUN,2025,2152,SFHdh_1945_1959_Debrecen_ren12,UNKNOWN,2,SFH,1945,1959,1,56.3903846741,56.3903846741,32.1023826599,60.0684700012,1.87115299702,1810.26574707,3387.28417969,False
HUN,2025,2153,SFHdh_1945_1959_Debrecen_ren12,UNKNOWN,2,SFH,1945,1959,1,44.51795578,44.51795578,32.1023826599,59.9898757935,1.86870479584,1429.13244629,2670.62670898,False
HUN,2025,2154,SFHdh_1945_1959_Debrecen_ren12,UNKNOWN,2,SFH,1945,1959,1,10.006942749,10.006942749,32.1023826599,56.5867462158,1.76269614697,321.246704102,566.260314941,False
HUN,2025,3095,SFHdh_1945_1959_Debrecen_ren286,UNKNOWN,2,SFH,1945,1959,1,87.1771392822,87.1771392822,32.1023826599,71.8888549805,2.23936200142,2798.59399414,6267.06494141,False
HUN,2025,3096,SFHdh_1945_1959_Debrecen_ren286,UNKNOWN,2,SFH,1945,1959,1,18.6779060364,18.6779060364,32.1023826599,71.8888549805,2.23936200142,599.605285645,1342.73327637,False
HUN,2025,3097,SFHdh_1945_1959_Debrecen_ren286,UNKNOWN,2,SFH,1945,1959,1,13.7916269302,13.7916269302,32.1023826599,71.8089752197,2.23687362671,442.74407959,990.362609863,False
HUN,2025,3098,SFHdh_1945_1959_Debrecen_ren286,UNKNOWN,2,SFH,1945,1959,1,3.93603610992,3.93603610992,32.1023826599,65.149520874,2.02942943573,126.356140137,256.430877686,False
HUN,2025,3099,SFHdh_1945_1959_Debrecen_ren287,UNKNOWN,2,SFH,1945,1959,1,58.8102111816,58.8102111816,32.1023826599,63.394908905,1.97477269173,1887.94787598,3728.26806641,False
HUN,2025,3100,SFHdh_1945_1959_Debrecen_ren287,UNKNOWN,2,SFH,1945,1959,1,10.8751134872,10.8751134872,32.1023826599,63.394908905,1.97477269173,349.11706543,689.426818848,False
HUN,2025,3101,SFHdh_1945_1959_Debrecen_ren287,UNKNOWN,2,SFH,1945,1959,1,8.87431430817,8.87431430817,32.1023826599,63.2977294922,1.97174549103,284.886627197,561.723937988,False
HUN,2025,3102,SFHdh_1945_1959_Debrecen_ren287,UNKNOWN,2,SFH,1945,1959,1,2.04189062119,2.04189062119,32.1023826599,58.6451911926,1.8268173933,65.5495529175,119.747062683,False
HUN,2025,3825,SFHdh_1945_1959_Debrecen_ren7,UNKNOWN,2,SFH,1945,1959,1,903.59765625,903.59765625,32.1023826599,160.674911499,5.00507736206,29007.6386719,145185.46875,False
HUN,2025,3826,SFHdh_1945_1959_Debrecen_ren7,UNKNOWN,2,SFH,1945,1959,1,736.925292969,736.925292969,32.1023826599,74.6476821899,2.32530045509,23657.0585938,55009.765625,False
HUN,2025,3827,SFHdh_1945_1959_Debrecen_ren7,UNKNOWN,2,SFH,1945,1959,1,157.214828491,157.214828491,32.1023826599,108.41796875,3.37725615501,5046.97070312,17044.9121094,False
HUN,2025,3828,SFHdh_1945_1959_Debrecen_ren7,UNKNOWN,2,SFH,1945,1959,1,273.959381104,273.959381104,32.1023826599,65.0667724609,2.02685189247,8794.74902344,17825.6523438,False
HUN,2025,3829,SFHdh_1945_1959_Debrecen_ren8,UNKNOWN,2,SFH,1945,1959,1,1250.59802246,1250.59802246,32.1023826599,127.913497925,3.98454833031,40147.1757812,159968.375,False
HUN,2025,3830,SFHdh_1945_1959_Debrecen_ren8,UNKNOWN,2,SFH,1945,1959,1,803.814758301,803.814758301,32.1023826599,66.9885406494,2.08671545982,25804.3691406,53846.3789062,False
HUN,2025,3831,SFHdh_1945_1959_Debrecen_ren8,UNKNOWN,2,SFH,1945,1959,1,168.102767944,168.102767944,32.1023826599,86.1970901489,2.68506836891,5396.49951172,14489.9697266,False
HUN,2025,3832,SFHdh_1945_1959_Debrecen_ren8,UNKNOWN,2,SFH,1945,1959,1,226.963012695,226.963012695,32.1023826599,60.3741149902,1.88067400455,7286.05371094,13702.6914062,False
HUN,2025,3833,SFHdh_1945_1959_Debrecen_ren9,UNKNOWN,2,SFH,1945,1959,1,142.087036133,142.087036133,32.1023826599,160.674911499,5.00507736206,4561.33251953,22829.8222656,False
HUN,2025,3834,SFHdh_1945_1959_Debrecen_ren9,UNKNOWN,2,SFH,1945,1959,1,107.7734375,107.7734375,32.1023826599,74.6476821899,2.32530045509,3459.78417969,8045.03710938,False
HUN,2025,3835,SFHdh_1945_1959_Debrecen_ren9,UNKNOWN,2,SFH,1945,1959,1,21.3744182587,21.3744182587,32.1023826599,108.41796875,3.37725615501,686.16973877,2317.37109375,False
HUN,2025,3836,SFHdh_1945_1959_Debrecen_ren9,UNKNOWN,2,SFH,1945,1959,1,31.2319965363,31.2319965363,32.1023826599,65.0667724609,2.02685189247,1002.621521,2032.16516113,False
HUN,2025,3837,SFHdh_1945_1959_Debrecen_ren10,UNKNOWN,2,SFH,1945,1959,1,131.229324341,131.229324341,32.1023826599,127.913497925,3.98454833031,4212.77392578,16786.0019531,False
HUN,2025,3838,SFHdh_1945_1959_Debrecen_ren10,UNKNOWN,2,SFH,1945,1959,1,78.5893325806,78.5893325806,32.1023826599,66.9885406494,2.08671545982,2522.90478516,5264.58447266,False
HUN,2025,3839,SFHdh_1945_1959_Debrecen_ren10,UNKNOWN,2,SFH,1945,1959,1,15.1133108139,15.1133108139,32.1023826599,86.1970901489,2.68506836891,485.173278809,1302.72338867,False
HUN,2025,3840,SFHdh_1945_1959_Debrecen_ren10,UNKNOWN,2,SFH,1945,1959,1,16.4484348297,16.4484348297,32.1023826599,60.3741149902,1.88067400455,528.033935547,993.059692383,False
HUN,2025,3841,SFHdh_1945_1959_Debrecen_ren11,UNKNOWN,2,SFH,1945,1959,1,711.186828613,711.186828613,32.1023826599,69.0544509888,2.15106940269,22830.7910156,49110.6171875,False
HUN,2025,3842,SFHdh_1945_1959_Debrecen_ren11,UNKNOWN,2,SFH,1945,1959,1,287.675628662,287.675628662,32.1023826599,69.0544509888,2.15106940269,9235.07324219,19865.2832031,False
HUN,2025,3843,SFHdh_1945_1959_Debrecen_ren11,UNKNOWN,2,SFH,1945,1959,1,67.4597244263,67.4597244263,32.1023826599,68.9908981323,2.14908957481,2165.61791992,4654.10693359,False
HUN,2025,3844,SFHdh_1945_1959_Debrecen_ren11,UNKNOWN,2,SFH,1945,1959,1,91.7056121826,91.7056121826,32.1023826599,61.9254226685,1.92899775505,2943.96875,5678.90869141,False
HUN,2025,3845,SFHdh_1945_1959_Debrecen_ren12,UNKNOWN,2,SFH,1945,1959,1,400.916656494,400.916656494,32.1023826599,60.0684700012,1.87115299702,12870.3798828,24082.4492188,False
HUN,2025,3846,SFHdh_1945_1959_Debrecen_ren12,UNKNOWN,2,SFH,1945,1959,1,146.898239136,146.898239136,32.1023826599,60.0684700012,1.87115299702,4715.78369141,8823.95214844,False
HUN,2025,3847,SFHdh_1945_1959_Debrecen_ren12,UNKNOWN,2,SFH,1945,1959,1,32.6696357727,32.6696357727,32.1023826599,59.9898757935,1.86870479584,1048.77319336,1959.84741211,False
HUN,2025,3848,SFHdh_1945_1959_Debrecen_ren12,UNKNOWN,2,SFH,1945,1959,1,36.2808074951,36.2808074951,32.1023826599,56.5867462158,1.76269614697,1164.70031738,2053.01293945,False
HUN,2025,4821,SFHdh_1945_1959_Debrecen_ren286,UNKNOWN,2,SFH,1945,1959,1,131.271606445,131.271606445,32.1023826599,71.8888549805,2.23936200142,4214.13134766,9436.96582031,False
HUN,2025,4822,SFHdh_1945_1959_Debrecen_ren286,UNKNOWN,2,SFH,1945,1959,1,52.0920181274,52.0920181274,32.1023826599,71.8888549805,2.23936200142,1672.2779541,3744.83544922,False
HUN,2025,4823,SFHdh_1945_1959_Debrecen_ren286,UNKNOWN,2,SFH,1945,1959,1,15.1534643173,15.1534643173,32.1023826599,71.8089752197,2.23687362671,486.462310791,1088.15478516,False
HUN,2025,4824,SFHdh_1945_1959_Debrecen_ren286,UNKNOWN,2,SFH,1945,1959,1,26.3025188446,26.3025188446,32.1023826599,65.149520874,2.02942943573,844.373535156,1713.59655762,False
HUN,2025,4825,SFHdh_1945_1959_Debrecen_ren287,UNKNOWN,2,SFH,1945,1959,1,62.0381698608,62.0381698608,32.1023826599,63.394908905,1.97477269173,1991.57312012,3932.90405273,False
HUN,2025,4826,SFHdh_1945_1959_Debrecen_ren287,UNKNOWN,2,SFH,1945,1959,1,22.3563537598,22.3563537598,32.1023826599,63.394908905,1.97477269173,717.692199707,1417.27905273,False
HUN,2025,4827,SFHdh_1945_1959_Debrecen_ren287,UNKNOWN,2,SFH,1945,1959,1,5.90092086792,5.90092086792,32.1023826599,63.2977294922,1.97174549103,189.433624268,373.514892578,False
HUN,2025,4828,SFHdh_1945_1959_Debrecen_ren287,UNKNOWN,2,SFH,1945,1959,1,7.22075891495,7.22075891495,32.1023826599,58.6451911926,1.8268173933,231.80355835,423.462799072,False
HUN,2025,13,SFHdh_1960_1979_Debrecen_ren13,UNKNOWN,2,SFH,1960,1979,1,68625.046875,68625.046875,25.8602523804,131.689712524,5.09236001968,1774661,9037213,False
HUN,2025,14,SFHdh_1960_1979_Debrecen_ren14,UNKNOWN,2,SFH,1960,1979,1,47506.5546875,47506.5546875,25.8602523804,104.781654358,4.05184173584,1228531.5,4977815.5,False
HUN,2025,15,SFHdh_1960_1979_Debrecen_ren15,UNKNOWN,2,SFH,1960,1979,1,7003.70263672,7003.70263672,25.8602523804,131.689712524,5.09236001968,181117.515625,922315.5625,False
HUN,2025,16,SFHdh_1960_1979_Debrecen_ren16,UNKNOWN,2,SFH,1960,1979,1,3177.25830078,3177.25830078,25.8602523804,104.781654358,4.05184173584,82164.703125,332918.375,False
HUN,2025,17,SFHdh_1960_1979_Debrecen_ren17,UNKNOWN,2,SFH,1960,1979,1,8288.96972656,8288.96972656,25.8602523804,51.9926605225,2.0105240345,214354.84375,430965.59375,False
HUN,2025,18,SFHdh_1960_1979_Debrecen_ren18,UNKNOWN,2,SFH,1960,1979,1,2332.59814453,2332.59814453,25.8602523804,41.0041427612,1.58560490608,60321.578125,95646.1875,False
HUN,2025,288,SFHdh_1960_1979_Debrecen_ren288,UNKNOWN,2,SFH,1960,1979,1,1067.66442871,1067.66442871,25.8602523804,55.0458374023,2.12858867645,27610.0722656,58770.484375,False
HUN,2025,289,SFHdh_1960_1979_Debrecen_ren289,UNKNOWN,2,SFH,1960,1979,1,332.922027588,332.922027588,25.8602523804,44.2578125,1.71142232418,8609.44726562,14734.4003906,False
HUN,2025,668,SFHdh_1960_1979_Debrecen_ren13,UNKNOWN,2,SFH,1960,1979,1,1696.97351074,1696.97351074,25.8602523804,131.689712524,5.09236001968,43884.1640625,223473.953125,False
HUN,2025,669,SFHdh_1960_1979_Debrecen_ren13,UNKNOWN,2,SFH,1960,1979,1,822.671630859,822.671630859,25.8602523804,51.9930152893,2.01053786278,21274.4960938,42773.1796875,False
HUN,2025,670,SFHdh_1960_1979_Debrecen_ren13,UNKNOWN,2,SFH,1960,1979,1,530.87902832,530.87902832,25.8602523804,66.2250671387,2.56088256836,13728.6660156,35157.5,False
HUN,2025,671,SFHdh_1960_1979_Debrecen_ren13,UNKNOWN,2,SFH,1960,1979,1,258.513916016,258.513916016,25.8602523804,44.2667694092,1.71176862717,6685.23535156,11443.5761719,False
HUN,2025,672,SFHdh_1960_1979_Debrecen_ren14,UNKNOWN,2,SFH,1960,1979,1,1337.82653809,1337.82653809,25.8602523804,104.781654358,4.05184173584,34596.53125,140179.671875,False
HUN,2025,673,SFHdh_1960_1979_Debrecen_ren14,UNKNOWN,2,SFH,1960,1979,1,446.725128174,446.725128174,25.8602523804,41.810546875,1.61678802967,11552.4248047,18677.8222656,False
HUN,2025,674,SFHdh_1960_1979_Debrecen_ren14,UNKNOWN,2,SFH,1960,1979,1,308.789031982,308.789031982,25.8602523804,59.7585487366,2.31082630157,7985.36230469,18452.7851562,False
HUN,2025,675,SFHdh_1960_1979_Debrecen_ren14,UNKNOWN,2,SFH,1960,1979,1,88.2731323242,88.2731323242,25.8602523804,41.0527420044,1.58748424053,2282.76538086,3623.85424805,False
HUN,2025,676,SFHdh_1960_1979_Debrecen_ren15,UNKNOWN,2,SFH,1960,1979,1,162.932739258,162.932739258,25.8602523804,131.689712524,5.09236001968,4213.48193359,21456.5664062,False
HUN,2025,677,SFHdh_1960_1979_Debrecen_ren15,UNKNOWN,2,SFH,1960,1979,1,73.8695983887,73.8695983887,25.8602523804,51.9930152893,2.01053786278,1910.28649902,3840.703125,False
HUN,2025,678,SFHdh_1960_1979_Debrecen_ren15,UNKNOWN,2,SFH,1960,1979,1,48.462600708,48.462600708,25.8602523804,66.2250671387,2.56088256836,1253.25512695,3209.43896484,False
HUN,2025,679,SFHdh_1960_1979_Debrecen_ren15,UNKNOWN,2,SFH,1960,1979,1,20.5248641968,20.5248641968,25.8602523804,44.2667694092,1.71176862717,530.778198242,908.569458008,False
HUN,2025,680,SFHdh_1960_1979_Debrecen_ren16,UNKNOWN,2,SFH,1960,1979,1,94.7990493774,94.7990493774,25.8602523804,104.781654358,4.05184173584,2451.52734375,9933.20117188,False
HUN,2025,681,SFHdh_1960_1979_Debrecen_ren16,UNKNOWN,2,SFH,1960,1979,1,31.0769004822,31.0769004822,25.8602523804,41.810546875,1.61678802967,803.656494141,1299.34216309,False
HUN,2025,682,SFHdh_1960_1979_Debrecen_ren16,UNKNOWN,2,SFH,1960,1979,1,21.5374183655,21.5374183655,25.8602523804,59.7585487366,2.31082630157,556.96307373,1287.04492188,False
HUN,2025,683,SFHdh_1960_1979_Debrecen_ren16,UNKNOWN,2,SFH,1960,1979,1,6.0292840004,6.0292840004,25.8602523804,41.0527420044,1.58748424053,155.918807983,247.51864624,False
HUN,2025,684,SFHdh_1960_1979_Debrecen_ren17,UNKNOWN,2,SFH,1960,1979,1,263.601501465,263.601501465,25.8602523804,51.9926605225,2.0105240345,6816.80126953,13705.34375,False
HUN,2025,685,SFHdh_1960_1979_Debrecen_ren17,UNKNOWN,2,SFH,1960,1979,1,50.0204772949,50.0204772949,25.8602523804,51.9881591797,2.01034998894,1293.54211426,2600.47265625,False
HUN,2025,686,SFHdh_1960_1979_Debrecen_ren17,UNKNOWN,2,SFH,1960,1979,1,41.455947876,41.455947876,25.8602523804,51.9906845093,2.01044774055,1072.0612793,2155.32299805,False
HUN,2025,687,SFHdh_1960_1979_Debrecen_ren17,UNKNOWN,2,SFH,1960,1979,1,11.4001951218,11.4001951218,25.8602523804,46.5518188477,1.80013012886,294.811920166,530.699829102,False
HUN,2025,688,SFHdh_1960_1979_Debrecen_ren18,UNKNOWN,2,SFH,1960,1979,1,78.5897598267,78.5897598267,25.8602523804,41.0041427612,1.58560490608,2032.35107422,3222.50561523,False
HUN,2025,689,SFHdh_1960_1979_Debrecen_ren18,UNKNOWN,2,SFH,1960,1979,1,12.2952413559,12.2952413559,25.8602523804,40.9762229919,1.58452522755,317.95803833,503.812561035,False
HUN,2025,690,SFHdh_1960_1979_Debrecen_ren18,UNKNOWN,2,SFH,1960,1979,1,10.4015493393,10.4015493393,25.8602523804,40.9683914185,1.58422243595,268.986694336,426.134735107,False
HUN,2025,691,SFHdh_1960_1979_Debrecen_ren18,UNKNOWN,2,SFH,1960,1979,1,1.69620192051,1.69620192051,25.8602523804,38.7537117004,1.49858212471,43.8642082214,65.73412323,False
HUN,2025,1544,SFHdh_1960_1979_Debrecen_ren288,UNKNOWN,2,SFH,1960,1979,1,51.5886955261,51.5886955261,25.8602523804,55.0458374023,2.12858867645,1334.09667969,2839.74291992,False
HUN,2025,1545,SFHdh_1960_1979_Debrecen_ren288,UNKNOWN,2,SFH,1960,1979,1,10.0944404602,10.0944404602,25.8602523804,55.0261878967,2.12782883644,261.044769287,555.458557129,False
HUN,2025,1546,SFHdh_1960_1979_Debrecen_ren288,UNKNOWN,2,SFH,1960,1979,1,8.58610534668,8.58610534668,25.8602523804,54.9989395142,2.12677502632,222.038848877,472.22668457,False
HUN,2025,1547,SFHdh_1960_1979_Debrecen_ren288,UNKNOWN,2,SFH,1960,1979,1,2.89151525497,2.89151525497,25.8602523804,50.3115692139,1.94551730156,74.7753143311,145.476669312,False
HUN,2025,1548,SFHdh_1960_1979_Debrecen_ren289,UNKNOWN,2,SFH,1960,1979,1,8.13195133209,8.13195133209,25.8602523804,44.2578125,1.71142232418,210.294311523,359.902374268,False
HUN,2025,1549,SFHdh_1960_1979_Debrecen_ren289,UNKNOWN,2,SFH,1960,1979,1,1.26626622677,1.26626622677,25.8602523804,44.2001190186,1.70919132233,32.7459640503,55.9691162109,False
HUN,2025,1550,SFHdh_1960_1979_Debrecen_ren289,UNKNOWN,2,SFH,1960,1979,1,1.0814974308,1.0814974308,25.8602523804,44.1670532227,1.70791268349,27.9677963257,47.7665557861,False
HUN,2025,1551,SFHdh_1960_1979_Debrecen_ren289,UNKNOWN,2,SFH,1960,1979,1,0.154789969325,0.154789969325,25.8602523804,40.8974723816,1.58148002625,4.00290775299,6.33051872253,False
HUN,2025,2155,SFHdh_1960_1979_Debrecen_ren13,UNKNOWN,2,SFH,1960,1979,1,3277.01489258,3277.01489258,25.8602523804,131.689712524,5.09236001968,84744.4296875,431549.15625,False
HUN,2025,2156,SFHdh_1960_1979_Debrecen_ren13,UNKNOWN,2,SFH,1960,1979,1,1622.53027344,1622.53027344,25.8602523804,51.9930152893,2.01053786278,41959.0429688,84360.2421875,False
HUN,2025,2157,SFHdh_1960_1979_Debrecen_ren13,UNKNOWN,2,SFH,1960,1979,1,1080.81652832,1080.81652832,25.8602523804,66.2250671387,2.56088256836,27950.1875,71577.1484375,False
HUN,2025,2158,SFHdh_1960_1979_Debrecen_ren13,UNKNOWN,2,SFH,1960,1979,1,503.988067627,503.988067627,25.8602523804,44.2667694092,1.71176862717,13033.2587891,22309.9238281,False
HUN,2025,2159,SFHdh_1960_1979_Debrecen_ren14,UNKNOWN,2,SFH,1960,1979,1,2697.78198242,2697.78198242,25.8602523804,104.781654358,4.05184173584,69765.3203125,282678.0625,False
HUN,2025,2160,SFHdh_1960_1979_Debrecen_ren14,UNKNOWN,2,SFH,1960,1979,1,917.409362793,917.409362793,25.8602523804,41.810546875,1.61678802967,23724.4375,38357.3867188,False
HUN,2025,2161,SFHdh_1960_1979_Debrecen_ren14,UNKNOWN,2,SFH,1960,1979,1,657.111755371,657.111755371,25.8602523804,59.7585487366,2.31082630157,16993.0761719,39268.0429688,False
HUN,2025,2162,SFHdh_1960_1979_Debrecen_ren14,UNKNOWN,2,SFH,1960,1979,1,187.053359985,187.053359985,25.8602523804,41.0527420044,1.58748424053,4837.24707031,7679.05322266,False
HUN,2025,2163,SFHdh_1960_1979_Debrecen_ren15,UNKNOWN,2,SFH,1960,1979,1,368.713317871,368.713317871,25.8602523804,131.689712524,5.09236001968,9535.01953125,48555.75,False
HUN,2025,2164,SFHdh_1960_1979_Debrecen_ren15,UNKNOWN,2,SFH,1960,1979,1,162.945053101,162.945053101,25.8602523804,51.9930152893,2.01053786278,4213.80029297,8472.00488281,False
HUN,2025,2165,SFHdh_1960_1979_Debrecen_ren15,UNKNOWN,2,SFH,1960,1979,1,112.148193359,112.148193359,25.8602523804,66.2250671387,2.56088256836,2900.18066406,7427.02148438,False
HUN,2025,2166,SFHdh_1960_1979_Debrecen_ren15,UNKNOWN,2,SFH,1960,1979,1,39.2107620239,39.2107620239,25.8602523804,44.2667694092,1.71176862717,1014.00018311,1735.73376465,False
HUN,2025,2167,SFHdh_1960_1979_Debrecen_ren16,UNKNOWN,2,SFH,1960,1979,1,179.695556641,179.695556641,25.8602523804,104.781654358,4.05184173584,4646.97265625,18828.796875,False
HUN,2025,2168,SFHdh_1960_1979_Debrecen_ren16,UNKNOWN,2,SFH,1960,1979,1,58.8952026367,58.8952026367,25.8602523804,41.810546875,1.61678802967,1523.0447998,2462.44067383,False
HUN,2025,2169,SFHdh_1960_1979_Debrecen_ren16,UNKNOWN,2,SFH,1960,1979,1,42.8024253845,42.8024253845,25.8602523804,59.7585487366,2.31082630157,1106.88146973,2557.81079102,False
HUN,2025,2170,SFHdh_1960_1979_Debrecen_ren16,UNKNOWN,2,SFH,1960,1979,1,10.0941867828,10.0941867828,25.8602523804,41.0527420044,1.58748424053,261.038208008,414.394042969,False
HUN,2025,2171,SFHdh_1960_1979_Debrecen_ren17,UNKNOWN,2,SFH,1960,1979,1,551.111206055,551.111206055,25.8602523804,51.9926605225,2.0105240345,14251.875,28653.7382812,False
HUN,2025,2172,SFHdh_1960_1979_Debrecen_ren17,UNKNOWN,2,SFH,1960,1979,1,102.407836914,102.407836914,25.8602523804,51.9926605225,2.0105240345,2648.29248047,5324.45605469,False
HUN,2025,2173,SFHdh_1960_1979_Debrecen_ren17,UNKNOWN,2,SFH,1960,1979,1,90.4373474121,90.4373474121,25.8602523804,51.9924736023,2.01051688194,2338.73266602,4702.06152344,False
HUN,2025,2174,SFHdh_1960_1979_Debrecen_ren17,UNKNOWN,2,SFH,1960,1979,1,26.9896736145,26.9896736145,25.8602523804,46.5518188477,1.80013012886,697.959777832,1256.41845703,False
HUN,2025,2175,SFHdh_1960_1979_Debrecen_ren18,UNKNOWN,2,SFH,1960,1979,1,188.92010498,188.92010498,25.8602523804,41.0041427612,1.58560490608,4885.52148438,7746.50683594,False
HUN,2025,2176,SFHdh_1960_1979_Debrecen_ren18,UNKNOWN,2,SFH,1960,1979,1,29.2855205536,29.2855205536,25.8602523804,41.0041427612,1.58560490608,757.330932617,1200.82763672,False
HUN,2025,2177,SFHdh_1960_1979_Debrecen_ren18,UNKNOWN,2,SFH,1960,1979,1,26.7044448853,26.7044448853,25.8602523804,40.9790649414,1.58463513851,690.583679199,1094.32324219,False
HUN,2025,2178,SFHdh_1960_1979_Debrecen_ren18,UNKNOWN,2,SFH,1960,1979,1,4.7988448143,4.7988448143,25.8602523804,38.7537117004,1.49858212471,124.099334717,185.973052979,False
HUN,2025,3103,SFHdh_1960_1979_Debrecen_ren288,UNKNOWN,2,SFH,1960,1979,1,82.7410583496,82.7410583496,25.8602523804,55.0458374023,2.12858867645,2139.70458984,4554.55078125,False
HUN,2025,3104,SFHdh_1960_1979_Debrecen_ren288,UNKNOWN,2,SFH,1960,1979,1,15.6317253113,15.6317253113,25.8602523804,55.0458297729,2.12858819962,404.240356445,860.461303711,False
HUN,2025,3105,SFHdh_1960_1979_Debrecen_ren288,UNKNOWN,2,SFH,1960,1979,1,14.0885429382,14.0885429382,25.8602523804,55.006690979,2.12707471848,364.333282471,774.964111328,False
HUN,2025,3106,SFHdh_1960_1979_Debrecen_ren288,UNKNOWN,2,SFH,1960,1979,1,5.45423841476,5.45423841476,25.8602523804,50.3115692139,1.94551730156,141.047988892,274.4112854,False
HUN,2025,3107,SFHdh_1960_1979_Debrecen_ren289,UNKNOWN,2,SFH,1960,1979,1,19.956325531,19.956325531,25.8602523804,44.2578125,1.71142232418,516.075622559,883.223327637,False
HUN,2025,3108,SFHdh_1960_1979_Debrecen_ren289,UNKNOWN,2,SFH,1960,1979,1,3.07988166809,3.07988166809,25.8602523804,44.2578048706,1.71142196655,79.6465148926,136.308807373,False
HUN,2025,3109,SFHdh_1960_1979_Debrecen_ren289,UNKNOWN,2,SFH,1960,1979,1,2.84967255592,2.84967255592,25.8602523804,44.1891479492,1.70876705647,73.6932525635,125.924598694,False
HUN,2025,3110,SFHdh_1960_1979_Debrecen_ren289,UNKNOWN,2,SFH,1960,1979,1,0.393840938807,0.393840938807,25.8602523804,40.8974723816,1.58148002625,10.1848258972,16.1070995331,False
HUN,2025,3849,SFHdh_1960_1979_Debrecen_ren13,UNKNOWN,2,SFH,1960,1979,1,3922.12646484,3922.12646484,25.8602523804,131.689712524,5.09236001968,101427.179688,516503.71875,False
HUN,2025,3850,SFHdh_1960_1979_Debrecen_ren13,UNKNOWN,2,SFH,1960,1979,1,3657.50878906,3657.50878906,25.8602523804,51.9930152893,2.01053786278,94584.1015625,190164.90625,False
HUN,2025,3851,SFHdh_1960_1979_Debrecen_ren13,UNKNOWN,2,SFH,1960,1979,1,853.896057129,853.896057129,25.8602523804,66.2250671387,2.56088256836,22081.9667969,56549.3242188,False
HUN,2025,3852,SFHdh_1960_1979_Debrecen_ren13,UNKNOWN,2,SFH,1960,1979,1,1482.32824707,1482.32824707,25.8602523804,44.2667694092,1.71176862717,38333.3828125,65617.8828125,False
HUN,2025,3853,SFHdh_1960_1979_Debrecen_ren14,UNKNOWN,2,SFH,1960,1979,1,3202.71020508,3202.71020508,25.8602523804,104.781654358,4.05184173584,82822.890625,335585.28125,False
HUN,2025,3854,SFHdh_1960_1979_Debrecen_ren14,UNKNOWN,2,SFH,1960,1979,1,2219.57299805,2219.57299805,25.8602523804,41.810546875,1.61678802967,57398.71875,92801.5625,False
HUN,2025,3855,SFHdh_1960_1979_Debrecen_ren14,UNKNOWN,2,SFH,1960,1979,1,486.937408447,486.937408447,25.8602523804,59.7585487366,2.31082630157,12592.3242188,29098.6738281,False
HUN,2025,3856,SFHdh_1960_1979_Debrecen_ren14,UNKNOWN,2,SFH,1960,1979,1,651.098022461,651.098022461,25.8602523804,41.3224487305,1.59791362286,16837.5585938,26904.9648438,False
HUN,2025,3857,SFHdh_1960_1979_Debrecen_ren15,UNKNOWN,2,SFH,1960,1979,1,404.921661377,404.921661377,25.8602523804,131.689712524,5.09236001968,10471.3759766,53324.015625,False
HUN,2025,3858,SFHdh_1960_1979_Debrecen_ren15,UNKNOWN,2,SFH,1960,1979,1,355.839477539,355.839477539,25.8602523804,51.9930152893,2.01053786278,9202.09863281,18501.1679688,False
HUN,2025,3859,SFHdh_1960_1979_Debrecen_ren15,UNKNOWN,2,SFH,1960,1979,1,81.6262893677,81.6262893677,25.8602523804,66.2250671387,2.56088256836,2110.87646484,5405.70654297,False
HUN,2025,3860,SFHdh_1960_1979_Debrecen_ren15,UNKNOWN,2,SFH,1960,1979,1,129.236373901,129.236373901,25.8602523804,44.2667694092,1.71176862717,3342.08520508,5720.87695312,False
HUN,2025,3861,SFHdh_1960_1979_Debrecen_ren16,UNKNOWN,2,SFH,1960,1979,1,217.24180603,217.24180603,25.8602523804,104.781654358,4.05184173584,5617.92773438,22762.9550781,False
HUN,2025,3862,SFHdh_1960_1979_Debrecen_ren16,UNKNOWN,2,SFH,1960,1979,1,153.498809814,153.498809814,25.8602523804,41.810546875,1.61678802967,3969.51806641,6417.86914062,False
HUN,2025,3863,SFHdh_1960_1979_Debrecen_ren16,UNKNOWN,2,SFH,1960,1979,1,33.9057807922,33.9057807922,25.8602523804,59.7585487366,2.31082630157,876.812072754,2026.16027832,False
HUN,2025,3864,SFHdh_1960_1979_Debrecen_ren16,UNKNOWN,2,SFH,1960,1979,1,47.6137771606,47.6137771606,25.8602523804,41.3224487305,1.59791362286,1231.30432129,1967.51782227,False
HUN,2025,3865,SFHdh_1960_1979_Debrecen_ren17,UNKNOWN,2,SFH,1960,1979,1,677.464538574,677.464538574,25.8602523804,51.9926605225,2.0105240345,17519.4042969,35223.1835938,False
HUN,2025,3866,SFHdh_1960_1979_Debrecen_ren17,UNKNOWN,2,SFH,1960,1979,1,251.749328613,251.749328613,25.8602523804,51.9926605225,2.0105240345,6510.30126953,13089.1171875,False
HUN,2025,3867,SFHdh_1960_1979_Debrecen_ren17,UNKNOWN,2,SFH,1960,1979,1,65.1413421631,65.1413421631,25.8602523804,51.9924736023,2.01051688194,1684.5715332,3386.85961914,False
HUN,2025,3868,SFHdh_1960_1979_Debrecen_ren17,UNKNOWN,2,SFH,1960,1979,1,76.2205734253,76.2205734253,25.8602523804,46.5518188477,1.80013012886,1971.08325195,3548.20629883,False
HUN,2025,3869,SFHdh_1960_1979_Debrecen_ren18,UNKNOWN,2,SFH,1960,1979,1,226.997573853,226.997573853,25.8602523804,41.0041427612,1.58560490608,5870.21435547,9307.84082031,False
HUN,2025,3870,SFHdh_1960_1979_Debrecen_ren18,UNKNOWN,2,SFH,1960,1979,1,76.5115356445,76.5115356445,25.8602523804,41.0041427612,1.58560490608,1978.60766602,3137.29003906,False
HUN,2025,3871,SFHdh_1960_1979_Debrecen_ren18,UNKNOWN,2,SFH,1960,1979,1,18.8316307068,18.8316307068,25.8602523804,40.9790649414,1.58463513851,486.990722656,771.702636719,False
HUN,2025,3872,SFHdh_1960_1979_Debrecen_ren18,UNKNOWN,2,SFH,1960,1979,1,21.3212089539,21.3212089539,25.8602523804,38.7537117004,1.49858212471,551.371826172,826.276000977,False
HUN,2025,4829,SFHdh_1960_1979_Debrecen_ren288,UNKNOWN,2,SFH,1960,1979,1,99.0832443237,99.0832443237,25.8602523804,55.0458374023,2.12858867645,2562.31762695,5454.12011719,False
HUN,2025,4830,SFHdh_1960_1979_Debrecen_ren288,UNKNOWN,2,SFH,1960,1979,1,36.449546814,36.449546814,25.8602523804,55.0458297729,2.12858819962,942.594482422,2006.39550781,False
HUN,2025,4831,SFHdh_1960_1979_Debrecen_ren288,UNKNOWN,2,SFH,1960,1979,1,10.3866825104,10.3866825104,25.8602523804,55.006690979,2.12707471848,268.602233887,571.337036133,False
HUN,2025,4832,SFHdh_1960_1979_Debrecen_ren288,UNKNOWN,2,SFH,1960,1979,1,13.6021785736,13.6021785736,25.8602523804,50.3115692139,1.94551730156,351.755767822,684.346923828,False
HUN,2025,4833,SFHdh_1960_1979_Debrecen_ren289,UNKNOWN,2,SFH,1960,1979,1,43.1221313477,43.1221313477,25.8602523804,44.2578125,1.71142232418,1115.14916992,1908.49121094,False
HUN,2025,4834,SFHdh_1960_1979_Debrecen_ren289,UNKNOWN,2,SFH,1960,1979,1,14.560713768,14.560713768,25.8602523804,44.2578048706,1.71142196655,376.543731689,644.425231934,False
HUN,2025,4835,SFHdh_1960_1979_Debrecen_ren289,UNKNOWN,2,SFH,1960,1979,1,3.84290409088,3.84290409088,25.8602523804,44.1891479492,1.70876705647,99.3784713745,169.814651489,False
HUN,2025,4836,SFHdh_1960_1979_Debrecen_ren289,UNKNOWN,2,SFH,1960,1979,1,3.94651699066,3.94651699066,25.8602523804,40.8974723816,1.58148002625,102.057922363,161.402572632,False
HUN,2025,19,SFHdh_1980_1989_Debrecen_ren19,UNKNOWN,2,SFH,1980,1989,1,217260.46875,217260.46875,25.8602523804,125.179962158,4.84063196182,5618410.5,27196658,False
HUN,2025,20,SFHdh_1980_1989_Debrecen_ren20,UNKNOWN,2,SFH,1980,1989,1,95918.734375,95918.734375,25.8602523804,101.286193848,3.91667461395,2480482.75,9715244,False
HUN,2025,21,SFHdh_1980_1989_Debrecen_ren21,UNKNOWN,2,SFH,1980,1989,1,4745.35595703,4745.35595703,25.8602523804,125.179962158,4.84063196182,122716.101562,594023.5,False
HUN,2025,22,SFHdh_1980_1989_Debrecen_ren22,UNKNOWN,2,SFH,1980,1989,1,1394.78393555,1394.78393555,25.8602523804,101.286193848,3.91667461395,36069.4648438,141272.359375,False
HUN,2025,23,SFHdh_1980_1989_Debrecen_ren23,UNKNOWN,2,SFH,1980,1989,1,4679.37646484,4679.37646484,25.8602523804,45.2056808472,1.74807572365,121009.859375,211534.40625,False
HUN,2025,24,SFHdh_1980_1989_Debrecen_ren24,UNKNOWN,2,SFH,1980,1989,1,971.529724121,971.529724121,25.8602523804,39.682559967,1.53450012207,25124.0039062,38552.7851562,False
HUN,2025,290,SFHdh_1980_1989_Debrecen_ren290,UNKNOWN,2,SFH,1980,1989,1,687.283447266,687.283447266,25.8602523804,48.1850509644,1.86328613758,17773.3242188,33116.7890625,False
HUN,2025,291,SFHdh_1980_1989_Debrecen_ren291,UNKNOWN,2,SFH,1980,1989,1,105.713737488,105.713737488,25.8602523804,43.1591415405,1.66893732548,2733.78393555,4562.51416016,False
HUN,2025,692,SFHdh_1980_1989_Debrecen_ren19,UNKNOWN,2,SFH,1980,1989,1,5515.24511719,5515.24511719,25.8602523804,125.179962158,4.84063196182,142625.625,690398.1875,False
HUN,2025,693,SFHdh_1980_1989_Debrecen_ren19,UNKNOWN,2,SFH,1980,1989,1,2408.56420898,2408.56420898,25.8602523804,46.9097061157,1.8139693737,62286.078125,112985.039062,False
HUN,2025,694,SFHdh_1980_1989_Debrecen_ren19,UNKNOWN,2,SFH,1980,1989,1,1449.89086914,1449.89086914,25.8602523804,64.3683929443,2.4890859127,37494.5429688,93327.1484375,False
HUN,2025,695,SFHdh_1980_1989_Debrecen_ren19,UNKNOWN,2,SFH,1980,1989,1,584.277038574,584.277038574,25.8602523804,43.6598358154,1.68829894066,15109.5517578,25509.4394531,False
HUN,2025,696,SFHdh_1980_1989_Debrecen_ren20,UNKNOWN,2,SFH,1980,1989,1,2720.92773438,2720.92773438,25.8602523804,101.286193848,3.91667461395,70363.875,275592.40625,False
HUN,2025,697,SFHdh_1980_1989_Debrecen_ren20,UNKNOWN,2,SFH,1980,1989,1,889.118896484,889.118896484,25.8602523804,40.6356201172,1.57135438919,22992.8398438,36129.8984375,False
HUN,2025,698,SFHdh_1980_1989_Debrecen_ren20,UNKNOWN,2,SFH,1980,1989,1,569.96661377,569.96661377,25.8602523804,58.9192733765,2.27837204933,14739.4804688,33582.0195312,False
HUN,2025,699,SFHdh_1980_1989_Debrecen_ren20,UNKNOWN,2,SFH,1980,1989,1,161.183334351,161.183334351,25.8602523804,39.5077438354,1.52774012089,4168.24169922,6367.98974609,False
HUN,2025,700,SFHdh_1980_1989_Debrecen_ren21,UNKNOWN,2,SFH,1980,1989,1,113.23789978,113.23789978,25.8602523804,125.179962158,4.84063196182,2928.3605957,14175.1162109,False
HUN,2025,701,SFHdh_1980_1989_Debrecen_ren21,UNKNOWN,2,SFH,1980,1989,1,50.4730491638,50.4730491638,25.8602523804,46.9097061157,1.8139693737,1305.24584961,2367.67578125,False
HUN,2025,702,SFHdh_1980_1989_Debrecen_ren21,UNKNOWN,2,SFH,1980,1989,1,30.3126468658,30.3126468658,25.8602523804,64.3683929443,2.4890859127,783.892700195,1951.1763916,False
HUN,2025,703,SFHdh_1980_1989_Debrecen_ren21,UNKNOWN,2,SFH,1980,1989,1,12.5282869339,12.5282869339,25.8602523804,43.6598358154,1.68829894066,323.984649658,546.982971191,False
HUN,2025,704,SFHdh_1980_1989_Debrecen_ren22,UNKNOWN,2,SFH,1980,1989,1,26.7626132965,26.7626132965,25.8602523804,101.286193848,3.91667461395,692.08795166,2710.68334961,False
HUN,2025,705,SFHdh_1980_1989_Debrecen_ren22,UNKNOWN,2,SFH,1980,1989,1,8.25817775726,8.25817775726,25.8602523804,40.6356201172,1.57135438919,213.558563232,335.576171875,False
HUN,2025,706,SFHdh_1980_1989_Debrecen_ren22,UNKNOWN,2,SFH,1980,1989,1,5.33546876907,5.33546876907,25.8602523804,58.9192733765,2.27837204933,137.9765625,314.361938477,False
HUN,2025,707,SFHdh_1980_1989_Debrecen_ren22,UNKNOWN,2,SFH,1980,1989,1,1.36305356026,1.36305356026,25.8602523804,39.5077438354,1.52774012089,35.2489089966,53.8511695862,False
HUN,2025,708,SFHdh_1980_1989_Debrecen_ren23,UNKNOWN,2,SFH,1980,1989,1,152.621582031,152.621582031,25.8602523804,45.2056808472,1.74807572365,3946.83251953,6899.36230469,False
HUN,2025,709,SFHdh_1980_1989_Debrecen_ren23,UNKNOWN,2,SFH,1980,1989,1,31.5503959656,31.5503959656,25.8602523804,45.1867179871,1.74734246731,815.901184082,1425.65881348,False
HUN,2025,710,SFHdh_1980_1989_Debrecen_ren23,UNKNOWN,2,SFH,1980,1989,1,23.2701263428,23.2701263428,25.8602523804,45.1867179871,1.74734246731,601.771362305,1051.50061035,False
HUN,2025,711,SFHdh_1980_1989_Debrecen_ren23,UNKNOWN,2,SFH,1980,1989,1,6.35447311401,6.35447311401,25.8602523804,40.9388427734,1.58307981491,164.328277588,260.144775391,False
HUN,2025,712,SFHdh_1980_1989_Debrecen_ren24,UNKNOWN,2,SFH,1980,1989,1,16.6840305328,16.6840305328,25.8602523804,39.682559967,1.53450012207,431.45324707,662.065063477,False
HUN,2025,713,SFHdh_1980_1989_Debrecen_ren24,UNKNOWN,2,SFH,1980,1989,1,2.72402882576,2.72402882576,25.8602523804,39.6498527527,1.53323531151,70.4440765381,108.007339478,False
HUN,2025,714,SFHdh_1980_1989_Debrecen_ren24,UNKNOWN,2,SFH,1980,1989,1,2.03486871719,2.03486871719,25.8602523804,39.6580200195,1.53355121613,52.6222190857,80.6988677979,False
HUN,2025,715,SFHdh_1980_1989_Debrecen_ren24,UNKNOWN,2,SFH,1980,1989,1,0.284794270992,0.284794270992,25.8602523804,37.9763717651,1.4685229063,7.3648519516,10.8154535294,False
HUN,2025,1552,SFHdh_1980_1989_Debrecen_ren290,UNKNOWN,2,SFH,1980,1989,1,17.1577949524,17.1577949524,25.8602523804,48.1850509644,1.86328613758,443.70489502,826.749206543,False
HUN,2025,1553,SFHdh_1980_1989_Debrecen_ren290,UNKNOWN,2,SFH,1980,1989,1,3.55547761917,3.55547761917,25.8602523804,48.1475906372,1.8618376255,91.9455490112,171.187683105,False
HUN,2025,1554,SFHdh_1980_1989_Debrecen_ren290,UNKNOWN,2,SFH,1980,1989,1,2.66326475143,2.66326475143,25.8602523804,48.1534957886,1.86206591129,68.8726959229,128.245513916,False
HUN,2025,1555,SFHdh_1980_1989_Debrecen_ren290,UNKNOWN,2,SFH,1980,1989,1,0.769224286079,0.769224286079,25.8602523804,44.0483016968,1.70332062244,19.8923339844,33.8830223083,False
HUN,2025,1556,SFHdh_1980_1989_Debrecen_ren291,UNKNOWN,2,SFH,1980,1989,1,14.4925880432,14.4925880432,25.8602523804,43.1591415405,1.66893732548,374.781982422,625.487670898,False
HUN,2025,1557,SFHdh_1980_1989_Debrecen_ren291,UNKNOWN,2,SFH,1980,1989,1,2.52355670929,2.52355670929,25.8602523804,43.0901451111,1.66626930237,65.2598114014,108.74042511,False
HUN,2025,1558,SFHdh_1980_1989_Debrecen_ren291,UNKNOWN,2,SFH,1980,1989,1,1.97228741646,1.97228741646,25.8602523804,43.0832748413,1.66600370407,51.0038490295,84.9726028442,False
HUN,2025,1559,SFHdh_1980_1989_Debrecen_ren291,UNKNOWN,2,SFH,1980,1989,1,0.378237009048,0.378237009048,25.8602523804,39.5077438354,1.52774012089,9.78130435944,14.9432907104,False
HUN,2025,2179,SFHdh_1980_1989_Debrecen_ren19,UNKNOWN,2,SFH,1980,1989,1,10701.4335938,10701.4335938,25.8602523804,125.179962158,4.84063196182,276741.78125,1339605,False
HUN,2025,2180,SFHdh_1980_1989_Debrecen_ren19,UNKNOWN,2,SFH,1980,1989,1,4739.95800781,4739.95800781,25.8602523804,46.9097061157,1.8139693737,122576.507812,222350.03125,False
HUN,2025,2181,SFHdh_1980_1989_Debrecen_ren19,UNKNOWN,2,SFH,1980,1989,1,2960.63232422,2960.63232422,25.8602523804,64.3683929443,2.4890859127,76562.6953125,190571.140625,False
HUN,2025,2182,SFHdh_1980_1989_Debrecen_ren19,UNKNOWN,2,SFH,1980,1989,1,1147.01416016,1147.01416016,25.8602523804,43.6598358154,1.68829894066,29662.0761719,50078.4492188,False
HUN,2025,2183,SFHdh_1980_1989_Debrecen_ren20,UNKNOWN,2,SFH,1980,1989,1,5370.54345703,5370.54345703,25.8602523804,101.286193848,3.91667461395,138883.609375,543961.875,False
HUN,2025,2184,SFHdh_1980_1989_Debrecen_ren20,UNKNOWN,2,SFH,1980,1989,1,1774.74951172,1774.74951172,25.8602523804,40.6356201172,1.57135438919,45895.46875,72118.046875,False
HUN,2025,2185,SFHdh_1980_1989_Debrecen_ren20,UNKNOWN,2,SFH,1980,1989,1,1184.56311035,1184.56311035,25.8602523804,58.9192733765,2.27837204933,30633.1015625,69793.6015625,False
HUN,2025,2186,SFHdh_1980_1989_Debrecen_ren20,UNKNOWN,2,SFH,1980,1989,1,327.420227051,327.420227051,25.8602523804,39.5077438354,1.52774012089,8467.16992188,12935.6347656,False
HUN,2025,2187,SFHdh_1980_1989_Debrecen_ren21,UNKNOWN,2,SFH,1980,1989,1,228.739395142,228.739395142,25.8602523804,125.179962158,4.84063196182,5915.25830078,28633.5878906,False
HUN,2025,2188,SFHdh_1980_1989_Debrecen_ren21,UNKNOWN,2,SFH,1980,1989,1,103.050231934,103.050231934,25.8602523804,46.9097061157,1.8139693737,2664.9050293,4834.05615234,False
HUN,2025,2189,SFHdh_1980_1989_Debrecen_ren21,UNKNOWN,2,SFH,1980,1989,1,64.0272903442,64.0272903442,25.8602523804,64.3683929443,2.4890859127,1655.76184082,4121.33398438,False
HUN,2025,2190,SFHdh_1980_1989_Debrecen_ren21,UNKNOWN,2,SFH,1980,1989,1,26.5252513885,26.5252513885,25.8602523804,43.6598358154,1.68829894066,685.949707031,1158.08813477,False
HUN,2025,2191,SFHdh_1980_1989_Debrecen_ren22,UNKNOWN,2,SFH,1980,1989,1,104.564422607,104.564422607,25.8602523804,101.286193848,3.91667461395,2704.06225586,10590.9326172,False
HUN,2025,2192,SFHdh_1980_1989_Debrecen_ren22,UNKNOWN,2,SFH,1980,1989,1,36.4197006226,36.4197006226,25.8602523804,40.6356201172,1.57135438919,941.822631836,1479.93713379,False
HUN,2025,2193,SFHdh_1980_1989_Debrecen_ren22,UNKNOWN,2,SFH,1980,1989,1,24.0322875977,24.0322875977,25.8602523804,58.9192733765,2.27837204933,621.481018066,1415.96496582,False
HUN,2025,2194,SFHdh_1980_1989_Debrecen_ren22,UNKNOWN,2,SFH,1980,1989,1,7.50705623627,7.50705623627,25.8602523804,39.5077438354,1.52774012089,194.134368896,296.586853027,False
HUN,2025,2195,SFHdh_1980_1989_Debrecen_ren23,UNKNOWN,2,SFH,1980,1989,1,304.068023682,304.068023682,25.8602523804,45.2056808472,1.74807572365,7863.27587891,13745.6015625,False
HUN,2025,2196,SFHdh_1980_1989_Debrecen_ren23,UNKNOWN,2,SFH,1980,1989,1,60.7225570679,60.7225570679,25.8602523804,45.2056808472,1.74807572365,1570.30065918,2745.00463867,False
HUN,2025,2197,SFHdh_1980_1989_Debrecen_ren23,UNKNOWN,2,SFH,1980,1989,1,47.633682251,47.633682251,25.8602523804,45.2056808472,1.74807572365,1231.8190918,2153.31298828,False
HUN,2025,2198,SFHdh_1980_1989_Debrecen_ren23,UNKNOWN,2,SFH,1980,1989,1,10.8204689026,10.8204689026,25.8602523804,40.9388427734,1.58307981491,279.820068359,442.977478027,False
HUN,2025,2199,SFHdh_1980_1989_Debrecen_ren24,UNKNOWN,2,SFH,1980,1989,1,79.3760147095,79.3760147095,25.8602523804,39.682559967,1.53450012207,2052.68383789,3149.84350586,False
HUN,2025,2200,SFHdh_1980_1989_Debrecen_ren24,UNKNOWN,2,SFH,1980,1989,1,12.9320545197,12.9320545197,25.8602523804,39.682559967,1.53450012207,334.426208496,513.177001953,False
HUN,2025,2201,SFHdh_1980_1989_Debrecen_ren24,UNKNOWN,2,SFH,1980,1989,1,10.5345468521,10.5345468521,25.8602523804,39.6690444946,1.53397750854,272.426025391,417.89541626,False
HUN,2025,2202,SFHdh_1980_1989_Debrecen_ren24,UNKNOWN,2,SFH,1980,1989,1,1.51210582256,1.51210582256,25.8602523804,37.9763717651,1.4685229063,39.1034393311,57.4242935181,False
HUN,2025,3111,SFHdh_1980_1989_Debrecen_ren290,UNKNOWN,2,SFH,1980,1989,1,55.4941711426,55.4941711426,25.8602523804,48.1850509644,1.86328613758,1435.09326172,2673.98950195,False
HUN,2025,3112,SFHdh_1980_1989_Debrecen_ren290,UNKNOWN,2,SFH,1980,1989,1,11.1614217758,11.1614217758,25.8602523804,48.1850509644,1.86328613758,288.637176514,537.813659668,False
HUN,2025,3113,SFHdh_1980_1989_Debrecen_ren290,UNKNOWN,2,SFH,1980,1989,1,8.88765525818,8.88765525818,25.8602523804,48.1658706665,1.86254453659,229.837005615,428.081665039,False
HUN,2025,3114,SFHdh_1980_1989_Debrecen_ren290,UNKNOWN,2,SFH,1980,1989,1,2.11990523338,2.11990523338,25.8602523804,44.0483016968,1.70332062244,54.8212852478,93.3782272339,False
HUN,2025,3115,SFHdh_1980_1989_Debrecen_ren291,UNKNOWN,2,SFH,1980,1989,1,0.653982162476,0.653982162476,25.8602523804,43.1591415405,1.66893732548,16.9121437073,28.2253093719,False
HUN,2025,3116,SFHdh_1980_1989_Debrecen_ren291,UNKNOWN,2,SFH,1980,1989,1,0.109347879887,0.109347879887,25.8602523804,43.1591415405,1.66893732548,2.82776379585,4.7193608284,False
HUN,2025,3117,SFHdh_1980_1989_Debrecen_ren291,UNKNOWN,2,SFH,1980,1989,1,0.0910817235708,0.0910817235708,25.8602523804,43.1059989929,1.66688239574,2.35539627075,3.92616868019,False
HUN,2025,3118,SFHdh_1980_1989_Debrecen_ren291,UNKNOWN,2,SFH,1980,1989,1,0.0133684994653,0.0133684994653,25.8602523804,39.5077438354,1.52774012089,0.345712780952,0.52815926075,False
HUN,2025,3873,SFHdh_1980_1989_Debrecen_ren19,UNKNOWN,2,SFH,1980,1989,1,12864.3847656,12864.3847656,25.8602523804,125.179962158,4.84063196182,332676.25,1610363.25,False
HUN,2025,3874,SFHdh_1980_1989_Debrecen_ren19,UNKNOWN,2,SFH,1980,1989,1,11070.2148438,11070.2148438,25.8602523804,46.9097061157,1.8139693737,286278.5625,519300.53125,False
HUN,2025,3875,SFHdh_1980_1989_Debrecen_ren19,UNKNOWN,2,SFH,1980,1989,1,2249.3527832,2249.3527832,25.8602523804,64.3683929443,2.4890859127,58168.8320312,144787.21875,False
HUN,2025,3876,SFHdh_1980_1989_Debrecen_ren19,UNKNOWN,2,SFH,1980,1989,1,3737.46582031,3737.46582031,25.8602523804,43.6598358154,1.68829894066,96651.8125,163177.140625,False
HUN,2025,3877,SFHdh_1980_1989_Debrecen_ren20,UNKNOWN,2,SFH,1980,1989,1,6509.67480469,6509.67480469,25.8602523804,101.286193848,3.91667461395,168341.828125,659340.1875,False
HUN,2025,3878,SFHdh_1980_1989_Debrecen_ren20,UNKNOWN,2,SFH,1980,1989,1,4388.54003906,4388.54003906,25.8602523804,40.6356201172,1.57135438919,113488.75,178331.046875,False
HUN,2025,3879,SFHdh_1980_1989_Debrecen_ren20,UNKNOWN,2,SFH,1980,1989,1,861.003479004,861.003479004,25.8602523804,58.9192733765,2.27837204933,22265.7675781,50729.6992188,False
HUN,2025,3880,SFHdh_1980_1989_Debrecen_ren20,UNKNOWN,2,SFH,1980,1989,1,1167.40087891,1167.40087891,25.8602523804,39.5077438354,1.52774012089,30189.28125,46121.375,False
HUN,2025,3881,SFHdh_1980_1989_Debrecen_ren21,UNKNOWN,2,SFH,1980,1989,1,301.652038574,301.652038574,25.8602523804,125.179962158,4.84063196182,7800.79785156,37760.7890625,False
HUN,2025,3882,SFHdh_1980_1989_Debrecen_ren21,UNKNOWN,2,SFH,1980,1989,1,264.885559082,264.885559082,25.8602523804,46.9097061157,1.8139693737,6850.00732422,12425.7041016,False
HUN,2025,3883,SFHdh_1980_1989_Debrecen_ren21,UNKNOWN,2,SFH,1980,1989,1,54.4041061401,54.4041061401,25.8602523804,64.3683929443,2.4890859127,1406.90393066,3501.90478516,False
HUN,2025,3884,SFHdh_1980_1989_Debrecen_ren21,UNKNOWN,2,SFH,1980,1989,1,90.8048782349,90.8048782349,25.8602523804,43.6598358154,1.68829894066,2348.23706055,3964.52612305,False
HUN,2025,3885,SFHdh_1980_1989_Debrecen_ren22,UNKNOWN,2,SFH,1980,1989,1,99.3386764526,99.3386764526,25.8602523804,101.286193848,3.91667461395,2568.92333984,10061.6367188,False
HUN,2025,3886,SFHdh_1980_1989_Debrecen_ren22,UNKNOWN,2,SFH,1980,1989,1,63.1089668274,63.1089668274,25.8602523804,40.6356201172,1.57135438919,1632.01379395,2564.47192383,False
HUN,2025,3887,SFHdh_1980_1989_Debrecen_ren22,UNKNOWN,2,SFH,1980,1989,1,11.973815918,11.973815918,25.8602523804,58.9192733765,2.27837204933,309.645904541,705.488525391,False
HUN,2025,3888,SFHdh_1980_1989_Debrecen_ren22,UNKNOWN,2,SFH,1980,1989,1,13.3446912766,13.3446912766,25.8602523804,39.5077438354,1.52774012089,345.097076416,527.21862793,False
HUN,2025,3889,SFHdh_1980_1989_Debrecen_ren23,UNKNOWN,2,SFH,1980,1989,1,390.799682617,390.799682617,25.8602523804,45.2056808472,1.74807572365,10106.1787109,17666.3652344,False
HUN,2025,3890,SFHdh_1980_1989_Debrecen_ren23,UNKNOWN,2,SFH,1980,1989,1,157.030990601,157.030990601,25.8602523804,45.2056808472,1.74807572365,4060.86108398,7098.69287109,False
HUN,2025,3891,SFHdh_1980_1989_Debrecen_ren23,UNKNOWN,2,SFH,1980,1989,1,37.4178695679,37.4178695679,25.8602523804,45.2056808472,1.74807572365,967.635559082,1691.50024414,False
HUN,2025,3892,SFHdh_1980_1989_Debrecen_ren23,UNKNOWN,2,SFH,1980,1989,1,49.9796142578,49.9796142578,25.8602523804,40.9388427734,1.58307981491,1292.48547363,2046.10754395,False
HUN,2025,3893,SFHdh_1980_1989_Debrecen_ren24,UNKNOWN,2,SFH,1980,1989,1,107.132736206,107.132736206,25.8602523804,39.682559967,1.53450012207,2770.47949219,4251.30126953,False
HUN,2025,3894,SFHdh_1980_1989_Debrecen_ren24,UNKNOWN,2,SFH,1980,1989,1,38.0286064148,38.0286064148,25.8602523804,39.682559967,1.53450012207,983.429382324,1509.07250977,False
HUN,2025,3895,SFHdh_1980_1989_Debrecen_ren24,UNKNOWN,2,SFH,1980,1989,1,9.22934246063,9.22934246063,25.8602523804,39.6690444946,1.53397750854,238.673126221,366.11920166,False
HUN,2025,3896,SFHdh_1980_1989_Debrecen_ren24,UNKNOWN,2,SFH,1980,1989,1,12.714099884,12.714099884,25.8602523804,37.9763717651,1.4685229063,328.789825439,482.835388184,False
HUN,2025,4837,SFHdh_1980_1989_Debrecen_ren290,UNKNOWN,2,SFH,1980,1989,1,52.6330680847,52.6330680847,25.8602523804,48.1850509644,1.86328613758,1361.10437012,2536.12695312,False
HUN,2025,4838,SFHdh_1980_1989_Debrecen_ren290,UNKNOWN,2,SFH,1980,1989,1,20.9840049744,20.9840049744,25.8602523804,48.1850509644,1.86328613758,542.651672363,1011.11535645,False
HUN,2025,4839,SFHdh_1980_1989_Debrecen_ren290,UNKNOWN,2,SFH,1980,1989,1,5.13889598846,5.13889598846,25.8602523804,48.1658706665,1.86254453659,132.8931427,247.519393921,False
HUN,2025,4840,SFHdh_1980_1989_Debrecen_ren290,UNKNOWN,2,SFH,1980,1989,1,6.97566986084,6.97566986084,25.8602523804,44.0483016968,1.70332062244,180.392578125,307.266418457,False
HUN,2025,4841,SFHdh_1980_1989_Debrecen_ren291,UNKNOWN,2,SFH,1980,1989,1,39.7326202393,39.7326202393,25.8602523804,43.1591415405,1.66893732548,1027.49560547,1714.82580566,False
HUN,2025,4842,SFHdh_1980_1989_Debrecen_ren291,UNKNOWN,2,SFH,1980,1989,1,14.0035686493,14.0035686493,25.8602523804,43.1591415405,1.66893732548,362.13583374,604.382019043,False
HUN,2025,4843,SFHdh_1980_1989_Debrecen_ren291,UNKNOWN,2,SFH,1980,1989,1,4.21586084366,4.21586084366,25.8602523804,43.1059989929,1.66688239574,109.023223877,181.728897095,False
HUN,2025,4844,SFHdh_1980_1989_Debrecen_ren291,UNKNOWN,2,SFH,1980,1989,1,6.17415714264,6.17415714264,25.8602523804,39.5077438354,1.52774012089,159.665267944,243.927017212,False
HUN,2025,25,SFHdh_1990_2005_Debrecen_ren25,UNKNOWN,2,SFH,1990,2005,1,139559.859375,139559.859375,26.3061199188,127.179580688,4.83460044861,3671278.5,17749164,False
HUN,2025,26,SFHdh_1990_2005_Debrecen_ren26,UNKNOWN,2,SFH,1990,2005,1,35222.0820312,35222.0820312,26.3061199188,102.903091431,3.91175484657,926556.3125,3624461.25,False
HUN,2025,27,SFHdh_1990_2005_Debrecen_ren27,UNKNOWN,2,SFH,1990,2005,1,236.493972778,236.493972778,26.3061199188,127.179580688,4.83460044861,6221.23876953,30077.2050781,False
HUN,2025,28,SFHdh_1990_2005_Debrecen_ren28,UNKNOWN,2,SFH,1990,2005,1,46.4805030823,46.4805030823,26.3061199188,102.903091431,3.91175484657,1222.72167969,4782.98730469,False
HUN,2025,29,SFHdh_1990_2005_Debrecen_ren29,UNKNOWN,2,SFH,1990,2005,1,255.16456604,255.16456604,26.3061199188,46.8026733398,1.77915537357,6712.38964844,11942.3837891,False
HUN,2025,30,SFHdh_1990_2005_Debrecen_ren30,UNKNOWN,2,SFH,1990,2005,1,30.3732967377,30.3732967377,26.3061199188,41.0084533691,1.5588940382,799.003601074,1245.56188965,False
HUN,2025,292,SFHdh_1990_2005_Debrecen_ren292,UNKNOWN,2,SFH,1990,2005,1,45.1487579346,45.1487579346,26.3061199188,49.7880935669,1.89264297485,1187.68859863,2247.87060547,False
HUN,2025,293,SFHdh_1990_2005_Debrecen_ren293,UNKNOWN,2,SFH,1990,2005,1,5.29015779495,5.29015779495,26.3061199188,44.4741783142,1.69063997269,139.163528442,235.275421143,False
HUN,2025,716,SFHdh_1990_2005_Debrecen_ren25,UNKNOWN,2,SFH,1990,2005,1,1073.24462891,1073.24462891,26.3061199188,127.179580688,4.83460044861,28232.9023438,136494.796875,False
HUN,2025,717,SFHdh_1990_2005_Debrecen_ren25,UNKNOWN,2,SFH,1990,2005,1,443.230072021,443.230072021,26.3061199188,49.2130813599,1.8707845211,11659.6630859,21812.7167969,False
HUN,2025,718,SFHdh_1990_2005_Debrecen_ren25,UNKNOWN,2,SFH,1990,2005,1,268.719848633,268.719848633,26.3061199188,66.7811203003,2.53861546516,7068.9765625,17945.4121094,False
HUN,2025,719,SFHdh_1990_2005_Debrecen_ren25,UNKNOWN,2,SFH,1990,2005,1,121.774177551,121.774177551,26.3061199188,45.2429466248,1.7198638916,3203.40600586,5509.42285156,False
HUN,2025,720,SFHdh_1990_2005_Debrecen_ren26,UNKNOWN,2,SFH,1990,2005,1,292.347900391,292.347900391,26.3061199188,102.903091431,3.91175484657,7690.5390625,30083.5019531,False
HUN,2025,721,SFHdh_1990_2005_Debrecen_ren26,UNKNOWN,2,SFH,1990,2005,1,91.4379425049,91.4379425049,26.3061199188,42.1287841797,1.60148227215,2405.37744141,3852.16943359,False
HUN,2025,722,SFHdh_1990_2005_Debrecen_ren26,UNKNOWN,2,SFH,1990,2005,1,58.6042747498,58.6042747498,26.3061199188,60.8796920776,2.3142786026,1541.65112305,3567.81030273,False
HUN,2025,723,SFHdh_1990_2005_Debrecen_ren26,UNKNOWN,2,SFH,1990,2005,1,17.1535873413,17.1535873413,26.3061199188,40.8073959351,1.55125105381,451.24432373,699.993225098,False
HUN,2025,2203,SFHdh_1990_2005_Debrecen_ren25,UNKNOWN,2,SFH,1990,2005,1,2281.48535156,2281.48535156,26.3061199188,127.179580688,4.83460044861,60017.0273438,290158.34375,False
HUN,2025,2204,SFHdh_1990_2005_Debrecen_ren25,UNKNOWN,2,SFH,1990,2005,1,950.41394043,950.41394043,26.3061199188,49.2130813599,1.8707845211,25001.703125,46772.796875,False
HUN,2025,2205,SFHdh_1990_2005_Debrecen_ren25,UNKNOWN,2,SFH,1990,2005,1,598.519165039,598.519165039,26.3061199188,66.7811203003,2.53861546516,15744.7167969,39969.78125,False
HUN,2025,2206,SFHdh_1990_2005_Debrecen_ren25,UNKNOWN,2,SFH,1990,2005,1,260.592559814,260.592559814,26.3061199188,45.2429466248,1.7198638916,6855.17919922,11789.9755859,False
HUN,2025,2207,SFHdh_1990_2005_Debrecen_ren26,UNKNOWN,2,SFH,1990,2005,1,645.284545898,645.284545898,26.3061199188,102.903091431,3.91175484657,16974.9335938,66401.7734375,False
HUN,2025,2208,SFHdh_1990_2005_Debrecen_ren26,UNKNOWN,2,SFH,1990,2005,1,201.867767334,201.867767334,26.3061199188,42.1287841797,1.60148227215,5310.35791016,8504.44335938,False
HUN,2025,2209,SFHdh_1990_2005_Debrecen_ren26,UNKNOWN,2,SFH,1990,2005,1,135.566589355,135.566589355,26.3061199188,60.8796920776,2.3142786026,3566.23095703,8253.25195312,False
HUN,2025,2210,SFHdh_1990_2005_Debrecen_ren26,UNKNOWN,2,SFH,1990,2005,1,36.687877655,36.687877655,26.3061199188,40.8073959351,1.55125105381,965.115722656,1497.13671875,False
HUN,2025,2211,SFHdh_1990_2005_Debrecen_ren27,UNKNOWN,2,SFH,1990,2005,1,0.129545003176,0.129545003176,26.3061199188,127.179580688,4.83460044861,3.40782642365,16.475479126,False
HUN,2025,2212,SFHdh_1990_2005_Debrecen_ren27,UNKNOWN,2,SFH,1990,2005,1,0.0428079999983,0.0428079999983,26.3061199188,49.2130813599,1.8707845211,1.12611234188,2.1067135334,False
HUN,2025,2213,SFHdh_1990_2005_Debrecen_ren27,UNKNOWN,2,SFH,1990,2005,1,0.0282199997455,0.0282199997455,26.3061199188,66.7811203003,2.53861546516,0.74235868454,1.88456320763,False
HUN,2025,2214,SFHdh_1990_2005_Debrecen_ren27,UNKNOWN,2,SFH,1990,2005,1,0.00714799994603,0.00714799994603,26.3061199188,45.2429466248,1.7198638916,0.18803614378,0.323396593332,False
HUN,2025,2215,SFHdh_1990_2005_Debrecen_ren29,UNKNOWN,2,SFH,1990,2005,1,7.1344628334,7.1344628334,26.3061199188,46.8026733398,1.77915537357,187.680038452,333.91192627,False
HUN,2025,2216,SFHdh_1990_2005_Debrecen_ren29,UNKNOWN,2,SFH,1990,2005,1,1.3235219717,1.3235219717,26.3061199188,46.8026733398,1.77915537357,34.8167266846,61.9443664551,False
HUN,2025,2217,SFHdh_1990_2005_Debrecen_ren29,UNKNOWN,2,SFH,1990,2005,1,1.01534497738,1.01534497738,26.3061199188,46.8026733398,1.77915537357,26.7097873688,47.5208587646,False
HUN,2025,2218,SFHdh_1990_2005_Debrecen_ren29,UNKNOWN,2,SFH,1990,2005,1,0.18452000618,0.18452000618,26.3061199188,42.4998817444,1.61558914185,4.85400533676,7.84207820892,False
HUN,2025,2219,SFHdh_1990_2005_Debrecen_ren30,UNKNOWN,2,SFH,1990,2005,1,2.08333396912,2.08333396912,26.3061199188,41.0084533691,1.5588940382,54.8044319153,85.4343032837,False
HUN,2025,2220,SFHdh_1990_2005_Debrecen_ren30,UNKNOWN,2,SFH,1990,2005,1,0.333104997873,0.333104997873,26.3061199188,41.0084533691,1.5588940382,8.76270008087,13.6601209641,False
HUN,2025,2221,SFHdh_1990_2005_Debrecen_ren30,UNKNOWN,2,SFH,1990,2005,1,0.263606995344,0.263606995344,26.3061199188,40.9912185669,1.55823886395,6.93447732925,10.8055715561,False
HUN,2025,2222,SFHdh_1990_2005_Debrecen_ren30,UNKNOWN,2,SFH,1990,2005,1,0.0336630009115,0.0336630009115,26.3061199188,39.2239570618,1.4910582304,0.885542929173,1.32039606571,False
HUN,2025,3897,SFHdh_1990_2005_Debrecen_ren25,UNKNOWN,2,SFH,1990,2005,1,3410.09423828,3410.09423828,26.3061199188,127.179580688,4.83460044861,89706.3515625,433694.34375,False
HUN,2025,3898,SFHdh_1990_2005_Debrecen_ren25,UNKNOWN,2,SFH,1990,2005,1,2769.88134766,2769.88134766,26.3061199188,49.2130813599,1.8707845211,72864.828125,136314.390625,False
HUN,2025,3899,SFHdh_1990_2005_Debrecen_ren25,UNKNOWN,2,SFH,1990,2005,1,560.885253906,560.885253906,26.3061199188,66.7811203003,2.53861546516,14754.7148438,37456.546875,False
HUN,2025,3900,SFHdh_1990_2005_Debrecen_ren25,UNKNOWN,2,SFH,1990,2005,1,1008.93768311,1008.93768311,26.3061199188,45.2429466248,1.7198638916,26541.2363281,45647.3125,False
HUN,2025,3901,SFHdh_1990_2005_Debrecen_ren26,UNKNOWN,2,SFH,1990,2005,1,977.08807373,977.08807373,26.3061199188,102.903091431,3.91175484657,25703.3964844,100545.382812,False
HUN,2025,3902,SFHdh_1990_2005_Debrecen_ren26,UNKNOWN,2,SFH,1990,2005,1,618.268493652,618.268493652,26.3061199188,42.1287841797,1.60148227215,16264.2451172,26046.9003906,False
HUN,2025,3903,SFHdh_1990_2005_Debrecen_ren26,UNKNOWN,2,SFH,1990,2005,1,118.537979126,118.537979126,26.3061199188,60.8796920776,2.3142786026,3118.27441406,7216.55566406,False
HUN,2025,3904,SFHdh_1990_2005_Debrecen_ren26,UNKNOWN,2,SFH,1990,2005,1,154.719177246,154.719177246,26.3061199188,40.8073959351,1.55125105381,4070.0612793,6313.68652344,False
HUN,2025,3905,SFHdh_1990_2005_Debrecen_ren27,UNKNOWN,2,SFH,1990,2005,1,12.093834877,12.093834877,26.3061199188,127.179580688,4.83460044861,318.141876221,1538.08886719,False
HUN,2025,3906,SFHdh_1990_2005_Debrecen_ren27,UNKNOWN,2,SFH,1990,2005,1,9.59900474548,9.59900474548,26.3061199188,49.2130813599,1.8707845211,252.512573242,472.396606445,False
HUN,2025,3907,SFHdh_1990_2005_Debrecen_ren27,UNKNOWN,2,SFH,1990,2005,1,1.92894506454,1.92894506454,26.3061199188,66.7811203003,2.53861546516,50.7430610657,128.817108154,False
HUN,2025,3908,SFHdh_1990_2005_Debrecen_ren27,UNKNOWN,2,SFH,1990,2005,1,3.08042097092,3.08042097092,26.3061199188,45.2429466248,1.7198638916,81.0339202881,139.367324829,False
HUN,2025,3909,SFHdh_1990_2005_Debrecen_ren29,UNKNOWN,2,SFH,1990,2005,1,17.4223022461,17.4223022461,26.3061199188,46.8026733398,1.77915537357,458.313171387,815.410339355,False
HUN,2025,3910,SFHdh_1990_2005_Debrecen_ren29,UNKNOWN,2,SFH,1990,2005,1,6.98692893982,6.98692893982,26.3061199188,46.8026733398,1.77915537357,183.798995972,327.006958008,False
HUN,2025,3911,SFHdh_1990_2005_Debrecen_ren29,UNKNOWN,2,SFH,1990,2005,1,1.37850594521,1.37850594521,26.3061199188,46.8026733398,1.77915537357,36.2631416321,64.5177612305,False
HUN,2025,3912,SFHdh_1990_2005_Debrecen_ren29,UNKNOWN,2,SFH,1990,2005,1,1.61522197723,1.61522197723,26.3061199188,42.4998817444,1.61558914185,42.4902229309,68.6467437744,False
HUN,2025,3913,SFHdh_1990_2005_Debrecen_ren30,UNKNOWN,2,SFH,1990,2005,1,1.15738606453,1.15738606453,26.3061199188,41.0084533691,1.5588940382,30.4463367462,47.4626121521,False
HUN,2025,3914,SFHdh_1990_2005_Debrecen_ren30,UNKNOWN,2,SFH,1990,2005,1,0.418450981379,0.418450981379,26.3061199188,41.0084533691,1.5588940382,11.0078220367,17.1600284576,False
HUN,2025,3915,SFHdh_1990_2005_Debrecen_ren30,UNKNOWN,2,SFH,1990,2005,1,0.0712530016899,0.0712530016899,26.3061199188,40.9912185669,1.55823886395,1.87439000607,2.92074728012,False
HUN,2025,3916,SFHdh_1990_2005_Debrecen_ren30,UNKNOWN,2,SFH,1990,2005,1,0.0608019977808,0.0608019977808,26.3061199188,39.2239570618,1.4910582304,1.59946465492,2.38489484787,False
HUN,2025,4845,SFHdh_1990_2005_Debrecen_ren292,UNKNOWN,2,SFH,1990,2005,1,0.0760810002685,0.0760810002685,26.3061199188,49.7880935669,1.89264297485,2.00139594078,3.78792786598,False
HUN,2025,4846,SFHdh_1990_2005_Debrecen_ren292,UNKNOWN,2,SFH,1990,2005,1,0.0304639991373,0.0304639991373,26.3061199188,49.7880935669,1.89264297485,0.801389634609,1.51674449444,False
HUN,2025,4847,SFHdh_1990_2005_Debrecen_ren292,UNKNOWN,2,SFH,1990,2005,1,0.00599199999124,0.00599199999124,26.3061199188,49.7763900757,1.89219808578,0.157626271248,0.298260122538,False
HUN,2025,4848,SFHdh_1990_2005_Debrecen_ren292,UNKNOWN,2,SFH,1990,2005,1,0.00694900006056,0.00694900006056,26.3061199188,45.612739563,1.73392117023,0.182801231742,0.31696292758,False
HUN,2025,31,SFHdh_2006_2008_Debrecen_ren31,UNKNOWN,2,SFH,2006,2008,1,101231.148438,101231.148438,26.3061199188,87.1479797363,3.31284046173,2662998.75,8822090,False
HUN,2025,724,SFHdh_2006_2008_Debrecen_ren31,UNKNOWN,2,SFH,2006,2008,1,96.2651290894,96.2651290894,26.3061199188,87.1479797363,3.31284046173,2532.36206055,8389.31152344,False
HUN,2025,725,SFHdh_2006_2008_Debrecen_ren31,UNKNOWN,2,SFH,2006,2008,1,26.8580322266,26.8580322266,26.3061199188,38.1847648621,1.45155441761,706.530639648,1025.56762695,False
HUN,2025,726,SFHdh_2006_2008_Debrecen_ren31,UNKNOWN,2,SFH,2006,2008,1,16.400800705,16.400800705,26.3061199188,47.5216903687,1.80648803711,431.441436768,779.393798828,False
HUN,2025,727,SFHdh_2006_2008_Debrecen_ren31,UNKNOWN,2,SFH,2006,2008,1,4.86547994614,4.86547994614,26.3061199188,38.8898620605,1.47835791111,127.991897583,189.217849731,False
HUN,2025,2223,SFHdh_2006_2008_Debrecen_ren31,UNKNOWN,2,SFH,2006,2008,1,292.947570801,292.947570801,26.3061199188,87.1479797363,3.31284046173,7706.31396484,25529.7890625,False
HUN,2025,2224,SFHdh_2006_2008_Debrecen_ren31,UNKNOWN,2,SFH,2006,2008,1,77.3792572021,77.3792572021,26.3061199188,38.1847648621,1.45155441761,2035.54797363,2954.70874023,False
HUN,2025,2225,SFHdh_2006_2008_Debrecen_ren31,UNKNOWN,2,SFH,2006,2008,1,50.2497024536,50.2497024536,26.3061199188,47.5216903687,1.80648803711,1321.87475586,2387.95068359,False
HUN,2025,2226,SFHdh_2006_2008_Debrecen_ren31,UNKNOWN,2,SFH,2006,2008,1,11.312502861,11.312502861,26.3061199188,38.8898620605,1.47835791111,297.588043213,439.941680908,False
HUN,2025,3917,SFHdh_2006_2008_Debrecen_ren31,UNKNOWN,2,SFH,2006,2008,1,634.601623535,634.601623535,26.3061199188,87.1479797363,3.31284046173,16693.90625,55304.25,False
HUN,2025,3918,SFHdh_2006_2008_Debrecen_ren31,UNKNOWN,2,SFH,2006,2008,1,358.904541016,358.904541016,26.3061199188,38.1847648621,1.45155441761,9441.38574219,13704.6855469,False
HUN,2025,3919,SFHdh_2006_2008_Debrecen_ren31,UNKNOWN,2,SFH,2006,2008,1,59.92628479,59.92628479,26.3061199188,47.5216903687,1.80648803711,1576.42797852,2847.79833984,False
HUN,2025,3920,SFHdh_2006_2008_Debrecen_ren31,UNKNOWN,2,SFH,2006,2008,1,81.5484237671,81.5484237671,26.3061199188,38.8898620605,1.47835791111,2145.22265625,3171.40698242,False
HUN,2025,32,SFHdh_2008_2012_Debrecen32,UNKNOWN,2,SFH,2008,2012,1,17438.3398438,17438.3398438,27.4498634338,33.9297103882,1.2360612154,478680.0625,591677.8125,False
HUN,2025,294,SFHdh_2008_2012_Debrecen294,UNKNOWN,2,SFH,2008,2012,1,5932.73291016,5932.73291016,27.4498634338,39.3206558228,1.43245363235,162852.703125,233278.953125,False
HUN,2025,728,SFHdh_2008_2012_Debrecen32,UNKNOWN,2,SFH,2008,2012,1,7.22929668427,7.22929668427,27.4498634338,33.9297103882,1.2360612154,198.443206787,245.287948608,False
HUN,2025,729,SFHdh_2008_2012_Debrecen32,UNKNOWN,2,SFH,2008,2012,1,1.19328820705,1.19328820705,27.4498634338,33.9297103882,1.2360612154,32.7555999756,40.4879226685,False
HUN,2025,730,SFHdh_2008_2012_Debrecen32,UNKNOWN,2,SFH,2008,2012,1,1.23676788807,1.23676788807,27.4498634338,33.9020729065,1.23505437374,33.9491081238,41.9289932251,False
HUN,2025,731,SFHdh_2008_2012_Debrecen32,UNKNOWN,2,SFH,2008,2012,1,0,0,27.4498634338,33.6220779419,1.22485411167,0,0,False
HUN,2025,2227,SFHdh_2008_2012_Debrecen32,UNKNOWN,2,SFH,2008,2012,1,38.7334442139,38.7334442139,27.4498634338,33.9297103882,1.2360612154,1063.2277832,1314.21459961,False
HUN,2025,2228,SFHdh_2008_2012_Debrecen32,UNKNOWN,2,SFH,2008,2012,1,5.90928602219,5.90928602219,27.4498634338,33.9297103882,1.2360612154,162.209091187,200.500366211,False
HUN,2025,2229,SFHdh_2008_2012_Debrecen32,UNKNOWN,2,SFH,2008,2012,1,6.57857131958,6.57857131958,27.4498634338,33.9167327881,1.23558843136,180.580886841,223.123641968,False
HUN,2025,2230,SFHdh_2008_2012_Debrecen32,UNKNOWN,2,SFH,2008,2012,1,0,0,27.4498634338,33.6220779419,1.22485411167,0,0,False
HUN,2025,3119,SFHdh_2008_2012_Debrecen294,UNKNOWN,2,SFH,2008,2012,1,6.74416685104,6.74416685104,27.4498634338,39.3206558228,1.43245363235,185.126464844,265.185058594,False
HUN,2025,3120,SFHdh_2008_2012_Debrecen294,UNKNOWN,2,SFH,2008,2012,1,1.36119902134,1.36119902134,27.4498634338,39.3206558228,1.43245363235,37.3647270203,53.5232391357,False
HUN,2025,3121,SFHdh_2008_2012_Debrecen294,UNKNOWN,2,SFH,2008,2012,1,1.55248200893,1.55248200893,27.4498634338,39.1954498291,1.42789232731,42.6154174805,60.8502311707,False
HUN,2025,3122,SFHdh_2008_2012_Debrecen294,UNKNOWN,2,SFH,2008,2012,1,0,0,27.4498634338,36.1544113159,1.31710720062,0,0,False
HUN,2025,3921,SFHdh_2008_2012_Debrecen32,UNKNOWN,2,SFH,2008,2012,1,72.350189209,72.350189209,27.4498634338,33.9297103882,1.2360612154,1986.00280762,2454.82104492,False
HUN,2025,3922,SFHdh_2008_2012_Debrecen32,UNKNOWN,2,SFH,2008,2012,1,30.1817417145,30.1817417145,27.4498634338,33.9297103882,1.2360612154,828.484680176,1024.05773926,False
HUN,2025,3923,SFHdh_2008_2012_Debrecen32,UNKNOWN,2,SFH,2008,2012,1,7.00462770462,7.00462770462,27.4498634338,33.9167327881,1.23558843136,192.276077271,237.574081421,False
HUN,2025,3924,SFHdh_2008_2012_Debrecen32,UNKNOWN,2,SFH,2008,2012,1,0,0,27.4498634338,33.6220779419,1.22485411167,0,0,False
HUN,2025,4849,SFHdh_2008_2012_Debrecen294,UNKNOWN,2,SFH,2008,2012,1,50.6687164307,50.6687164307,27.4498634338,39.3206558228,1.43245363235,1390.84936523,1992.32714844,False
HUN,2025,4850,SFHdh_2008_2012_Debrecen294,UNKNOWN,2,SFH,2008,2012,1,21.29737854,21.29737854,27.4498634338,39.3206558228,1.43245363235,584.610107422,837.426879883,False
HUN,2025,4851,SFHdh_2008_2012_Debrecen294,UNKNOWN,2,SFH,2008,2012,1,5.40305185318,5.40305185318,27.4498634338,39.1954498291,1.42789232731,148.313034058,211.775054932,False
HUN,2025,4852,SFHdh_2008_2012_Debrecen294,UNKNOWN,2,SFH,2008,2012,1,0,0,27.4498634338,36.1544113159,1.31710720062,0,0,False
HUN,2025,594,SFHdh_2009_2013,UNKNOWN,2,SFH,2013,2019,1,32550.2714844,32550.2714844,27.4498634338,33.9297103882,1.2360612154,893500.5,1104421.25,False
HUN,2025,598,SFHdh_2009_2013,UNKNOWN,2,SFH,2013,2019,1,11115.7558594,11115.7558594,27.4498634338,39.3206558228,1.43245363235,305125.96875,437078.8125,False
HUN,2025,5637,SFHdh_2009_2013,UNKNOWN,2,SFH,2013,2019,1,32.9912490845,32.9912490845,27.4498634338,33.9297103882,1.2360612154,905.605285645,1119.38354492,False
HUN,2025,5638,SFHdh_2009_2013,UNKNOWN,2,SFH,2013,2019,1,13.7611312866,13.7611312866,27.4498634338,33.9297103882,1.2360612154,377.74118042,466.911193848,False
HUN,2025,5639,SFHdh_2009_2013,UNKNOWN,2,SFH,2013,2019,1,3.19412589073,3.19412589073,27.4498634338,33.9167327881,1.23558843136,87.6783218384,108.334312439,False
HUN,2025,5640,SFHdh_2009_2013,UNKNOWN,2,SFH,2013,2019,1,0,0,27.4498634338,33.6220779419,1.22485411167,0,0,False
HUN,2025,5649,SFHdh_2009_2013,UNKNOWN,2,SFH,2013,2019,1,18.8139610291,18.8139610291,27.4498634338,39.3206558228,1.43245363235,516.440673828,739.777282715,False
HUN,2025,5650,SFHdh_2009_2013,UNKNOWN,2,SFH,2013,2019,1,7.99786472321,7.99786472321,27.4498634338,39.3206558228,1.43245363235,219.540298462,314.481292725,False
HUN,2025,5651,SFHdh_2009_2013,UNKNOWN,2,SFH,2013,2019,1,2.20160293579,2.20160293579,27.4498634338,39.1954498291,1.42789232731,60.4337005615,86.2928161621,False
HUN,2025,5652,SFHdh_2009_2013,UNKNOWN,2,SFH,2013,2019,1,0,0,27.4498634338,36.1544113159,1.31710720062,0,0,False
HUN,2025,3791,New_SFHdh,UNKNOWN,2,SFH,2025,2025,1,0,0,34.9101371765,72.7156143188,2.08293700218,0,0,False
HUN,2025,5685,New_SFHdh,UNKNOWN,2,SFH,2025,2025,1,0,0,34.9101371765,72.7156143188,2.08293700218,0,0,False
HUN,2025,5686,New_SFHdh,UNKNOWN,2,SFH,2025,2025,1,415.8487854,415.8487854,34.9101371765,41.036403656,1.17548680305,14517.3378906,17064.9394531,False
HUN,2025,5687,New_SFHdh,UNKNOWN,2,SFH,2025,2025,1,209.776092529,209.776092529,34.9101371765,41.5989494324,1.19160079956,7323.31201172,8726.46484375,False
HUN,2025,5688,New_SFHdh,UNKNOWN,2,SFH,2025,2025,1,0,0,34.9101371765,44.3707084656,1.27099788189,0,0,False
HUN,2025,162,MFH_1800_1944_Debrecen_ren162,UNKNOWN,5,AB_SMALL,1880,1944,17,21764.4082031,369994.9375,136.527954102,641.874023438,4.70141077042,2971450,13970008,False
HUN,2025,163,MFH_1800_1944_Debrecen_ren163,UNKNOWN,5,AB_SMALL,1880,1944,17,1462.03735352,24854.6347656,136.527954102,534.410766602,3.91429567337,199608.96875,781328.5,False
HUN,2025,164,MFH_1800_1944_Debrecen_ren164,UNKNOWN,5,AB_SMALL,1880,1944,17,7217.93115234,122704.828125,136.527954102,641.874023438,4.70141077042,985449.375,4633002.5,False
HUN,2025,165,MFH_1800_1944_Debrecen_ren165,UNKNOWN,5,AB_SMALL,1880,1944,17,218.958206177,3722.28955078,136.527954102,534.410766602,3.91429567337,29893.9160156,117013.625,False
HUN,2025,166,MFH_1800_1944_Debrecen_ren166,UNKNOWN,5,AB_SMALL,1880,1944,17,5225.02148438,88825.3671875,136.527954102,370.128173828,2.71100640297,713361.5,1933927.625,False
HUN,2025,167,MFH_1800_1944_Debrecen_ren167,UNKNOWN,5,AB_SMALL,1880,1944,17,131.504348755,2235.57397461,136.527954102,311.180908203,2.2792468071,17954.0195312,40921.6445312,False
HUN,2025,373,MFH_1800_1944_Debrecen_ren373,UNKNOWN,5,AB_SMALL,1880,1944,17,261.084228516,4438.43164062,136.527954102,409.356414795,2.99833416939,35645.296875,106876.5,False
HUN,2025,374,MFH_1800_1944_Debrecen_ren374,UNKNOWN,5,AB_SMALL,1880,1944,17,7.56300210953,128.571029663,136.527954102,350.62902832,2.5681848526,1032.56115723,2651.80810547,False
HUN,2025,1136,MFH_1800_1944_Debrecen_ren162,UNKNOWN,5,AB_SMALL,1880,1944,17,271.711486816,4619.09521484,136.527954102,641.874023438,4.70141077042,37096.2148438,174404.546875,False
HUN,2025,1137,MFH_1800_1944_Debrecen_ren162,UNKNOWN,5,AB_SMALL,1880,1944,17,98.9692230225,1682.47680664,136.527954102,386.272827148,2.82925820351,13512.0654297,38229.1210938,False
HUN,2025,1138,MFH_1800_1944_Debrecen_ren162,UNKNOWN,5,AB_SMALL,1880,1944,17,60.7874603271,1033.38684082,136.527954102,422.971252441,3.09805607796,8299.1875,25711.3476562,False
HUN,2025,1139,MFH_1800_1944_Debrecen_ren162,UNKNOWN,5,AB_SMALL,1880,1944,17,9.71294307709,165.120025635,136.527954102,334.764190674,2.45198273659,1326.08825684,3251.54541016,False
HUN,2025,1140,MFH_1800_1944_Debrecen_ren163,UNKNOWN,5,AB_SMALL,1880,1944,17,17.4867134094,297.274139404,136.527954102,534.410766602,3.91429567337,2387.42529297,9345.08789062,False
HUN,2025,1141,MFH_1800_1944_Debrecen_ren163,UNKNOWN,5,AB_SMALL,1880,1944,17,5.48861408234,93.3064422607,136.527954102,380.071929932,2.78383970261,749.349243164,2086.06811523,False
HUN,2025,1142,MFH_1800_1944_Debrecen_ren163,UNKNOWN,5,AB_SMALL,1880,1944,17,5.58761167526,94.9893951416,136.527954102,420.869812012,3.08266401291,762.86517334,2351.65698242,False
HUN,2025,1143,MFH_1800_1944_Debrecen_ren163,UNKNOWN,5,AB_SMALL,1880,1944,17,0.322149425745,5.47654008865,136.527954102,307.186096191,2.24998688698,43.9824028015,98.9598236084,False
HUN,2025,1144,MFH_1800_1944_Debrecen_ren164,UNKNOWN,5,AB_SMALL,1880,1944,17,89.8263015747,1527.04711914,136.527954102,641.874023438,4.70141077042,12263.8007812,57657.1679688,False
HUN,2025,1145,MFH_1800_1944_Debrecen_ren164,UNKNOWN,5,AB_SMALL,1880,1944,17,32.6708526611,555.40447998,136.527954102,386.272827148,2.82925820351,4460.48486328,12619.8623047,False
HUN,2025,1146,MFH_1800_1944_Debrecen_ren164,UNKNOWN,5,AB_SMALL,1880,1944,17,20.0728721619,341.238830566,136.527954102,422.971252441,3.09805607796,2740.50805664,8490.24804688,False
HUN,2025,1147,MFH_1800_1944_Debrecen_ren164,UNKNOWN,5,AB_SMALL,1880,1944,17,3.18008375168,54.0614242554,136.527954102,334.764190674,2.45198273659,434.170318604,1064.578125,False
HUN,2025,1148,MFH_1800_1944_Debrecen_ren165,UNKNOWN,5,AB_SMALL,1880,1944,17,2.5207669735,42.8530387878,136.527954102,534.410766602,3.91429567337,344.155151367,1347.125,False
HUN,2025,1149,MFH_1800_1944_Debrecen_ren165,UNKNOWN,5,AB_SMALL,1880,1944,17,0.781083762646,13.278424263,136.527954102,380.071929932,2.78383970261,106.639770508,296.868011475,False
HUN,2025,1150,MFH_1800_1944_Debrecen_ren165,UNKNOWN,5,AB_SMALL,1880,1944,17,0.801040887833,13.6176948547,136.527954102,420.869812012,3.08266401291,109.364471436,337.13394165,False
HUN,2025,1151,MFH_1800_1944_Debrecen_ren165,UNKNOWN,5,AB_SMALL,1880,1944,17,0.0420522876084,0.714888870716,136.527954102,307.186096191,2.24998688698,5.74131298065,12.9178781509,False
HUN,2025,1152,MFH_1800_1944_Debrecen_ren166,UNKNOWN,5,AB_SMALL,1880,1944,17,151.572387695,2576.73046875,136.527954102,370.128173828,2.71100640297,20693.8671875,56101.2109375,False
HUN,2025,1153,MFH_1800_1944_Debrecen_ren166,UNKNOWN,5,AB_SMALL,1880,1944,17,32.3734321594,550.348327637,136.527954102,370.128173828,2.71100640297,4419.87841797,11982.3193359,False
HUN,2025,1154,MFH_1800_1944_Debrecen_ren166,UNKNOWN,5,AB_SMALL,1880,1944,17,25.6924495697,436.771636963,136.527954102,368.212158203,2.69697260857,3507.73754883,9460.27246094,False
HUN,2025,1155,MFH_1800_1944_Debrecen_ren166,UNKNOWN,5,AB_SMALL,1880,1944,17,1.93669879436,32.9238777161,136.527954102,341.495697021,2.50128769875,264.413513184,661.374328613,False
HUN,2025,1156,MFH_1800_1944_Debrecen_ren167,UNKNOWN,5,AB_SMALL,1880,1944,17,3.63266468048,61.7552986145,136.527954102,311.180908203,2.2792468071,495.960266113,1130.41589355,False
HUN,2025,1157,MFH_1800_1944_Debrecen_ren167,UNKNOWN,5,AB_SMALL,1880,1944,17,0.967156291008,16.4416561127,136.527954102,311.180908203,2.2792468071,132.043869019,300.960571289,False
HUN,2025,1158,MFH_1800_1944_Debrecen_ren167,UNKNOWN,5,AB_SMALL,1880,1944,17,0.997882187366,16.9639968872,136.527954102,311.084106445,2.27853775024,136.238815308,310.425292969,False
HUN,2025,1159,MFH_1800_1944_Debrecen_ren167,UNKNOWN,5,AB_SMALL,1880,1944,17,0.0486574545503,0.827176749706,136.527954102,299.492675781,2.19363617897,6.64310264587,14.5725517273,False
HUN,2025,1736,MFH_1800_1944_Debrecen_ren373,UNKNOWN,5,AB_SMALL,1880,1944,17,7.69195318222,130.763198853,136.527954102,409.356414795,2.99833416939,1050.16662598,3148.75048828,False
HUN,2025,1737,MFH_1800_1944_Debrecen_ren373,UNKNOWN,5,AB_SMALL,1880,1944,17,1.64410841465,27.949842453,136.527954102,409.356414795,2.99833416939,224.466751099,673.026306152,False
HUN,2025,1738,MFH_1800_1944_Debrecen_ren373,UNKNOWN,5,AB_SMALL,1880,1944,17,1.34304761887,22.8318099976,136.527954102,406.562408447,2.97786927223,183.363540649,546.032653809,False
HUN,2025,1739,MFH_1800_1944_Debrecen_ren373,UNKNOWN,5,AB_SMALL,1880,1944,17,0.11936570704,2.02921700478,136.527954102,334.764190674,2.45198273659,16.296754837,39.9593658447,False
HUN,2025,1740,MFH_1800_1944_Debrecen_ren374,UNKNOWN,5,AB_SMALL,1880,1944,17,0.532710492611,9.05607795715,136.527954102,350.62902832,2.5681848526,72.7298736572,186.7837677,False
HUN,2025,1741,MFH_1800_1944_Debrecen_ren374,UNKNOWN,5,AB_SMALL,1880,1944,17,0.127691239119,2.17075109482,136.527954102,350.62902832,2.5681848526,17.433423996,44.7722549438,False
HUN,2025,1742,MFH_1800_1944_Debrecen_ren374,UNKNOWN,5,AB_SMALL,1880,1944,17,0.156434804201,2.65939164162,136.527954102,350.128723145,2.56452035904,21.3577232361,54.7723197937,False
HUN,2025,1743,MFH_1800_1944_Debrecen_ren374,UNKNOWN,5,AB_SMALL,1880,1944,17,0.0114513467997,0.194672897458,136.527954102,315.661682129,2.3120663166,1.56342899799,3.61475133896,False
HUN,2025,2667,MFH_1800_1944_Debrecen_ren162,UNKNOWN,5,AB_SMALL,1880,1944,17,511.207061768,8690.52050781,136.527954102,641.874023438,4.70141077042,69794.0546875,328130.53125,False
HUN,2025,2668,MFH_1800_1944_Debrecen_ren162,UNKNOWN,5,AB_SMALL,1880,1944,17,187.536361694,3188.11816406,136.527954102,386.272827148,2.82925820351,25603.9550781,72440.203125,False
HUN,2025,2669,MFH_1800_1944_Debrecen_ren162,UNKNOWN,5,AB_SMALL,1880,1944,17,117.456886292,1996.76708984,136.527954102,422.971252441,3.09805607796,16036.1484375,49680.8867188,False
HUN,2025,2670,MFH_1800_1944_Debrecen_ren162,UNKNOWN,5,AB_SMALL,1880,1944,17,17.6430263519,299.93145752,136.527954102,334.764190674,2.45198273659,2408.76635742,5906.25341797,False
HUN,2025,2671,MFH_1800_1944_Debrecen_ren163,UNKNOWN,5,AB_SMALL,1880,1944,17,34.6793136597,589.548339844,136.527954102,534.410766602,3.91429567337,4734.69580078,18532.9980469,False
HUN,2025,2672,MFH_1800_1944_Debrecen_ren163,UNKNOWN,5,AB_SMALL,1880,1944,17,11.11074543,188.882675171,136.527954102,380.071929932,2.78383970261,1516.92736816,4222.88232422,False
HUN,2025,2673,MFH_1800_1944_Debrecen_ren163,UNKNOWN,5,AB_SMALL,1880,1944,17,11.3123311996,192.309631348,136.527954102,420.869812012,3.08266401291,1544.44946289,4761.01855469,False
HUN,2025,2674,MFH_1800_1944_Debrecen_ren163,UNKNOWN,5,AB_SMALL,1880,1944,17,0.77929520607,13.2480182648,136.527954102,307.186096191,2.24998688698,106.395576477,239.388656616,False
HUN,2025,2675,MFH_1800_1944_Debrecen_ren164,UNKNOWN,5,AB_SMALL,1880,1944,17,171.196456909,2910.33984375,136.527954102,641.874023438,4.70141077042,23373.1015625,109886.5625,False
HUN,2025,2676,MFH_1800_1944_Debrecen_ren164,UNKNOWN,5,AB_SMALL,1880,1944,17,62.5838813782,1063.92602539,136.527954102,386.272827148,2.82925820351,8544.44921875,24174.453125,False
HUN,2025,2677,MFH_1800_1944_Debrecen_ren164,UNKNOWN,5,AB_SMALL,1880,1944,17,39.2163734436,666.678344727,136.527954102,422.971252441,3.09805607796,5354.13134766,16587.3984375,False
HUN,2025,2678,MFH_1800_1944_Debrecen_ren164,UNKNOWN,5,AB_SMALL,1880,1944,17,5.83570480347,99.2069854736,136.527954102,334.764190674,2.45198273659,796.736816406,1953.58496094,False
HUN,2025,2679,MFH_1800_1944_Debrecen_ren165,UNKNOWN,5,AB_SMALL,1880,1944,17,6.44202327728,109.514396667,136.527954102,534.410766602,3.91429567337,879.516235352,3442.68652344,False
HUN,2025,2680,MFH_1800_1944_Debrecen_ren165,UNKNOWN,5,AB_SMALL,1880,1944,17,2.07859015465,35.3360328674,136.527954102,380.071929932,2.78383970261,283.785675049,790.013793945,False
HUN,2025,2681,MFH_1800_1944_Debrecen_ren165,UNKNOWN,5,AB_SMALL,1880,1944,17,2.11006903648,35.8711738586,136.527954102,420.869812012,3.08266401291,288.083404541,888.064331055,False
HUN,2025,2682,MFH_1800_1944_Debrecen_ren165,UNKNOWN,5,AB_SMALL,1880,1944,17,0.14124391973,2.40114665031,136.527954102,307.186096191,2.24998688698,19.2837429047,43.388168335,False
HUN,2025,2683,MFH_1800_1944_Debrecen_ren166,UNKNOWN,5,AB_SMALL,1880,1944,17,313.90713501,5336.42138672,136.527954102,370.128173828,2.71100640297,42857.0976562,116185.875,False
HUN,2025,2684,MFH_1800_1944_Debrecen_ren166,UNKNOWN,5,AB_SMALL,1880,1944,17,66.1975326538,1125.35803223,136.527954102,370.128173828,2.71100640297,9037.81347656,24501.5722656,False
HUN,2025,2685,MFH_1800_1944_Debrecen_ren166,UNKNOWN,5,AB_SMALL,1880,1944,17,54.0134391785,918.22845459,136.527954102,368.360900879,2.69806218147,7374.34423828,19896.4394531,False
HUN,2025,2686,MFH_1800_1944_Debrecen_ren166,UNKNOWN,5,AB_SMALL,1880,1944,17,3.69806241989,62.867061615,136.527954102,341.495697021,2.50128769875,504.888885498,1262.87243652,False
HUN,2025,2687,MFH_1800_1944_Debrecen_ren167,UNKNOWN,5,AB_SMALL,1880,1944,17,8.29118061066,140.950073242,136.527954102,311.180908203,2.2792468071,1131.97790527,2580.05712891,False
HUN,2025,2688,MFH_1800_1944_Debrecen_ren167,UNKNOWN,5,AB_SMALL,1880,1944,17,2.09763336182,35.6597671509,136.527954102,311.180908203,2.2792468071,286.3855896,652.743469238,False
HUN,2025,2689,MFH_1800_1944_Debrecen_ren167,UNKNOWN,5,AB_SMALL,1880,1944,17,2.27535605431,38.6810531616,136.527954102,311.180908203,2.2792468071,310.649719238,708.047363281,False
HUN,2025,2690,MFH_1800_1944_Debrecen_ren167,UNKNOWN,5,AB_SMALL,1880,1944,17,0.0621743053198,1.05696320534,136.527954102,299.492675781,2.19363617897,8.48853111267,18.6207485199,False
HUN,2025,3331,MFH_1800_1944_Debrecen_ren373,UNKNOWN,5,AB_SMALL,1880,1944,17,15.5123615265,263.710144043,136.527954102,409.356414795,2.99833416939,2117.87109375,6350.08447266,False
HUN,2025,3332,MFH_1800_1944_Debrecen_ren373,UNKNOWN,5,AB_SMALL,1880,1944,17,3.28750133514,55.8875236511,136.527954102,409.356414795,2.99833416939,448.835845947,1345.75976562,False
HUN,2025,3333,MFH_1800_1944_Debrecen_ren373,UNKNOWN,5,AB_SMALL,1880,1944,17,2.78092432022,47.2757148743,136.527954102,406.793670654,2.97956323624,379.673919678,1131.26245117,False
HUN,2025,3334,MFH_1800_1944_Debrecen_ren373,UNKNOWN,5,AB_SMALL,1880,1944,17,0.256875097752,4.36687660217,136.527954102,334.764190674,2.45198273659,35.0706329346,85.9925842285,False
HUN,2025,3335,MFH_1800_1944_Debrecen_ren374,UNKNOWN,5,AB_SMALL,1880,1944,17,0.0406528040767,0.691097676754,136.527954102,350.62902832,2.5681848526,5.55024433136,14.2540531158,False
HUN,2025,3336,MFH_1800_1944_Debrecen_ren374,UNKNOWN,5,AB_SMALL,1880,1944,17,0.00936819426715,0.159259304404,136.527954102,350.62902832,2.5681848526,1.27902042866,3.284760952,False
HUN,2025,3337,MFH_1800_1944_Debrecen_ren374,UNKNOWN,5,AB_SMALL,1880,1944,17,0.0118719246238,0.201822713017,136.527954102,350.62902832,2.5681848526,1.62084960938,4.16264152527,False
HUN,2025,3338,MFH_1800_1944_Debrecen_ren374,UNKNOWN,5,AB_SMALL,1880,1944,17,0.000524912029505,0.00892350450158,136.527954102,315.661682129,2.3120663166,0.0716651678085,0.165694609284,False
HUN,2025,4377,MFH_1800_1944_Debrecen_ren162,UNKNOWN,5,AB_SMALL,1880,1944,17,532.006591797,9044.11230469,136.527954102,641.874023438,4.70141077042,72633.7734375,341481.21875,False
HUN,2025,4378,MFH_1800_1944_Debrecen_ren162,UNKNOWN,5,AB_SMALL,1880,1944,17,374.708312988,6370.04150391,136.527954102,386.272827148,2.82925820351,51158.1601562,144739.640625,False
HUN,2025,4379,MFH_1800_1944_Debrecen_ren162,UNKNOWN,5,AB_SMALL,1880,1944,17,72.2573471069,1228.37487793,136.527954102,422.971252441,3.09805607796,9865.14746094,30562.78125,False
HUN,2025,4380,MFH_1800_1944_Debrecen_ren162,UNKNOWN,5,AB_SMALL,1880,1944,17,48.588508606,826.004638672,136.527954102,334.764190674,2.45198273659,6633.68945312,16265.6923828,False
HUN,2025,4381,MFH_1800_1944_Debrecen_ren163,UNKNOWN,5,AB_SMALL,1880,1944,17,35.0688514709,596.170471191,136.527954102,534.410766602,3.91429567337,4787.87841797,18741.171875,False
HUN,2025,4382,MFH_1800_1944_Debrecen_ren163,UNKNOWN,5,AB_SMALL,1880,1944,17,22.4642219543,381.891784668,136.527954102,380.071929932,2.78383970261,3066.99438477,8538.02050781,False
HUN,2025,4383,MFH_1800_1944_Debrecen_ren163,UNKNOWN,5,AB_SMALL,1880,1944,17,7.36802196503,125.256370544,136.527954102,420.869812012,3.08266401291,1005.940979,3100.97802734,False
HUN,2025,4384,MFH_1800_1944_Debrecen_ren163,UNKNOWN,5,AB_SMALL,1880,1944,17,1.99405097961,33.8988647461,136.527954102,307.186096191,2.24998688698,272.243713379,612.54473877,False
HUN,2025,4385,MFH_1800_1944_Debrecen_ren164,UNKNOWN,5,AB_SMALL,1880,1944,17,176.046661377,2992.79321289,136.527954102,641.874023438,4.70141077042,24035.2910156,112999.78125,False
HUN,2025,4386,MFH_1800_1944_Debrecen_ren164,UNKNOWN,5,AB_SMALL,1880,1944,17,123.837608337,2105.23925781,136.527954102,386.272827148,2.82925820351,16907.2949219,47835.1015625,False
HUN,2025,4387,MFH_1800_1944_Debrecen_ren164,UNKNOWN,5,AB_SMALL,1880,1944,17,23.8451919556,405.368255615,136.527954102,422.971252441,3.09805607796,3255.53515625,10085.8310547,False
HUN,2025,4388,MFH_1800_1944_Debrecen_ren164,UNKNOWN,5,AB_SMALL,1880,1944,17,15.9917678833,271.860046387,136.527954102,334.764190674,2.45198273659,2183.32324219,5353.47119141,False
HUN,2025,4389,MFH_1800_1944_Debrecen_ren165,UNKNOWN,5,AB_SMALL,1880,1944,17,5.56739234924,94.6456680298,136.527954102,534.410766602,3.91429567337,760.104675293,2975.27441406,False
HUN,2025,4390,MFH_1800_1944_Debrecen_ren165,UNKNOWN,5,AB_SMALL,1880,1944,17,3.61260318756,61.4142532349,136.527954102,380.071929932,2.78383970261,493.221313477,1373.04907227,False
HUN,2025,4391,MFH_1800_1944_Debrecen_ren165,UNKNOWN,5,AB_SMALL,1880,1944,17,1.19431900978,20.3034229279,136.527954102,420.869812012,3.08266401291,163.057937622,502.652832031,False
HUN,2025,4392,MFH_1800_1944_Debrecen_ren165,UNKNOWN,5,AB_SMALL,1880,1944,17,0.365521997213,6.21387386322,136.527954102,307.186096191,2.24998688698,49.903968811,112.28327179,False
HUN,2025,4393,MFH_1800_1944_Debrecen_ren166,UNKNOWN,5,AB_SMALL,1880,1944,17,342.691833496,5825.76123047,136.527954102,370.128173828,2.71100640297,46787.015625,126839.90625,False
HUN,2025,4394,MFH_1800_1944_Debrecen_ren166,UNKNOWN,5,AB_SMALL,1880,1944,17,152.343109131,2589.83276367,136.527954102,370.128173828,2.71100640297,20799.09375,56386.4765625,False
HUN,2025,4395,MFH_1800_1944_Debrecen_ren166,UNKNOWN,5,AB_SMALL,1880,1944,17,34.9642562866,594.392333984,136.527954102,368.360900879,2.69806218147,4773.59814453,12879.4648438,False
HUN,2025,4396,MFH_1800_1944_Debrecen_ren166,UNKNOWN,5,AB_SMALL,1880,1944,17,15.7668886185,268.037109375,136.527954102,341.495697021,2.50128769875,2152.62109375,5384.32470703,False
HUN,2025,4397,MFH_1800_1944_Debrecen_ren167,UNKNOWN,5,AB_SMALL,1880,1944,17,8.32901954651,141.593338013,136.527954102,311.180908203,2.2792468071,1137.14404297,2591.83178711,False
HUN,2025,4398,MFH_1800_1944_Debrecen_ren167,UNKNOWN,5,AB_SMALL,1880,1944,17,4.57898187637,77.8426895142,136.527954102,311.180908203,2.2792468071,625.159057617,1424.89172363,False
HUN,2025,4399,MFH_1800_1944_Debrecen_ren167,UNKNOWN,5,AB_SMALL,1880,1944,17,1.48096692562,25.1764373779,136.527954102,311.180908203,2.2792468071,202.193389893,460.848632812,False
HUN,2025,4400,MFH_1800_1944_Debrecen_ren167,UNKNOWN,5,AB_SMALL,1880,1944,17,0.377300024033,6.41410064697,136.527954102,299.492675781,2.19363617897,51.5120010376,112.998596191,False
HUN,2025,5109,MFH_1800_1944_Debrecen_ren373,UNKNOWN,5,AB_SMALL,1880,1944,17,18.0519523621,306.883178711,136.527954102,409.356414795,2.99833416939,2464.59619141,7389.68261719,False
HUN,2025,5110,MFH_1800_1944_Debrecen_ren373,UNKNOWN,5,AB_SMALL,1880,1944,17,7.97951745987,135.651794434,136.527954102,409.356414795,2.99833416939,1089.42724609,3266.46655273,False
HUN,2025,5111,MFH_1800_1944_Debrecen_ren373,UNKNOWN,5,AB_SMALL,1880,1944,17,1.92057204247,32.649723053,136.527954102,406.793670654,2.97956323624,262.211761475,781.276550293,False
HUN,2025,5112,MFH_1800_1944_Debrecen_ren373,UNKNOWN,5,AB_SMALL,1880,1944,17,0.890477061272,15.1381101608,136.527954102,334.764190674,2.45198273659,121.575012207,298.099822998,False
HUN,2025,5113,MFH_1800_1944_Debrecen_ren374,UNKNOWN,5,AB_SMALL,1880,1944,17,0.73657399416,12.5217580795,136.527954102,350.62902832,2.5681848526,100.562942505,258.264221191,False
HUN,2025,5114,MFH_1800_1944_Debrecen_ren374,UNKNOWN,5,AB_SMALL,1880,1944,17,0.347144007683,5.90144824982,136.527954102,350.62902832,2.5681848526,47.394859314,121.718765259,False
HUN,2025,5115,MFH_1800_1944_Debrecen_ren374,UNKNOWN,5,AB_SMALL,1880,1944,17,0.139745011926,2.37566518784,136.527954102,350.62902832,2.5681848526,19.0790996552,48.9986572266,False
HUN,2025,5116,MFH_1800_1944_Debrecen_ren374,UNKNOWN,5,AB_SMALL,1880,1944,17,0.0369229987264,0.627690970898,136.527954102,315.661682129,2.3120663166,5.04102134705,11.6551761627,False
HUN,2025,170,MFH_1945_1959_Debrecen_ren170,UNKNOWN,5,AB_SMALL,1945,1959,17,3039.32080078,51668.453125,136.527954102,641.874023438,4.70141077042,414952.25,1950861.125,False
HUN,2025,171,MFH_1945_1959_Debrecen_ren171,UNKNOWN,5,AB_SMALL,1945,1959,17,4631.77246094,78740.1328125,136.527954102,534.410766602,3.91429567337,632366.4375,2475269,False
HUN,2025,172,MFH_1945_1959_Debrecen_ren172,UNKNOWN,5,AB_SMALL,1945,1959,17,821.088745117,13958.5087891,136.527954102,641.874023438,4.70141077042,112101.570312,527035.5625,False
HUN,2025,173,MFH_1945_1959_Debrecen_ren173,UNKNOWN,5,AB_SMALL,1945,1959,17,577.262817383,9813.46777344,136.527954102,534.410766602,3.91429567337,78812.5078125,308495.46875,False
HUN,2025,174,MFH_1945_1959_Debrecen_ren174,UNKNOWN,5,AB_SMALL,1945,1959,17,564.401000977,9594.81738281,136.527954102,334.497314453,2.45002794266,77056.515625,188790.625,False
HUN,2025,175,MFH_1945_1959_Debrecen_ren175,UNKNOWN,5,AB_SMALL,1945,1959,17,369.453796387,6280.71435547,136.527954102,224.364227295,1.64335739613,50440.7695312,82892.21875,False
HUN,2025,376,MFH_1945_1959_Debrecen_ren376,UNKNOWN,5,AB_SMALL,1945,1959,17,28.500623703,484.5105896,136.527954102,371.12286377,2.71829223633,3891.13183594,10577.2333984,False
HUN,2025,377,MFH_1945_1959_Debrecen_ren377,UNKNOWN,5,AB_SMALL,1945,1959,17,18.3864898682,312.5703125,136.527954102,257.22467041,1.88404393196,2510.26977539,4729.45898438,False
HUN,2025,1168,MFH_1945_1959_Debrecen_ren170,UNKNOWN,5,AB_SMALL,1945,1959,17,26.9556236267,458.245605469,136.527954102,641.874023438,4.70141077042,3680.19604492,17302.1152344,False
HUN,2025,1169,MFH_1945_1959_Debrecen_ren170,UNKNOWN,5,AB_SMALL,1945,1959,17,8.24947929382,140.241149902,136.527954102,353.468444824,2.58898210526,1126.2845459,2915.93066406,False
HUN,2025,1170,MFH_1945_1959_Debrecen_ren170,UNKNOWN,5,AB_SMALL,1945,1959,17,7.71713352203,131.191268921,136.527954102,342.571838379,2.50917005539,1053.60449219,2643.67260742,False
HUN,2025,1171,MFH_1945_1959_Debrecen_ren170,UNKNOWN,5,AB_SMALL,1945,1959,17,6.1459608078,104.481330872,136.527954102,295.694122314,2.16581368446,839.095458984,1817.32446289,False
HUN,2025,1172,MFH_1945_1959_Debrecen_ren171,UNKNOWN,5,AB_SMALL,1945,1959,17,44.5041656494,756.570800781,136.527954102,534.410766602,3.91429567337,6076.0625,23783.5058594,False
HUN,2025,1173,MFH_1945_1959_Debrecen_ren171,UNKNOWN,5,AB_SMALL,1945,1959,17,12.5661888123,213.625213623,136.527954102,291.830047607,2.13751125336,1715.6361084,3667.19140625,False
HUN,2025,1174,MFH_1945_1959_Debrecen_ren171,UNKNOWN,5,AB_SMALL,1945,1959,17,8.62817192078,146.678924561,136.527954102,284.456787109,2.08350586891,1177.98669434,2454.34204102,False
HUN,2025,1175,MFH_1945_1959_Debrecen_ren171,UNKNOWN,5,AB_SMALL,1945,1959,17,8.18134784698,139.08291626,136.527954102,270.598510742,1.98200082779,1116.98266602,2213.8605957,False
HUN,2025,1176,MFH_1945_1959_Debrecen_ren172,UNKNOWN,5,AB_SMALL,1945,1959,17,7.27851104736,123.734687805,136.527954102,641.874023438,4.70141077042,993.720214844,4671.88720703,False
HUN,2025,1177,MFH_1945_1959_Debrecen_ren172,UNKNOWN,5,AB_SMALL,1945,1959,17,2.17571926117,36.9872283936,136.527954102,353.468444824,2.58898210526,297.046508789,769.048095703,False
HUN,2025,1178,MFH_1945_1959_Debrecen_ren172,UNKNOWN,5,AB_SMALL,1945,1959,17,2.04605579376,34.7829475403,136.527954102,342.571838379,2.50917005539,279.343811035,700.921081543,False
HUN,2025,1179,MFH_1945_1959_Debrecen_ren172,UNKNOWN,5,AB_SMALL,1945,1959,17,1.58383560181,26.9252052307,136.527954102,295.694122314,2.16581368446,216.237838745,468.330871582,False
HUN,2025,1180,MFH_1945_1959_Debrecen_ren173,UNKNOWN,5,AB_SMALL,1945,1959,17,5.01473045349,85.2504196167,136.527954102,534.410766602,3.91429567337,684.650878906,2679.92602539,False
HUN,2025,1181,MFH_1945_1959_Debrecen_ren173,UNKNOWN,5,AB_SMALL,1945,1959,17,1.40835702419,23.9420700073,136.527954102,291.830047607,2.13751125336,192.280105591,411.00088501,False
HUN,2025,1182,MFH_1945_1959_Debrecen_ren173,UNKNOWN,5,AB_SMALL,1945,1959,17,0.967829704285,16.4531059265,136.527954102,284.456787109,2.08350586891,132.135803223,275.305725098,False
HUN,2025,1183,MFH_1945_1959_Debrecen_ren173,UNKNOWN,5,AB_SMALL,1945,1959,17,0.912173330784,15.5069465637,136.527954102,270.598510742,1.98200082779,124.537155151,246.832748413,False
HUN,2025,1184,MFH_1945_1959_Debrecen_ren174,UNKNOWN,5,AB_SMALL,1945,1959,17,13.9658098221,237.418762207,136.527954102,334.497314453,2.45002794266,1906.72338867,4671.52587891,False
HUN,2025,1185,MFH_1945_1959_Debrecen_ren174,UNKNOWN,5,AB_SMALL,1945,1959,17,2.45625758171,41.7563781738,136.527954102,334.497314453,2.45002794266,335.347808838,821.611572266,False
HUN,2025,1186,MFH_1945_1959_Debrecen_ren174,UNKNOWN,5,AB_SMALL,1945,1959,17,2.70328116417,45.9557800293,136.527954102,319.61114502,2.34099411964,369.073455811,863.998779297,False
HUN,2025,1187,MFH_1945_1959_Debrecen_ren174,UNKNOWN,5,AB_SMALL,1945,1959,17,1.72843062878,29.3833198547,136.527954102,303.747314453,2.22479939461,235.979095459,525.006164551,False
HUN,2025,1188,MFH_1945_1959_Debrecen_ren175,UNKNOWN,5,AB_SMALL,1945,1959,17,9.69782066345,164.862945557,136.527954102,224.364227295,1.64335739613,1324.02355957,2175.84399414,False
HUN,2025,1189,MFH_1945_1959_Debrecen_ren175,UNKNOWN,5,AB_SMALL,1945,1959,17,1.99290990829,33.8794670105,136.527954102,224.364227295,1.64335739613,272.087921143,447.137695312,False
HUN,2025,1190,MFH_1945_1959_Debrecen_ren175,UNKNOWN,5,AB_SMALL,1945,1959,17,1.29243040085,21.9713172913,136.527954102,224.23538208,1.64241373539,176.452880859,289.808624268,False
HUN,2025,1191,MFH_1945_1959_Debrecen_ren175,UNKNOWN,5,AB_SMALL,1945,1959,17,1.16855084896,19.8653640747,136.527954102,217.86541748,1.59575688839,159.539855957,254.58682251,False
HUN,2025,2699,MFH_1945_1959_Debrecen_ren170,UNKNOWN,5,AB_SMALL,1945,1959,17,60.742893219,1032.62915039,136.527954102,641.874023438,4.70141077042,8293.10253906,38989.2851562,False
HUN,2025,2700,MFH_1945_1959_Debrecen_ren170,UNKNOWN,5,AB_SMALL,1945,1959,17,18.8937473297,321.193695068,136.527954102,353.468444824,2.58898210526,2579.5246582,6678.34326172,False
HUN,2025,2701,MFH_1945_1959_Debrecen_ren170,UNKNOWN,5,AB_SMALL,1945,1959,17,17.9683895111,305.462615967,136.527954102,342.571838379,2.50917005539,2453.1875,6155.46435547,False
HUN,2025,2702,MFH_1945_1959_Debrecen_ren170,UNKNOWN,5,AB_SMALL,1945,1959,17,13.4286909103,228.287750244,136.527954102,295.694122314,2.16581368446,1833.39172363,3970.78491211,False
HUN,2025,2703,MFH_1945_1959_Debrecen_ren171,UNKNOWN,5,AB_SMALL,1945,1959,17,101.571434021,1726.71435547,136.527954102,534.410766602,3.91429567337,13867.3398438,54280.8671875,False
HUN,2025,2704,MFH_1945_1959_Debrecen_ren171,UNKNOWN,5,AB_SMALL,1945,1959,17,28.8312339783,490.130981445,136.527954102,291.830047607,2.13751125336,3936.26928711,8413.8203125,False
HUN,2025,2705,MFH_1945_1959_Debrecen_ren171,UNKNOWN,5,AB_SMALL,1945,1959,17,20.2195129395,343.731719971,136.527954102,284.456787109,2.08350586891,2760.52880859,5751.57763672,False
HUN,2025,2706,MFH_1945_1959_Debrecen_ren171,UNKNOWN,5,AB_SMALL,1945,1959,17,17.6447792053,299.961242676,136.527954102,270.598510742,1.98200082779,2409.00561523,4774.65087891,False
HUN,2025,2707,MFH_1945_1959_Debrecen_ren172,UNKNOWN,5,AB_SMALL,1945,1959,17,17.2086544037,292.547119141,136.527954102,641.874023438,4.70141077042,2349.46240234,11045.7880859,False
HUN,2025,2708,MFH_1945_1959_Debrecen_ren172,UNKNOWN,5,AB_SMALL,1945,1959,17,5.35146474838,90.974899292,136.527954102,353.468444824,2.58898210526,730.624511719,1891.57397461,False
HUN,2025,2709,MFH_1945_1959_Debrecen_ren172,UNKNOWN,5,AB_SMALL,1945,1959,17,5.0933508873,86.5869674683,136.527954102,342.571838379,2.50917005539,695.384765625,1744.83862305,False
HUN,2025,2710,MFH_1945_1959_Debrecen_ren172,UNKNOWN,5,AB_SMALL,1945,1959,17,3.78331613541,64.3163757324,136.527954102,295.694122314,2.16581368446,516.528381348,1118.7043457,False
HUN,2025,2711,MFH_1945_1959_Debrecen_ren173,UNKNOWN,5,AB_SMALL,1945,1959,17,12.3167572021,209.384872437,136.527954102,534.410766602,3.91429567337,1681.58166504,6582.20751953,False
HUN,2025,2712,MFH_1945_1959_Debrecen_ren173,UNKNOWN,5,AB_SMALL,1945,1959,17,3.5471162796,60.3009757996,136.527954102,291.830047607,2.13751125336,484.280517578,1035.15515137,False
HUN,2025,2713,MFH_1945_1959_Debrecen_ren173,UNKNOWN,5,AB_SMALL,1945,1959,17,2.48393368721,42.2268714905,136.527954102,284.456787109,2.08350586891,339.126373291,706.571777344,False
HUN,2025,2714,MFH_1945_1959_Debrecen_ren173,UNKNOWN,5,AB_SMALL,1945,1959,17,2.1908416748,37.2443084717,136.527954102,270.598510742,1.98200082779,299.11114502,592.838500977,False
HUN,2025,2715,MFH_1945_1959_Debrecen_ren174,UNKNOWN,5,AB_SMALL,1945,1959,17,26.3763198853,448.39743042,136.527954102,334.497314453,2.45002794266,3601.10498047,8822.80859375,False
HUN,2025,2716,MFH_1945_1959_Debrecen_ren174,UNKNOWN,5,AB_SMALL,1945,1959,17,4.63355207443,78.7703857422,136.527954102,334.497314453,2.45002794266,632.609375,1549.9107666,False
HUN,2025,2717,MFH_1945_1959_Debrecen_ren174,UNKNOWN,5,AB_SMALL,1945,1959,17,5.22592306137,88.8406906128,136.527954102,321.142669678,2.35221195221,713.484558105,1678.2668457,False
HUN,2025,2718,MFH_1945_1959_Debrecen_ren174,UNKNOWN,5,AB_SMALL,1945,1959,17,3.05542302132,51.9421920776,136.527954102,303.747314453,2.22479939461,417.150665283,928.076538086,False
HUN,2025,2719,MFH_1945_1959_Debrecen_ren175,UNKNOWN,5,AB_SMALL,1945,1959,17,20.0506401062,340.860870361,136.527954102,224.364227295,1.64335739613,2737.47290039,4498.64648438,False
HUN,2025,2720,MFH_1945_1959_Debrecen_ren175,UNKNOWN,5,AB_SMALL,1945,1959,17,4.13857078552,70.3557052612,136.527954102,224.364227295,1.64335739613,565.030578613,928.547241211,False
HUN,2025,2721,MFH_1945_1959_Debrecen_ren175,UNKNOWN,5,AB_SMALL,1945,1959,17,2.73615026474,46.5145530701,136.527954102,224.364227295,1.64335739613,373.561004639,613.894226074,False
HUN,2025,2722,MFH_1945_1959_Debrecen_ren175,UNKNOWN,5,AB_SMALL,1945,1959,17,2.28045105934,38.7676696777,136.527954102,217.86541748,1.59575688839,311.345306396,496.831420898,False
HUN,2025,3343,MFH_1945_1959_Debrecen_ren376,UNKNOWN,5,AB_SMALL,1945,1959,17,1.37359845638,23.3511734009,136.527954102,371.12286377,2.71829223633,187.534591675,509.773803711,False
HUN,2025,3344,MFH_1945_1959_Debrecen_ren376,UNKNOWN,5,AB_SMALL,1945,1959,17,0.242702156305,4.12593650818,136.527954102,371.12286377,2.71829223633,33.1356277466,90.0723190308,False
HUN,2025,3345,MFH_1945_1959_Debrecen_ren376,UNKNOWN,5,AB_SMALL,1945,1959,17,0.276694625616,4.70380878448,136.527954102,352.262145996,2.58014655113,37.776550293,97.469039917,False
HUN,2025,3346,MFH_1945_1959_Debrecen_ren376,UNKNOWN,5,AB_SMALL,1945,1959,17,0.160981163383,2.7366797924,136.527954102,297.380065918,2.17816257477,21.9784297943,47.8725891113,False
HUN,2025,3347,MFH_1945_1959_Debrecen_ren377,UNKNOWN,5,AB_SMALL,1945,1959,17,2.31170105934,39.2989196777,136.527954102,257.22467041,1.88404393196,315.611816406,594.626525879,False
HUN,2025,3348,MFH_1945_1959_Debrecen_ren377,UNKNOWN,5,AB_SMALL,1945,1959,17,0.403731971979,6.86344337463,136.527954102,257.22467041,1.88404393196,55.1207008362,103.849822998,False
HUN,2025,3349,MFH_1945_1959_Debrecen_ren377,UNKNOWN,5,AB_SMALL,1945,1959,17,0.329385638237,5.59955596924,136.527954102,257.22467041,1.88404393196,44.9703483582,84.7261123657,False
HUN,2025,3350,MFH_1945_1959_Debrecen_ren377,UNKNOWN,5,AB_SMALL,1945,1959,17,0.278680533171,4.73756885529,136.527954102,236.455627441,1.73192095757,38.0476837158,65.8955841064,False
HUN,2025,4409,MFH_1945_1959_Debrecen_ren170,UNKNOWN,5,AB_SMALL,1945,1959,17,35.5360145569,604.112243652,136.527954102,641.874023438,4.70141077042,4851.65917969,22809.6445312,False
HUN,2025,4410,MFH_1945_1959_Debrecen_ren170,UNKNOWN,5,AB_SMALL,1945,1959,17,20.61668396,350.483642578,136.527954102,353.468444824,2.58898210526,2814.75366211,7287.34716797,False
HUN,2025,4411,MFH_1945_1959_Debrecen_ren170,UNKNOWN,5,AB_SMALL,1945,1959,17,6.23827791214,106.050727844,136.527954102,342.571838379,2.50917005539,851.69934082,2137.05834961,False
HUN,2025,4412,MFH_1945_1959_Debrecen_ren170,UNKNOWN,5,AB_SMALL,1945,1959,17,15.3771858215,261.41217041,136.527954102,295.694122314,2.16581368446,2099.41577148,4546.94335938,False
HUN,2025,4413,MFH_1945_1959_Debrecen_ren171,UNKNOWN,5,AB_SMALL,1945,1959,17,57.9551010132,985.236694336,136.527954102,534.410766602,3.91429567337,7912.49121094,30971.8300781,False
HUN,2025,4414,MFH_1945_1959_Debrecen_ren171,UNKNOWN,5,AB_SMALL,1945,1959,17,31.9647731781,543.401123047,136.527954102,291.830047607,2.13751125336,4364.08496094,9328.28125,False
HUN,2025,4415,MFH_1945_1959_Debrecen_ren171,UNKNOWN,5,AB_SMALL,1945,1959,17,6.18071746826,105.07219696,136.527954102,284.456787109,2.08350586891,843.840698242,1758.14697266,False
HUN,2025,4416,MFH_1945_1959_Debrecen_ren171,UNKNOWN,5,AB_SMALL,1945,1959,17,21.4467029572,364.593963623,136.527954102,270.598510742,1.98200082779,2928.07446289,5803.44580078,False
HUN,2025,4417,MFH_1945_1959_Debrecen_ren172,UNKNOWN,5,AB_SMALL,1945,1959,17,9.84148216248,167.30519104,136.527954102,641.874023438,4.70141077042,1343.63745117,6316.99169922,False
HUN,2025,4418,MFH_1945_1959_Debrecen_ren172,UNKNOWN,5,AB_SMALL,1945,1959,17,5.71864128113,97.2169036865,136.527954102,353.468444824,2.58898210526,780.754394531,2021.35925293,False
HUN,2025,4419,MFH_1945_1959_Debrecen_ren172,UNKNOWN,5,AB_SMALL,1945,1959,17,1.7312899828,29.431930542,136.527954102,342.571838379,2.50917005539,236.369476318,593.091186523,False
HUN,2025,4420,MFH_1945_1959_Debrecen_ren172,UNKNOWN,5,AB_SMALL,1945,1959,17,4.27318096161,72.6440734863,136.527954102,295.694122314,2.16581368446,583.408630371,1263.55444336,False
HUN,2025,4421,MFH_1945_1959_Debrecen_ren173,UNKNOWN,5,AB_SMALL,1945,1959,17,7.38600635529,125.562110901,136.527954102,534.410766602,3.91429567337,1008.3963623,3947.16137695,False
HUN,2025,4422,MFH_1945_1959_Debrecen_ren173,UNKNOWN,5,AB_SMALL,1945,1959,17,4.14131593704,70.4023742676,136.527954102,291.830047607,2.13751125336,565.405395508,1208.5604248,False
HUN,2025,4423,MFH_1945_1959_Debrecen_ren173,UNKNOWN,5,AB_SMALL,1945,1959,17,0.81298995018,13.8208293915,136.527954102,284.456787109,2.08350586891,110.995857239,231.260513306,False
HUN,2025,4424,MFH_1945_1959_Debrecen_ren173,UNKNOWN,5,AB_SMALL,1945,1959,17,2.84475398064,48.3608169556,136.527954102,270.598510742,1.98200082779,388.388427734,769.786193848,False
HUN,2025,4425,MFH_1945_1959_Debrecen_ren174,UNKNOWN,5,AB_SMALL,1945,1959,17,28.4254169464,483.232086182,136.527954102,334.497314453,2.45002794266,3880.86401367,9508.22558594,False
HUN,2025,4426,MFH_1945_1959_Debrecen_ren174,UNKNOWN,5,AB_SMALL,1945,1959,17,10.1103820801,171.876495361,136.527954102,334.497314453,2.45002794266,1380.34973145,3381.89575195,False
HUN,2025,4427,MFH_1945_1959_Debrecen_ren174,UNKNOWN,5,AB_SMALL,1945,1959,17,3.22618913651,54.8452148438,136.527954102,321.142669678,2.35221195221,440.464996338,1036.0670166,False
HUN,2025,4428,MFH_1945_1959_Debrecen_ren174,UNKNOWN,5,AB_SMALL,1945,1959,17,7.19786930084,122.363777161,136.527954102,303.747314453,2.22479939461,982.710388184,2186.33349609,False
HUN,2025,4429,MFH_1945_1959_Debrecen_ren175,UNKNOWN,5,AB_SMALL,1945,1959,17,20.6825408936,351.603210449,136.527954102,224.364227295,1.64335739613,2823.74487305,4640.42236328,False
HUN,2025,4430,MFH_1945_1959_Debrecen_ren175,UNKNOWN,5,AB_SMALL,1945,1959,17,8.56492519379,145.603729248,136.527954102,224.364227295,1.64335739613,1169.35168457,1921.6628418,False
HUN,2025,4431,MFH_1945_1959_Debrecen_ren175,UNKNOWN,5,AB_SMALL,1945,1959,17,1.41392707825,24.0367603302,136.527954102,224.364227295,1.64335739613,193.04057312,317.234649658,False
HUN,2025,4432,MFH_1945_1959_Debrecen_ren175,UNKNOWN,5,AB_SMALL,1945,1959,17,5.16296100616,87.7703399658,136.527954102,217.86541748,1.59575688839,704.88848877,1124.83068848,False
HUN,2025,5121,MFH_1945_1959_Debrecen_ren376,UNKNOWN,5,AB_SMALL,1945,1959,17,2.46898603439,41.9727630615,136.527954102,371.12286377,2.71829223633,337.085601807,916.297180176,False
HUN,2025,5122,MFH_1945_1959_Debrecen_ren376,UNKNOWN,5,AB_SMALL,1945,1959,17,0.873476028442,14.8490924835,136.527954102,371.12286377,2.71829223633,119.253898621,324.166931152,False
HUN,2025,5123,MFH_1945_1959_Debrecen_ren376,UNKNOWN,5,AB_SMALL,1945,1959,17,0.290707021952,4.94201946259,136.527954102,352.262145996,2.58014655113,39.6896362305,102.405082703,False
HUN,2025,5124,MFH_1945_1959_Debrecen_ren376,UNKNOWN,5,AB_SMALL,1945,1959,17,0.645602047443,10.9752349854,136.527954102,297.380065918,2.17816257477,88.1427230835,191.989181519,False
HUN,2025,5125,MFH_1945_1959_Debrecen_ren377,UNKNOWN,5,AB_SMALL,1945,1959,17,1.21891403198,20.7215385437,136.527954102,257.22467041,1.88404393196,166.41583252,313.534759521,False
HUN,2025,5126,MFH_1945_1959_Debrecen_ren377,UNKNOWN,5,AB_SMALL,1945,1959,17,0.435276031494,7.3996925354,136.527954102,257.22467041,1.88404393196,59.4273452759,111.963737488,False
HUN,2025,5127,MFH_1945_1959_Debrecen_ren377,UNKNOWN,5,AB_SMALL,1945,1959,17,0.0907620042562,1.54295408726,136.527954102,257.22467041,1.88404393196,12.3915510178,23.3462257385,False
HUN,2025,5128,MFH_1945_1959_Debrecen_ren377,UNKNOWN,5,AB_SMALL,1945,1959,17,0.321312010288,5.4623041153,136.527954102,236.455627441,1.73192095757,43.8680725098,75.9760360718,False
HUN,2025,182,MFH_1960_1979_Debrecen_ren182,UNKNOWN,5,AB_SMALL,1960,1979,17,1141.12683105,19399.15625,141.984649658,677.330505371,4.77044868469,162022.5,772920,False
HUN,2025,183,MFH_1960_1979_Debrecen_ren183,UNKNOWN,5,AB_SMALL,1960,1979,17,1293.44677734,21988.5957031,141.984649658,545.944946289,3.84509849548,183649.59375,706150.75,False
HUN,2025,184,MFH_1960_1979_Debrecen_ren184,UNKNOWN,5,AB_SMALL,1960,1979,17,125.223060608,2128.79199219,141.984649658,677.330505371,4.77044868469,17779.7519531,84817.3984375,False
HUN,2025,185,MFH_1960_1979_Debrecen_ren185,UNKNOWN,5,AB_SMALL,1960,1979,17,79.6163406372,1353.4777832,141.984649658,545.944946289,3.84509849548,11304.2978516,43466.140625,False
HUN,2025,186,MFH_1960_1979_Debrecen_ren186,UNKNOWN,5,AB_SMALL,1960,1979,17,87.9902954102,1495.83496094,141.984649658,237.54486084,1.67303204536,12493.2714844,20901.6425781,False
HUN,2025,187,MFH_1960_1979_Debrecen_ren187,UNKNOWN,5,AB_SMALL,1960,1979,17,54.7951087952,931.516845703,141.984649658,206.691314697,1.4557299614,7780.06445312,11325.6728516,False
HUN,2025,380,MFH_1960_1979_Debrecen_ren380,UNKNOWN,5,AB_SMALL,1960,1979,17,4.26887845993,72.570930481,141.984649658,272.845703125,1.92165637016,606.115234375,1164.74511719,False
HUN,2025,381,MFH_1960_1979_Debrecen_ren381,UNKNOWN,5,AB_SMALL,1960,1979,17,670.850830078,11404.4638672,141.984649658,250.794845581,1.76635181904,95250.5234375,168245.9375,False
HUN,2025,1200,MFH_1960_1979_Debrecen_ren182,UNKNOWN,5,AB_SMALL,1960,1979,17,26.7326068878,454.454315186,141.984649658,677.330505371,4.77044868469,3795.61987305,18106.8105469,False
HUN,2025,1201,MFH_1960_1979_Debrecen_ren182,UNKNOWN,5,AB_SMALL,1960,1979,17,16.8843002319,287.033111572,141.984649658,242.725097656,1.70951652527,2397.31152344,4098.24365234,False
HUN,2025,1202,MFH_1960_1979_Debrecen_ren182,UNKNOWN,5,AB_SMALL,1960,1979,17,9.46520423889,160.908477783,141.984649658,355.174255371,2.5014975071,1343.91369629,3361.796875,False
HUN,2025,1203,MFH_1960_1979_Debrecen_ren182,UNKNOWN,5,AB_SMALL,1960,1979,17,9.271484375,157.615234375,141.984649658,257.66796875,1.81475937366,1316.40844727,2388.96459961,False
HUN,2025,1204,MFH_1960_1979_Debrecen_ren183,UNKNOWN,5,AB_SMALL,1960,1979,17,37.3144683838,634.345947266,141.984649658,545.944946289,3.84509849548,5298.08154297,20371.6445312,False
HUN,2025,1205,MFH_1960_1979_Debrecen_ren183,UNKNOWN,5,AB_SMALL,1960,1979,17,20.3615531921,346.146392822,141.984649658,253.664428711,1.78656232357,2891.02807617,5165.00195312,False
HUN,2025,1206,MFH_1960_1979_Debrecen_ren183,UNKNOWN,5,AB_SMALL,1960,1979,17,13.8863172531,236.067398071,141.984649658,268.32421875,1.88981151581,1971.6439209,3726.03515625,False
HUN,2025,1207,MFH_1960_1979_Debrecen_ren183,UNKNOWN,5,AB_SMALL,1960,1979,17,0.663074016571,11.2722587585,141.984649658,225.764434814,1.59006226063,94.1463317871,149.698532104,False
HUN,2025,1208,MFH_1960_1979_Debrecen_ren184,UNKNOWN,5,AB_SMALL,1960,1979,17,2.98707437515,50.7802658081,141.984649658,677.330505371,4.77044868469,424.118713379,2023.23657227,False
HUN,2025,1209,MFH_1960_1979_Debrecen_ren184,UNKNOWN,5,AB_SMALL,1960,1979,17,1.72962677479,29.4036560059,141.984649658,242.725097656,1.70951652527,245.580444336,419.823822021,False
HUN,2025,1210,MFH_1960_1979_Debrecen_ren184,UNKNOWN,5,AB_SMALL,1960,1979,17,0.989453971386,16.8207168579,141.984649658,355.174255371,2.5014975071,140.48727417,351.428588867,False
HUN,2025,1211,MFH_1960_1979_Debrecen_ren184,UNKNOWN,5,AB_SMALL,1960,1979,17,0.855907201767,14.5504226685,141.984649658,257.66796875,1.81475937366,121.525680542,220.539871216,False
HUN,2025,1212,MFH_1960_1979_Debrecen_ren185,UNKNOWN,5,AB_SMALL,1960,1979,17,2.6140537262,44.438911438,141.984649658,545.944946289,3.84509849548,371.155517578,1427.12939453,False
HUN,2025,1213,MFH_1960_1979_Debrecen_ren185,UNKNOWN,5,AB_SMALL,1960,1979,17,1.39253306389,23.6730613708,141.984649658,253.664428711,1.78656232357,197.718322754,353.236114502,False
HUN,2025,1214,MFH_1960_1979_Debrecen_ren185,UNKNOWN,5,AB_SMALL,1960,1979,17,0.956123411655,16.2540988922,141.984649658,268.32421875,1.88981151581,135.754852295,256.551055908,False
HUN,2025,1215,MFH_1960_1979_Debrecen_ren185,UNKNOWN,5,AB_SMALL,1960,1979,17,0.0406976044178,0.6918592453,141.984649658,225.764434814,1.59006226063,5.77843523026,9.18807125092,False
HUN,2025,1216,MFH_1960_1979_Debrecen_ren186,UNKNOWN,5,AB_SMALL,1960,1979,17,3.6583981514,62.1927680969,141.984649658,237.54486084,1.67303204536,519.436401367,869.033691406,False
HUN,2025,1217,MFH_1960_1979_Debrecen_ren186,UNKNOWN,5,AB_SMALL,1960,1979,17,1.08184671402,18.3913936615,141.984649658,237.426116943,1.67219567299,153.605621338,256.858673096,False
HUN,2025,1218,MFH_1960_1979_Debrecen_ren186,UNKNOWN,5,AB_SMALL,1960,1979,17,0.749828994274,12.7470932007,141.984649658,237.426116943,1.67219567299,106.46421051,178.028991699,False
HUN,2025,1219,MFH_1960_1979_Debrecen_ren186,UNKNOWN,5,AB_SMALL,1960,1979,17,0.557430207729,9.476313591,141.984649658,229.92300415,1.61935114861,79.1465301514,128.166030884,False
HUN,2025,1220,MFH_1960_1979_Debrecen_ren187,UNKNOWN,5,AB_SMALL,1960,1979,17,1.97421503067,33.5616569519,141.984649658,206.691314697,1.4557299614,280.308227539,408.053100586,False
HUN,2025,1221,MFH_1960_1979_Debrecen_ren187,UNKNOWN,5,AB_SMALL,1960,1979,17,0.68345862627,11.6187963486,141.984649658,207.919082642,1.46437716484,97.0406341553,142.104095459,False
HUN,2025,1222,MFH_1960_1979_Debrecen_ren187,UNKNOWN,5,AB_SMALL,1960,1979,17,0.471354961395,8.01303482056,141.984649658,206.691314697,1.4557299614,66.9251708984,97.4249801636,False
HUN,2025,1223,MFH_1960_1979_Debrecen_ren187,UNKNOWN,5,AB_SMALL,1960,1979,17,0,0,141.984649658,208.104614258,1.46568393707,0,0,False
HUN,2025,1748,MFH_1960_1979_Debrecen_ren381,UNKNOWN,5,AB_SMALL,1960,1979,17,22.8365592957,388.221496582,141.984649658,250.794845581,1.76635181904,3242.44091797,5727.29150391,False
HUN,2025,1749,MFH_1960_1979_Debrecen_ren381,UNKNOWN,5,AB_SMALL,1960,1979,17,7.29404592514,123.998779297,141.984649658,250.56036377,1.76470041275,1035.64257812,1827.59875488,False
HUN,2025,1750,MFH_1960_1979_Debrecen_ren381,UNKNOWN,5,AB_SMALL,1960,1979,17,6.16202068329,104.754348755,141.984649658,250.56036377,1.76470041275,874.912353516,1543.95812988,False
HUN,2025,1751,MFH_1960_1979_Debrecen_ren381,UNKNOWN,5,AB_SMALL,1960,1979,17,0.329715698957,5.60516691208,141.984649658,224.699523926,1.58256208897,46.8145675659,74.0869598389,False
HUN,2025,2731,MFH_1960_1979_Debrecen_ren182,UNKNOWN,5,AB_SMALL,1960,1979,17,56.6359024048,962.81036377,141.984649658,677.330505371,4.77044868469,8041.42871094,38361.2226562,False
HUN,2025,2732,MFH_1960_1979_Debrecen_ren182,UNKNOWN,5,AB_SMALL,1960,1979,17,35.6041145325,605.269958496,141.984649658,242.725097656,1.70951652527,5055.23779297,8642.01171875,False
HUN,2025,2733,MFH_1960_1979_Debrecen_ren182,UNKNOWN,5,AB_SMALL,1960,1979,17,20.3925800323,346.673858643,141.984649658,355.174255371,2.5014975071,2895.43334961,7242.91943359,False
HUN,2025,2734,MFH_1960_1979_Debrecen_ren182,UNKNOWN,5,AB_SMALL,1960,1979,17,18.3708591461,312.304595947,141.984649658,257.66796875,1.81475937366,2608.37988281,4733.58203125,False
HUN,2025,2735,MFH_1960_1979_Debrecen_ren183,UNKNOWN,5,AB_SMALL,1960,1979,17,73.4229202271,1248.18969727,141.984649658,545.944946289,3.84509849548,10424.9277344,40084.8710938,False
HUN,2025,2736,MFH_1960_1979_Debrecen_ren183,UNKNOWN,5,AB_SMALL,1960,1979,17,39.8525772095,677.493835449,141.984649658,253.664428711,1.78656232357,5658.45410156,10109.1816406,False
HUN,2025,2737,MFH_1960_1979_Debrecen_ren183,UNKNOWN,5,AB_SMALL,1960,1979,17,27.6415977478,469.907165527,141.984649658,268.32421875,1.88981151581,3924.68261719,7416.91015625,False
HUN,2025,2738,MFH_1960_1979_Debrecen_ren183,UNKNOWN,5,AB_SMALL,1960,1979,17,1.0796380043,18.3538455963,141.984649658,225.764434814,1.59006226063,153.292022705,243.743865967,False
HUN,2025,2739,MFH_1960_1979_Debrecen_ren184,UNKNOWN,5,AB_SMALL,1960,1979,17,5.14792346954,87.5147018433,141.984649658,677.330505371,4.77044868469,730.926086426,3486.84570312,False
HUN,2025,2740,MFH_1960_1979_Debrecen_ren184,UNKNOWN,5,AB_SMALL,1960,1979,17,2.94860005379,50.1262016296,141.984649658,242.725097656,1.70951652527,418.655944824,715.69921875,False
HUN,2025,2741,MFH_1960_1979_Debrecen_ren184,UNKNOWN,5,AB_SMALL,1960,1979,17,1.72828149796,29.3807849884,141.984649658,355.174255371,2.5014975071,245.389450073,613.841064453,False
HUN,2025,2742,MFH_1960_1979_Debrecen_ren184,UNKNOWN,5,AB_SMALL,1960,1979,17,1.34806132317,22.9170417786,141.984649658,257.66796875,1.81475937366,191.404022217,347.352233887,False
HUN,2025,2743,MFH_1960_1979_Debrecen_ren185,UNKNOWN,5,AB_SMALL,1960,1979,17,5.55147314072,94.3750457764,141.984649658,545.944946289,3.84509849548,788.223999023,3030.79858398,False
HUN,2025,2744,MFH_1960_1979_Debrecen_ren185,UNKNOWN,5,AB_SMALL,1960,1979,17,3.06974649429,52.1856918335,141.984649658,253.664428711,1.78656232357,435.856872559,778.68548584,False
HUN,2025,2745,MFH_1960_1979_Debrecen_ren185,UNKNOWN,5,AB_SMALL,1960,1979,17,2.11853408813,36.0150794983,141.984649658,268.32421875,1.88981151581,300.799316406,568.453979492,False
HUN,2025,2746,MFH_1960_1979_Debrecen_ren185,UNKNOWN,5,AB_SMALL,1960,1979,17,0.0908423960209,1.54432070255,141.984649658,225.764434814,1.59006226063,12.8982257843,20.5089817047,False
HUN,2025,2747,MFH_1960_1979_Debrecen_ren186,UNKNOWN,5,AB_SMALL,1960,1979,17,5.95311737061,101.2029953,141.984649658,237.54486084,1.67303204536,845.251281738,1414.13244629,False
HUN,2025,2748,MFH_1960_1979_Debrecen_ren186,UNKNOWN,5,AB_SMALL,1960,1979,17,1.74922895432,29.7368927002,141.984649658,237.54486084,1.67303204536,248.36366272,415.520355225,False
HUN,2025,2749,MFH_1960_1979_Debrecen_ren186,UNKNOWN,5,AB_SMALL,1960,1979,17,1.25120210648,21.2704353333,141.984649658,237.54486084,1.67303204536,177.651489258,297.216644287,False
HUN,2025,2750,MFH_1960_1979_Debrecen_ren186,UNKNOWN,5,AB_SMALL,1960,1979,17,0.938798546791,15.9595756531,141.984649658,229.92300415,1.61935114861,133.29498291,215.851379395,False
HUN,2025,2751,MFH_1960_1979_Debrecen_ren187,UNKNOWN,5,AB_SMALL,1960,1979,17,4.47785949707,76.1236114502,141.984649658,206.691314697,1.4557299614,635.78729248,925.534667969,False
HUN,2025,2752,MFH_1960_1979_Debrecen_ren187,UNKNOWN,5,AB_SMALL,1960,1979,17,1.58316349983,26.9137802124,141.984649658,207.919082642,1.46437716484,224.784912109,329.169891357,False
HUN,2025,2753,MFH_1960_1979_Debrecen_ren187,UNKNOWN,5,AB_SMALL,1960,1979,17,1.0846927166,18.4397754669,141.984649658,206.691314697,1.4557299614,154.009719849,224.196563721,False
HUN,2025,2754,MFH_1960_1979_Debrecen_ren187,UNKNOWN,5,AB_SMALL,1960,1979,17,0,0,141.984649658,208.104614258,1.46568393707,0,0,False
HUN,2025,3351,MFH_1960_1979_Debrecen_ren380,UNKNOWN,5,AB_SMALL,1960,1979,17,0.180627301335,3.0706641674,141.984649658,272.845703125,1.92165637016,25.6463031769,49.2833824158,False
HUN,2025,3352,MFH_1960_1979_Debrecen_ren380,UNKNOWN,5,AB_SMALL,1960,1979,17,0.0533127263188,0.90631633997,141.984649658,272.845703125,1.92165637016,7.56958866119,14.5461483002,False
HUN,2025,3353,MFH_1960_1979_Debrecen_ren380,UNKNOWN,5,AB_SMALL,1960,1979,17,0.0397088341415,0.675050199032,141.984649658,272.793640137,1.92128968239,5.63804483414,10.8323173523,False
HUN,2025,3354,MFH_1960_1979_Debrecen_ren380,UNKNOWN,5,AB_SMALL,1960,1979,17,0.0299405511469,0.508989393711,141.984649658,252.458786011,1.77807092667,4.25109863281,7.5587553978,False
HUN,2025,3355,MFH_1960_1979_Debrecen_ren381,UNKNOWN,5,AB_SMALL,1960,1979,17,46.2196159363,785.733459473,141.984649658,250.794845581,1.76635181904,6562.47607422,11591.6416016,False
HUN,2025,3356,MFH_1960_1979_Debrecen_ren381,UNKNOWN,5,AB_SMALL,1960,1979,17,14.4883365631,246.301727295,141.984649658,250.794845581,1.76635181904,2057.12133789,3633.60009766,False
HUN,2025,3357,MFH_1960_1979_Debrecen_ren381,UNKNOWN,5,AB_SMALL,1960,1979,17,12.500951767,212.516174316,141.984649658,250.794845581,1.76635181904,1774.9432373,3135.17431641,False
HUN,2025,3358,MFH_1960_1979_Debrecen_ren381,UNKNOWN,5,AB_SMALL,1960,1979,17,0.589454829693,10.020731926,141.984649658,224.699523926,1.58256208897,83.6935348511,132.45022583,False
HUN,2025,4445,MFH_1960_1979_Debrecen_ren182,UNKNOWN,5,AB_SMALL,1960,1979,17,51.8702201843,881.793762207,141.984649658,677.330505371,4.77044868469,7364.77490234,35133.28125,False
HUN,2025,4446,MFH_1960_1979_Debrecen_ren182,UNKNOWN,5,AB_SMALL,1960,1979,17,60.5384902954,1029.15429688,141.984649658,242.725097656,1.70951652527,8595.53613281,14694.2109375,False
HUN,2025,4447,MFH_1960_1979_Debrecen_ren182,UNKNOWN,5,AB_SMALL,1960,1979,17,11.1013183594,188.722412109,141.984649658,355.174255371,2.5014975071,1576.21679688,3942.90258789,False
HUN,2025,4448,MFH_1960_1979_Debrecen_ren182,UNKNOWN,5,AB_SMALL,1960,1979,17,34.5651550293,587.607666016,141.984649658,262.204864502,1.84671270847,4907.72119141,9063.15136719,False
HUN,2025,4449,MFH_1960_1979_Debrecen_ren183,UNKNOWN,5,AB_SMALL,1960,1979,17,71.8946685791,1222.20935059,141.984649658,545.944946289,3.84509849548,10207.9394531,39250.53125,False
HUN,2025,4450,MFH_1960_1979_Debrecen_ren183,UNKNOWN,5,AB_SMALL,1960,1979,17,79.4400634766,1350.4810791,141.984649658,253.664428711,1.78656232357,11279.2695312,20151.1191406,False
HUN,2025,4451,MFH_1960_1979_Debrecen_ren183,UNKNOWN,5,AB_SMALL,1960,1979,17,16.9274864197,287.767272949,141.984649658,268.32421875,1.88981151581,2403.44311523,4542.0546875,False
HUN,2025,4452,MFH_1960_1979_Debrecen_ren183,UNKNOWN,5,AB_SMALL,1960,1979,17,3.85364532471,65.51197052,141.984649658,225.764434814,1.59006226063,547.158508301,870.016052246,False
HUN,2025,4453,MFH_1960_1979_Debrecen_ren184,UNKNOWN,5,AB_SMALL,1960,1979,17,6.05189657211,102.882240295,141.984649658,677.330505371,4.77044868469,859.276428223,4099.13427734,False
HUN,2025,4454,MFH_1960_1979_Debrecen_ren184,UNKNOWN,5,AB_SMALL,1960,1979,17,6.69416809082,113.800857544,141.984649658,242.725097656,1.70951652527,950.469116211,1624.84265137,False
HUN,2025,4455,MFH_1960_1979_Debrecen_ren184,UNKNOWN,5,AB_SMALL,1960,1979,17,1.20179998875,20.4305992126,141.984649658,355.174255371,2.5014975071,170.637145996,426.848419189,False
HUN,2025,4456,MFH_1960_1979_Debrecen_ren184,UNKNOWN,5,AB_SMALL,1960,1979,17,3.5401930809,60.1832809448,141.984649658,262.204864502,1.84671270847,502.653076172,928.255859375,False
HUN,2025,4457,MFH_1960_1979_Debrecen_ren185,UNKNOWN,5,AB_SMALL,1960,1979,17,4.69720888138,79.8525543213,141.984649658,545.944946289,3.84509849548,666.93157959,2564.41748047,False
HUN,2025,4458,MFH_1960_1979_Debrecen_ren185,UNKNOWN,5,AB_SMALL,1960,1979,17,5.25931501389,89.4083557129,141.984649658,253.664428711,1.78656232357,746.742004395,1334.10119629,False
HUN,2025,4459,MFH_1960_1979_Debrecen_ren185,UNKNOWN,5,AB_SMALL,1960,1979,17,1.12728607655,19.1638641357,141.984649658,268.32421875,1.88981151581,160.057312012,302.478149414,False
HUN,2025,4460,MFH_1960_1979_Debrecen_ren185,UNKNOWN,5,AB_SMALL,1960,1979,17,0.298364013433,5.07218837738,141.984649658,225.764434814,1.59006226063,42.3631095886,67.3599853516,False
HUN,2025,4461,MFH_1960_1979_Debrecen_ren186,UNKNOWN,5,AB_SMALL,1960,1979,17,7.57982873917,128.857086182,141.984649658,237.54486084,1.67303204536,1076.21936035,1800.54931641,False
HUN,2025,4462,MFH_1960_1979_Debrecen_ren186,UNKNOWN,5,AB_SMALL,1960,1979,17,4.33848237991,73.7542037964,141.984649658,237.54486084,1.67303204536,615.997924805,1030.58422852,False
HUN,2025,4463,MFH_1960_1979_Debrecen_ren186,UNKNOWN,5,AB_SMALL,1960,1979,17,0.902100980282,15.3357162476,141.984649658,237.54486084,1.67303204536,128.084487915,214.289459229,False
HUN,2025,4464,MFH_1960_1979_Debrecen_ren186,UNKNOWN,5,AB_SMALL,1960,1979,17,2.42967915535,41.3045463562,141.984649658,229.92300415,1.61935114861,344.977142334,558.639160156,False
HUN,2025,4465,MFH_1960_1979_Debrecen_ren187,UNKNOWN,5,AB_SMALL,1960,1979,17,4.81900501251,81.9230880737,141.984649658,206.691314697,1.4557299614,684.224731445,996.046508789,False
HUN,2025,4466,MFH_1960_1979_Debrecen_ren187,UNKNOWN,5,AB_SMALL,1960,1979,17,3.81412696838,64.8401565552,141.984649658,207.919082642,1.46437716484,541.547485352,793.029785156,False
HUN,2025,4467,MFH_1960_1979_Debrecen_ren187,UNKNOWN,5,AB_SMALL,1960,1979,17,0.703141987324,11.9534139633,141.984649658,206.691314697,1.4557299614,99.8353652954,145.333343506,False
HUN,2025,4468,MFH_1960_1979_Debrecen_ren187,UNKNOWN,5,AB_SMALL,1960,1979,17,0.138089999557,2.34752988815,141.984649658,208.104614258,1.46568393707,19.6066608429,28.737165451,False
HUN,2025,5133,MFH_1960_1979_Debrecen_ren380,UNKNOWN,5,AB_SMALL,1960,1979,17,0.34361499548,5.84145498276,141.984649658,272.845703125,1.92165637016,48.7880554199,93.7538757324,False
HUN,2025,5134,MFH_1960_1979_Debrecen_ren380,UNKNOWN,5,AB_SMALL,1960,1979,17,0.21148699522,3.59527897835,141.984649658,272.845703125,1.92165637016,30.0279064178,57.7033195496,False
HUN,2025,5135,MFH_1960_1979_Debrecen_ren380,UNKNOWN,5,AB_SMALL,1960,1979,17,0.0382569991052,0.650368988514,141.984649658,272.793640137,1.92128968239,5.43190670013,10.4362659454,False
HUN,2025,5136,MFH_1960_1979_Debrecen_ren380,UNKNOWN,5,AB_SMALL,1960,1979,17,0.0887460038066,1.50868201256,141.984649658,252.458786011,1.77807092667,12.6005706787,22.4047088623,False
HUN,2025,5137,MFH_1960_1979_Debrecen_ren381,UNKNOWN,5,AB_SMALL,1960,1979,17,47.7355880737,811.505004883,141.984649658,250.794845581,1.76635181904,6777.72070312,11971.8398438,False
HUN,2025,5138,MFH_1960_1979_Debrecen_ren381,UNKNOWN,5,AB_SMALL,1960,1979,17,29.752368927,505.790283203,141.984649658,250.794845581,1.76635181904,4224.37988281,7461.74072266,False
HUN,2025,5139,MFH_1960_1979_Debrecen_ren381,UNKNOWN,5,AB_SMALL,1960,1979,17,8.44267559052,143.525482178,141.984649658,250.794845581,1.76635181904,1198.73034668,2117.37963867,False
HUN,2025,5140,MFH_1960_1979_Debrecen_ren381,UNKNOWN,5,AB_SMALL,1960,1979,17,1.99289989471,33.8792991638,141.984649658,224.699523926,1.58256208897,282.961181641,447.803649902,False
HUN,2025,188,MFH_1980_1989_Debrecen_ren188,UNKNOWN,5,AB_SMALL,1980,1989,17,566.540039062,9631.18066406,141.984649658,593.612426758,4.18082094193,80439.9921875,336305.21875,False
HUN,2025,189,MFH_1980_1989_Debrecen_ren189,UNKNOWN,5,AB_SMALL,1980,1989,17,703.36126709,11957.1416016,141.984649658,507.724090576,3.57590842247,99866.5,357113.46875,False
HUN,2025,190,MFH_1980_1989_Debrecen_ren190,UNKNOWN,5,AB_SMALL,1980,1989,17,13.6557207108,232.147247314,141.984649658,593.612426758,4.18082094193,1938.90270996,8106.20556641,False
HUN,2025,191,MFH_1980_1989_Debrecen_ren191,UNKNOWN,5,AB_SMALL,1980,1989,17,7.83490610123,133.193405151,141.984649658,507.724090576,3.57590842247,1112.43640137,3977.97045898,False
HUN,2025,192,MFH_1980_1989_Debrecen_ren192,UNKNOWN,5,AB_SMALL,1980,1989,17,9.80339050293,166.65763855,141.984649658,227.067276001,1.59923815727,1391.9309082,2226.02929688,False
HUN,2025,193,MFH_1980_1989_Debrecen_ren193,UNKNOWN,5,AB_SMALL,1980,1989,17,6.57755088806,111.818367004,141.984649658,201.425125122,1.41864013672,933.911254883,1324.8840332,False
HUN,2025,382,MFH_1980_1989_Debrecen_ren382,UNKNOWN,5,AB_SMALL,1980,1989,17,0.542486548424,9.22227096558,141.984649658,268.409057617,1.89040899277,77.0247650146,145.608306885,False
HUN,2025,383,MFH_1980_1989_Debrecen_ren383,UNKNOWN,5,AB_SMALL,1980,1989,17,0.376738160849,6.40454864502,141.984649658,249.483459473,1.7571157217,53.4910354614,93.9899368286,False
HUN,2025,1224,MFH_1980_1989_Debrecen_ren188,UNKNOWN,5,AB_SMALL,1980,1989,17,15.6620368958,266.254638672,141.984649658,593.612426758,4.18082094193,2223.76879883,9297.1796875,False
HUN,2025,1225,MFH_1980_1989_Debrecen_ren188,UNKNOWN,5,AB_SMALL,1980,1989,17,6.77630805969,115.197235107,141.984649658,236.057342529,1.66255533695,962.131713867,1599.59729004,False
HUN,2025,1226,MFH_1980_1989_Debrecen_ren188,UNKNOWN,5,AB_SMALL,1980,1989,17,4.37159538269,74.3171234131,141.984649658,289.234039307,2.03707957268,620.699462891,1264.41418457,False
HUN,2025,1227,MFH_1980_1989_Debrecen_ren188,UNKNOWN,5,AB_SMALL,1980,1989,17,3.58053445816,60.8690872192,141.984649658,241.497070312,1.70086741447,508.38092041,864.688598633,False
HUN,2025,1228,MFH_1980_1989_Debrecen_ren189,UNKNOWN,5,AB_SMALL,1980,1989,17,21.7008628845,368.914672852,141.984649658,507.724090576,3.57590842247,3081.18945312,11018.0507812,False
HUN,2025,1229,MFH_1980_1989_Debrecen_ren189,UNKNOWN,5,AB_SMALL,1980,1989,17,7.42662143707,126.252563477,141.984649658,259.618560791,1.82849740982,1054.46618652,1928.08874512,False
HUN,2025,1230,MFH_1980_1989_Debrecen_ren189,UNKNOWN,5,AB_SMALL,1980,1989,17,5.11115407944,86.8896179199,141.984649658,228.245788574,1.60753846169,725.705444336,1166.59936523,False
HUN,2025,1231,MFH_1980_1989_Debrecen_ren189,UNKNOWN,5,AB_SMALL,1980,1989,17,4.04977369308,68.8461532593,141.984649658,226.737945557,1.59691870213,575.00567627,918.237365723,False
HUN,2025,1232,MFH_1980_1989_Debrecen_ren190,UNKNOWN,5,AB_SMALL,1980,1989,17,0.407664000988,6.93028783798,141.984649658,593.612426758,4.18082094193,57.8820304871,241.994415283,False
HUN,2025,1233,MFH_1980_1989_Debrecen_ren190,UNKNOWN,5,AB_SMALL,1980,1989,17,0.187180712819,3.18207216263,141.984649658,236.057342529,1.66255533695,26.5767879486,44.185382843,False
HUN,2025,1234,MFH_1980_1989_Debrecen_ren190,UNKNOWN,5,AB_SMALL,1980,1989,17,0.119553364813,2.03240728378,141.984649658,289.234039307,2.03707957268,16.9747428894,34.5789031982,False
HUN,2025,1235,MFH_1980_1989_Debrecen_ren190,UNKNOWN,5,AB_SMALL,1980,1989,17,0.103116489947,1.75298035145,141.984649658,241.497070312,1.70086741447,14.640958786,24.9023303986,False
HUN,2025,1236,MFH_1980_1989_Debrecen_ren191,UNKNOWN,5,AB_SMALL,1980,1989,17,0.514554977417,8.74743461609,141.984649658,507.724090576,3.57590842247,73.0589065552,261.251953125,False
HUN,2025,1237,MFH_1980_1989_Debrecen_ren191,UNKNOWN,5,AB_SMALL,1980,1989,17,0.182698473334,3.10587406158,141.984649658,259.618560791,1.82849740982,25.9403781891,47.4319152832,False
HUN,2025,1238,MFH_1980_1989_Debrecen_ren191,UNKNOWN,5,AB_SMALL,1980,1989,17,0.125090971589,2.12654662132,141.984649658,228.245788574,1.60753846169,17.7609977722,28.551486969,False
HUN,2025,1239,MFH_1980_1989_Debrecen_ren191,UNKNOWN,5,AB_SMALL,1980,1989,17,0.101766347885,1.73002791405,141.984649658,226.737945557,1.59691870213,14.4492588043,23.0742931366,False
HUN,2025,1752,MFH_1980_1989_Debrecen_ren383,UNKNOWN,5,AB_SMALL,1980,1989,17,0.00213993689977,0.0363789275289,141.984649658,249.483459473,1.7571157217,0.303838193417,0.533878862858,False
HUN,2025,1753,MFH_1980_1989_Debrecen_ren383,UNKNOWN,5,AB_SMALL,1980,1989,17,0.000466712546768,0.00793411303312,141.984649658,249.216430664,1.75523507595,0.066266015172,0.116312436759,False
HUN,2025,1754,MFH_1980_1989_Debrecen_ren383,UNKNOWN,5,AB_SMALL,1980,1989,17,0.000370771624148,0.00630311761051,141.984649658,242.521331787,1.70808136463,0.0526438802481,0.0899200290442,False
HUN,2025,1755,MFH_1980_1989_Debrecen_ren383,UNKNOWN,5,AB_SMALL,1980,1989,17,0.00022286271269,0.00378866610117,141.984649658,228.6043396,1.61006379128,0.0316430851817,0.0509473830462,False
HUN,2025,2755,MFH_1980_1989_Debrecen_ren188,UNKNOWN,5,AB_SMALL,1980,1989,17,30.8403320312,524.285644531,141.984649658,593.612426758,4.18082094193,4378.85351562,18307.2050781,False
HUN,2025,2756,MFH_1980_1989_Debrecen_ren188,UNKNOWN,5,AB_SMALL,1980,1989,17,13.4851646423,229.247802734,141.984649658,236.057342529,1.66255533695,1914.68640137,3183.2722168,False
HUN,2025,2757,MFH_1980_1989_Debrecen_ren188,UNKNOWN,5,AB_SMALL,1980,1989,17,8.87391853333,150.856613159,141.984649658,289.234039307,2.03707957268,1259.96020508,2566.6394043,False
HUN,2025,2758,MFH_1980_1989_Debrecen_ren188,UNKNOWN,5,AB_SMALL,1980,1989,17,6.70208024979,113.93536377,141.984649658,241.497070312,1.70086741447,951.592529297,1618.53271484,False
HUN,2025,2759,MFH_1980_1989_Debrecen_ren189,UNKNOWN,5,AB_SMALL,1980,1989,17,45.3971099854,771.750854492,141.984649658,507.724090576,3.57590842247,6445.69287109,23049.2070312,False
HUN,2025,2760,MFH_1980_1989_Debrecen_ren189,UNKNOWN,5,AB_SMALL,1980,1989,17,15.8061466217,268.704498291,141.984649658,259.618560791,1.82849740982,2244.23022461,4103.56884766,False
HUN,2025,2761,MFH_1980_1989_Debrecen_ren189,UNKNOWN,5,AB_SMALL,1980,1989,17,11.0529603958,187.90032959,141.984649658,228.245788574,1.60753846169,1569.35070801,2522.79174805,False
HUN,2025,2762,MFH_1980_1989_Debrecen_ren189,UNKNOWN,5,AB_SMALL,1980,1989,17,8.22533130646,139.830627441,141.984649658,226.737945557,1.59691870213,1167.87072754,1864.99475098,False
HUN,2025,2763,MFH_1980_1989_Debrecen_ren191,UNKNOWN,5,AB_SMALL,1980,1989,17,1.09028828144,18.5349006653,141.984649658,507.724090576,3.57590842247,154.804199219,553.565612793,False
HUN,2025,2764,MFH_1980_1989_Debrecen_ren191,UNKNOWN,5,AB_SMALL,1980,1989,17,0.385240793228,6.54909324646,141.984649658,259.618560791,1.82849740982,54.6982803345,100.015663147,False
HUN,2025,2765,MFH_1980_1989_Debrecen_ren191,UNKNOWN,5,AB_SMALL,1980,1989,17,0.268268585205,4.56056594849,141.984649658,228.245788574,1.60753846169,38.0900192261,61.231174469,False
HUN,2025,2766,MFH_1980_1989_Debrecen_ren191,UNKNOWN,5,AB_SMALL,1980,1989,17,0.204093754292,3.46959376335,141.984649658,226.737945557,1.59691870213,28.9781799316,46.2757987976,False
HUN,2025,2767,MFH_1980_1989_Debrecen_ren192,UNKNOWN,5,AB_SMALL,1980,1989,17,1.12484431267,19.1223526001,141.984649658,227.067276001,1.59923815727,159.710632324,255.415328979,False
HUN,2025,2768,MFH_1980_1989_Debrecen_ren192,UNKNOWN,5,AB_SMALL,1980,1989,17,0.281437158585,4.78443145752,141.984649658,227.067276001,1.59923815727,39.9597549438,63.9051704407,False
HUN,2025,2769,MFH_1980_1989_Debrecen_ren192,UNKNOWN,5,AB_SMALL,1980,1989,17,0.218997523189,3.7229578495,141.984649658,227.067276001,1.59923815727,31.094285965,49.7271728516,False
HUN,2025,2770,MFH_1980_1989_Debrecen_ren192,UNKNOWN,5,AB_SMALL,1980,1989,17,0.131817907095,2.24090433121,141.984649658,225.008636475,1.58473920822,18.7161197662,29.6601676941,False
HUN,2025,3359,MFH_1980_1989_Debrecen_ren382,UNKNOWN,5,AB_SMALL,1980,1989,17,0.0021935380064,0.0372901447117,141.984649658,268.409057617,1.89040899277,0.311448723078,0.588765442371,False
HUN,2025,3360,MFH_1980_1989_Debrecen_ren382,UNKNOWN,5,AB_SMALL,1980,1989,17,0.000543735630345,0.0092435060069,141.984649658,268.409057617,1.89040899277,0.0772021114826,0.145943567157,False
HUN,2025,3361,MFH_1980_1989_Debrecen_ren382,UNKNOWN,5,AB_SMALL,1980,1989,17,0.000426792481449,0.00725547224283,141.984649658,267.736541748,1.88567245007,0.0605979822576,0.11426794529,False
HUN,2025,3362,MFH_1980_1989_Debrecen_ren382,UNKNOWN,5,AB_SMALL,1980,1989,17,0.000200902315555,0.00341533939354,141.984649658,249.903900146,1.76007688046,0.0285250451416,0.0502062737942,False
HUN,2025,4469,MFH_1980_1989_Debrecen_ren188,UNKNOWN,5,AB_SMALL,1980,1989,17,30.4323596954,517.350097656,141.984649658,593.612426758,4.18082094193,4320.92773438,18065.0273438,False
HUN,2025,4470,MFH_1980_1989_Debrecen_ren188,UNKNOWN,5,AB_SMALL,1980,1989,17,25.9026794434,440.345550537,141.984649658,236.057342529,1.66255533695,3677.78295898,6114.51757812,False
HUN,2025,4471,MFH_1980_1989_Debrecen_ren188,UNKNOWN,5,AB_SMALL,1980,1989,17,4.90342617035,83.3582458496,141.984649658,289.234039307,2.03707957268,696.211242676,1418.23779297,False
HUN,2025,4472,MFH_1980_1989_Debrecen_ren188,UNKNOWN,5,AB_SMALL,1980,1989,17,14.469083786,245.97442627,141.984649658,241.497070312,1.70086741447,2054.38769531,3494.24145508,False
HUN,2025,4473,MFH_1980_1989_Debrecen_ren189,UNKNOWN,5,AB_SMALL,1980,1989,17,43.3340187073,736.678344727,141.984649658,507.724090576,3.57590842247,6152.765625,22001.7246094,False
HUN,2025,4474,MFH_1980_1989_Debrecen_ren189,UNKNOWN,5,AB_SMALL,1980,1989,17,29.8238391876,507.005279541,141.984649658,259.618560791,1.82849740982,4234.52734375,7742.82226562,False
HUN,2025,4475,MFH_1980_1989_Debrecen_ren189,UNKNOWN,5,AB_SMALL,1980,1989,17,5.57473373413,94.7704772949,141.984649658,228.245788574,1.60753846169,791.526611328,1272.4095459,False
HUN,2025,4476,MFH_1980_1989_Debrecen_ren189,UNKNOWN,5,AB_SMALL,1980,1989,17,17.1409111023,291.395477295,141.984649658,226.737945557,1.59691870213,2433.74633789,3886.49487305,False
HUN,2025,4477,MFH_1980_1989_Debrecen_ren190,UNKNOWN,5,AB_SMALL,1980,1989,17,1.60766792297,27.3303546906,141.984649658,593.612426758,4.18082094193,228.264160156,954.331665039,False
HUN,2025,4478,MFH_1980_1989_Debrecen_ren190,UNKNOWN,5,AB_SMALL,1980,1989,17,1.35437500477,23.0243759155,141.984649658,236.057342529,1.66255533695,192.300460815,319.710174561,False
HUN,2025,4479,MFH_1980_1989_Debrecen_ren190,UNKNOWN,5,AB_SMALL,1980,1989,17,0.255082994699,4.3364109993,141.984649658,289.234039307,2.03707957268,36.2178688049,73.7786865234,False
HUN,2025,4480,MFH_1980_1989_Debrecen_ren190,UNKNOWN,5,AB_SMALL,1980,1989,17,0.746484994888,12.6902446747,141.984649658,241.497070312,1.70086741447,105.9894104,180.27394104,False
HUN,2025,4481,MFH_1980_1989_Debrecen_ren191,UNKNOWN,5,AB_SMALL,1980,1989,17,0.865785002708,14.7183446884,141.984649658,507.724090576,3.57590842247,122.92817688,439.57989502,False
HUN,2025,4482,MFH_1980_1989_Debrecen_ren191,UNKNOWN,5,AB_SMALL,1980,1989,17,0.591489970684,10.0553293228,141.984649658,259.618560791,1.82849740982,83.9824981689,153.561767578,False
HUN,2025,4483,MFH_1980_1989_Debrecen_ren191,UNKNOWN,5,AB_SMALL,1980,1989,17,0.110055997968,1.87095201015,141.984649658,228.245788574,1.60753846169,15.6262626648,25.1198177338,False
HUN,2025,4484,MFH_1980_1989_Debrecen_ren191,UNKNOWN,5,AB_SMALL,1980,1989,17,0.335751980543,5.70778369904,141.984649658,226.737945557,1.59691870213,47.6716270447,76.1277160645,False
HUN,2025,4485,MFH_1980_1989_Debrecen_ren192,UNKNOWN,5,AB_SMALL,1980,1989,17,0.469850987196,7.98746681213,141.984649658,227.067276001,1.59923815727,66.7116241455,106.687782288,False
HUN,2025,4486,MFH_1980_1989_Debrecen_ren192,UNKNOWN,5,AB_SMALL,1980,1989,17,0.243359997869,4.13711977005,141.984649658,227.067276001,1.59923815727,34.5533828735,55.2590904236,False
HUN,2025,4487,MFH_1980_1989_Debrecen_ren192,UNKNOWN,5,AB_SMALL,1980,1989,17,0.0500509999692,0.8508669734,141.984649658,227.067276001,1.59923815727,7.10647392273,11.364944458,False
HUN,2025,4488,MFH_1980_1989_Debrecen_ren192,UNKNOWN,5,AB_SMALL,1980,1989,17,0.135527998209,2.30397605896,141.984649658,225.008636475,1.58473920822,19.2428951263,30.4949703217,False
HUN,2025,4489,MFH_1980_1989_Debrecen_ren193,UNKNOWN,5,AB_SMALL,1980,1989,17,0.933254957199,15.8653345108,141.984649658,201.425125122,1.41864013672,132.507873535,187.981002808,False
HUN,2025,4490,MFH_1980_1989_Debrecen_ren193,UNKNOWN,5,AB_SMALL,1980,1989,17,0.507988989353,8.6358127594,141.984649658,203.014709473,1.42983567715,72.1266403198,103.129234314,False
HUN,2025,4491,MFH_1980_1989_Debrecen_ren193,UNKNOWN,5,AB_SMALL,1980,1989,17,0.0790359973907,1.34361195564,141.984649658,201.425125122,1.41864013672,11.2218980789,15.9198360443,False
HUN,2025,4492,MFH_1980_1989_Debrecen_ren193,UNKNOWN,5,AB_SMALL,1980,1989,17,0.233593016863,3.97108125687,141.984649658,203.192733765,1.43108940125,33.1666221619,47.4644050598,False
HUN,2025,5141,MFH_1980_1989_Debrecen_ren383,UNKNOWN,5,AB_SMALL,1980,1989,17,0.000354999996489,0.00603500008583,141.984649658,249.483459473,1.7571157217,0.050404548645,0.0885666236281,False
HUN,2025,5142,MFH_1980_1989_Debrecen_ren383,UNKNOWN,5,AB_SMALL,1980,1989,17,0.000165999997989,0.00282200006768,141.984649658,249.483459473,1.7571157217,0.023569451645,0.0414142534137,False
HUN,2025,5143,MFH_1980_1989_Debrecen_ren383,UNKNOWN,5,AB_SMALL,1980,1989,17,3.19999999192e-05,0.00054400000954,141.984649658,243.234130859,1.71310162544,0.00454350886866,0.00778349209577,False
HUN,2025,5144,MFH_1980_1989_Debrecen_ren383,UNKNOWN,5,AB_SMALL,1980,1989,17,8.60000000102e-05,0.00146199995652,141.984649658,228.6043396,1.61006379128,0.0122106801718,0.019659973681,False
HUN,2025,176,MFH_1990_2005_Debrecen_ren176,UNKNOWN,5,AB_SMALL,1990,2005,17,4836.60009766,82222.203125,129.184524536,553.723022461,4.28629541397,624813.875,2678136.75,False
HUN,2025,177,MFH_1990_2005_Debrecen_ren177,UNKNOWN,5,AB_SMALL,1990,2005,17,254.774230957,4331.16210938,129.184524536,473.066223145,3.66194200516,32912.8867188,120525.085938,False
HUN,2025,178,MFH_1990_2005_Debrecen_ren178,UNKNOWN,5,AB_SMALL,1990,2005,17,6.94013690948,117.982330322,129.184524536,553.723022461,4.28629541397,896.558288574,3842.91357422,False
HUN,2025,179,MFH_1990_2005_Debrecen_ren179,UNKNOWN,5,AB_SMALL,1990,2005,17,0.703645050526,11.9619655609,129.184524536,473.066223145,3.66194200516,90.9000549316,332.870697021,False
HUN,2025,180,MFH_1990_2005_Debrecen_ren180,UNKNOWN,5,AB_SMALL,1990,2005,17,3.43452143669,58.3868637085,129.184524536,215.343994141,1.66694879532,443.687011719,739.60357666,False
HUN,2025,181,MFH_1990_2005_Debrecen_ren181,UNKNOWN,5,AB_SMALL,1990,2005,17,0.462392866611,7.86067867279,129.184524536,190.564224243,1.47513198853,59.7340011597,88.1155395508,False
HUN,2025,378,MFH_1990_2005_Debrecen_ren378,UNKNOWN,5,AB_SMALL,1990,2005,17,0.213910281658,3.63647484779,129.184524536,254.569152832,1.97058546543,27.6338977814,54.4549598694,False
HUN,2025,379,MFH_1990_2005_Debrecen_ren379,UNKNOWN,5,AB_SMALL,1990,2005,17,0.013939620927,0.236973553896,129.184524536,235.389678955,1.82211983204,1.80078327656,3.28124284744,False
HUN,2025,1192,MFH_1990_2005_Debrecen_ren176,UNKNOWN,5,AB_SMALL,1990,2005,17,41.2637290955,701.483398438,129.184524536,553.723022461,4.28629541397,5330.63525391,22848.6777344,False
HUN,2025,1193,MFH_1990_2005_Debrecen_ren176,UNKNOWN,5,AB_SMALL,1990,2005,17,14.6711034775,249.408752441,129.184524536,268.033172607,2.07480859756,1895.27954102,3932.3425293,False
HUN,2025,1194,MFH_1990_2005_Debrecen_ren176,UNKNOWN,5,AB_SMALL,1990,2005,17,11.0999860764,188.699768066,129.184524536,240.273468018,1.85992455482,1433.94641113,2667.03222656,False
HUN,2025,1195,MFH_1990_2005_Debrecen_ren176,UNKNOWN,5,AB_SMALL,1990,2005,17,8.77898979187,149.242828369,129.184524536,224.301391602,1.73628687859,1134.10961914,1969.13964844,False
HUN,2025,1196,MFH_1990_2005_Debrecen_ren177,UNKNOWN,5,AB_SMALL,1990,2005,17,2.32376098633,39.5039367676,129.184524536,473.066223145,3.66194200516,300.193969727,1099.29284668,False
HUN,2025,1197,MFH_1990_2005_Debrecen_ren177,UNKNOWN,5,AB_SMALL,1990,2005,17,0.777031004429,13.2095270157,129.184524536,249.887771606,1.93434762955,100.380378723,194.170547485,False
HUN,2025,1198,MFH_1990_2005_Debrecen_ren177,UNKNOWN,5,AB_SMALL,1990,2005,17,0.520011007786,8.84018707275,129.184524536,222.407165527,1.72162389755,67.1773757935,115.654174805,False
HUN,2025,1199,MFH_1990_2005_Debrecen_ren177,UNKNOWN,5,AB_SMALL,1990,2005,17,0.391124993563,6.64912509918,129.184524536,213.274215698,1.65092694759,50.5272979736,83.4168777466,False
HUN,2025,1744,MFH_1990_2005_Debrecen_ren379,UNKNOWN,5,AB_SMALL,1990,2005,17,0.0051210001111,0.0870570018888,129.184524536,235.389678955,1.82211983204,0.66155397892,1.20543062687,False
HUN,2025,1745,MFH_1990_2005_Debrecen_ren379,UNKNOWN,5,AB_SMALL,1990,2005,17,0.00109899998643,0.0186829995364,129.184524536,235.389678955,1.82211983204,0.141973793507,0.258693248034,False
HUN,2025,1746,MFH_1990_2005_Debrecen_ren379,UNKNOWN,5,AB_SMALL,1990,2005,17,0.000837999978103,0.014245999977,129.184524536,228.219848633,1.76661908627,0.108256630599,0.191248223186,False
HUN,2025,1747,MFH_1990_2005_Debrecen_ren379,UNKNOWN,5,AB_SMALL,1990,2005,17,0.000487000012072,0.00827900040895,129.184524536,221.626739502,1.71558272839,0.0629128664732,0.10793222487,False
HUN,2025,2723,MFH_1990_2005_Debrecen_ren176,UNKNOWN,5,AB_SMALL,1990,2005,17,91.0210113525,1547.35717773,129.184524536,553.723022461,4.28629541397,11758.5058594,50400.4296875,False
HUN,2025,2724,MFH_1990_2005_Debrecen_ren176,UNKNOWN,5,AB_SMALL,1990,2005,17,32.6042404175,554.272094727,129.184524536,268.033172607,2.07480859756,4211.96337891,8739.01757812,False
HUN,2025,2725,MFH_1990_2005_Debrecen_ren176,UNKNOWN,5,AB_SMALL,1990,2005,17,25.1673202515,427.844451904,129.184524536,240.273468018,1.85992455482,3251.22827148,6047.03955078,False
HUN,2025,2726,MFH_1990_2005_Debrecen_ren176,UNKNOWN,5,AB_SMALL,1990,2005,17,18.2813529968,310.782989502,129.184524536,224.301391602,1.73628687859,2361.66796875,4100.53271484,False
HUN,2025,2727,MFH_1990_2005_Debrecen_ren177,UNKNOWN,5,AB_SMALL,1990,2005,17,6.03355979919,102.570518494,129.184524536,473.066223145,3.66194200516,779.442565918,2854.2734375,False
HUN,2025,2728,MFH_1990_2005_Debrecen_ren177,UNKNOWN,5,AB_SMALL,1990,2005,17,1.97710001469,33.6106987,129.184524536,249.887771606,1.93434762955,255.410720825,494.053131104,False
HUN,2025,2729,MFH_1990_2005_Debrecen_ren177,UNKNOWN,5,AB_SMALL,1990,2005,17,1.35664105415,23.0628986359,129.184524536,222.407165527,1.72162389755,175.257034302,301.72668457,False
HUN,2025,2730,MFH_1990_2005_Debrecen_ren177,UNKNOWN,5,AB_SMALL,1990,2005,17,0.900942027569,15.3160142899,129.184524536,213.274215698,1.65092694759,116.387763977,192.147705078,False
HUN,2025,4433,MFH_1990_2005_Debrecen_ren176,UNKNOWN,5,AB_SMALL,1990,2005,17,113.741218567,1933.60070801,129.184524536,553.723022461,4.28629541397,14693.6054688,62981.1328125,False
HUN,2025,4434,MFH_1990_2005_Debrecen_ren176,UNKNOWN,5,AB_SMALL,1990,2005,17,81.1319885254,1379.24377441,129.184524536,268.033172607,2.07480859756,10480.9970703,21746.0644531,False
HUN,2025,4435,MFH_1990_2005_Debrecen_ren176,UNKNOWN,5,AB_SMALL,1990,2005,17,17.7992935181,302.587982178,129.184524536,240.273468018,1.85992455482,2299.39331055,4276.69775391,False
HUN,2025,4436,MFH_1990_2005_Debrecen_ren176,UNKNOWN,5,AB_SMALL,1990,2005,17,50.6784477234,861.533630371,129.184524536,224.304382324,1.73631000519,6546.87109375,11367.3974609,False
HUN,2025,4437,MFH_1990_2005_Debrecen_ren177,UNKNOWN,5,AB_SMALL,1990,2005,17,5.74693489075,97.6978912354,129.184524536,473.066223145,3.66194200516,742.415039062,2718.68066406,False
HUN,2025,4438,MFH_1990_2005_Debrecen_ren177,UNKNOWN,5,AB_SMALL,1990,2005,17,3.81637907028,64.8784408569,129.184524536,249.887771606,1.93434762955,493.017120361,953.666442871,False
HUN,2025,4439,MFH_1990_2005_Debrecen_ren177,UNKNOWN,5,AB_SMALL,1990,2005,17,0.67713201046,11.5112438202,129.184524536,222.407165527,1.72162389755,87.4749755859,150.599014282,False
HUN,2025,4440,MFH_1990_2005_Debrecen_ren177,UNKNOWN,5,AB_SMALL,1990,2005,17,2.00168895721,34.0287132263,129.184524536,213.274108887,1.65092611313,258.587249756,426.908416748,False
HUN,2025,4441,MFH_1990_2005_Debrecen_ren180,UNKNOWN,5,AB_SMALL,1990,2005,17,0.641551971436,10.9063835144,129.184524536,215.343994141,1.66694879532,82.8785858154,138.15435791,False
HUN,2025,4442,MFH_1990_2005_Debrecen_ren180,UNKNOWN,5,AB_SMALL,1990,2005,17,0.332383006811,5.6505112648,129.184524536,215.410827637,1.66746616364,42.9387397766,71.5988998413,False
HUN,2025,4443,MFH_1990_2005_Debrecen_ren180,UNKNOWN,5,AB_SMALL,1990,2005,17,0.0644449964166,1.09556496143,129.184524536,215.211578369,1.66592383385,8.32529640198,13.8693094254,False
HUN,2025,4444,MFH_1990_2005_Debrecen_ren180,UNKNOWN,5,AB_SMALL,1990,2005,17,0.170000001788,2.8900001049,129.184524536,214.359680176,1.65932941437,21.9613685608,36.4411468506,False
HUN,2025,5129,MFH_1990_2005_Debrecen_ren379,UNKNOWN,5,AB_SMALL,1990,2005,17,0.000852000026498,0.0144840003923,129.184524536,235.389678955,1.82211983204,0.110065221786,0.200552016497,False
HUN,2025,5130,MFH_1990_2005_Debrecen_ren379,UNKNOWN,5,AB_SMALL,1990,2005,17,0.000391999987187,0.0066639999859,129.184524536,235.389678955,1.82211983204,0.0506403334439,0.0922727510333,False
HUN,2025,5131,MFH_1990_2005_Debrecen_ren379,UNKNOWN,5,AB_SMALL,1990,2005,17,7.20000025467e-05,0.00122400000691,129.184524536,228.890258789,1.77180862427,0.00930128619075,0.0164800994098,False
HUN,2025,5132,MFH_1990_2005_Debrecen_ren379,UNKNOWN,5,AB_SMALL,1990,2005,17,0.000192000006791,0.00326400017366,129.184524536,221.626739502,1.71558272839,0.024803429842,0.0425523370504,False
HUN,2025,168,MFH_2006_2008_Debrecen_ren168,UNKNOWN,5,AB_SMALL,2006,2008,17,4636.06640625,78813.125,129.184524536,420.728668213,3.25680398941,598908.0625,1950526,False
HUN,2025,1160,MFH_2006_2008_Debrecen_ren168,UNKNOWN,5,AB_SMALL,2006,2008,17,3.92439508438,66.7147140503,129.184524536,420.728668213,3.25680398941,506.971099854,1651.10546875,False
HUN,2025,1161,MFH_2006_2008_Debrecen_ren168,UNKNOWN,5,AB_SMALL,2006,2008,17,1.27918100357,21.7460765839,129.184524536,236.509811401,1.83079063892,165.250396729,302.538848877,False
HUN,2025,1162,MFH_2006_2008_Debrecen_ren168,UNKNOWN,5,AB_SMALL,2006,2008,17,0.841307997704,14.3022356033,129.184524536,209.795272827,1.62399697304,108.68397522,176.502441406,False
HUN,2025,1163,MFH_2006_2008_Debrecen_ren168,UNKNOWN,5,AB_SMALL,2006,2008,17,0.527750015259,8.9717502594,129.184524536,205.409301758,1.59004569054,68.1771316528,108.404762268,False
HUN,2025,2691,MFH_2006_2008_Debrecen_ren168,UNKNOWN,5,AB_SMALL,2006,2008,17,14.9953651428,254.921203613,129.184524536,420.728668213,3.25680398941,1937.16906738,6308.97998047,False
HUN,2025,2692,MFH_2006_2008_Debrecen_ren168,UNKNOWN,5,AB_SMALL,2006,2008,17,4.99555397034,84.9244155884,129.184524536,236.509811401,1.83079063892,645.348266602,1181.49755859,False
HUN,2025,2693,MFH_2006_2008_Debrecen_ren168,UNKNOWN,5,AB_SMALL,2006,2008,17,3.35421991348,57.0217399597,129.184524536,209.795272827,1.62399697304,433.313293457,703.699462891,False
HUN,2025,2694,MFH_2006_2008_Debrecen_ren168,UNKNOWN,5,AB_SMALL,2006,2008,17,1.95256197453,33.1935539246,129.184524536,205.409301758,1.59004569054,252.240783691,401.074401855,False
HUN,2025,4401,MFH_2006_2008_Debrecen_ren168,UNKNOWN,5,AB_SMALL,2006,2008,17,24.863910675,422.68649292,129.184524536,420.728668213,3.25680398941,3212.0324707,10460.9599609,False
HUN,2025,4402,MFH_2006_2008_Debrecen_ren168,UNKNOWN,5,AB_SMALL,2006,2008,17,16.8944129944,287.20501709,129.184524536,236.509811401,1.83079063892,2182.49682617,3995.69433594,False
HUN,2025,4403,MFH_2006_2008_Debrecen_ren168,UNKNOWN,5,AB_SMALL,2006,2008,17,2.88559603691,49.0551338196,129.184524536,209.795272827,1.62399697304,372.774353027,605.384399414,False
HUN,2025,4404,MFH_2006_2008_Debrecen_ren168,UNKNOWN,5,AB_SMALL,2006,2008,17,7.70113277435,130.919250488,129.184524536,205.409301758,1.59004569054,994.8671875,1581.88427734,False
HUN,2025,169,MFH_2008_2012_Debrecen169,UNKNOWN,5,AB_SMALL,2008,2012,17,1878.15124512,31928.5703125,134.801239014,171.497314453,1.2722235918,253177.109375,322097.90625,False
HUN,2025,375,MFH_2008_2012_Debrecen375,UNKNOWN,5,AB_SMALL,2008,2012,17,153.538925171,2610.16162109,134.801239014,219.537139893,1.62859880924,20697.2382812,33707.4960938,False
HUN,2025,1164,MFH_2008_2012_Debrecen169,UNKNOWN,5,AB_SMALL,2008,2012,17,0.889876008034,15.1278924942,134.801239014,171.497314453,1.2722235918,119.956390381,152.611343384,False
HUN,2025,1165,MFH_2008_2012_Debrecen169,UNKNOWN,5,AB_SMALL,2008,2012,17,0.33325201273,5.6652841568,134.801239014,172.783660889,1.28176617622,44.9227828979,57.5805015564,False
HUN,2025,1166,MFH_2008_2012_Debrecen169,UNKNOWN,5,AB_SMALL,2008,2012,17,0.24006099999,4.08103704453,134.801239014,171.497314453,1.2722235918,32.3605194092,41.1698150635,False
HUN,2025,1167,MFH_2008_2012_Debrecen169,UNKNOWN,5,AB_SMALL,2008,2012,17,0.173130005598,2.94321012497,134.801239014,173.029998779,1.28359353542,23.3381385803,29.9566841125,False
HUN,2025,2695,MFH_2008_2012_Debrecen169,UNKNOWN,5,AB_SMALL,2008,2012,17,4.6646027565,79.298248291,134.801239014,171.497314453,1.2722235918,628.794250488,799.96685791,False
HUN,2025,2696,MFH_2008_2012_Debrecen169,UNKNOWN,5,AB_SMALL,2008,2012,17,1.56390309334,26.586353302,134.801239014,172.783660889,1.28176617622,210.816070557,270.216888428,False
HUN,2025,2697,MFH_2008_2012_Debrecen169,UNKNOWN,5,AB_SMALL,2008,2012,17,1.27727293968,21.713640213,134.801239014,171.497314453,1.2722235918,172.177978516,219.048873901,False
HUN,2025,2698,MFH_2008_2012_Debrecen169,UNKNOWN,5,AB_SMALL,2008,2012,17,0.678336977959,11.5317287445,134.801239014,173.029998779,1.28359353542,91.4406661987,117.372650146,False
HUN,2025,3339,MFH_2008_2012_Debrecen375,UNKNOWN,5,AB_SMALL,2008,2012,17,0.475252002478,8.07928371429,134.801239014,219.537139893,1.62859880924,64.0645599365,104.335464478,False
HUN,2025,3340,MFH_2008_2012_Debrecen375,UNKNOWN,5,AB_SMALL,2008,2012,17,0.134464994073,2.28590488434,134.801239014,219.537139893,1.62859880924,18.1260471344,29.5200595856,False
HUN,2025,3341,MFH_2008_2012_Debrecen375,UNKNOWN,5,AB_SMALL,2008,2012,17,0.134056001902,2.27895212173,134.801239014,216.767669678,1.60805404186,18.0709152222,29.0590076447,False
HUN,2025,3342,MFH_2008_2012_Debrecen375,UNKNOWN,5,AB_SMALL,2008,2012,17,0.0746389999986,1.26886296272,134.801239014,207.22694397,1.53727769852,10.0614299774,15.4672117233,False
HUN,2025,4405,MFH_2008_2012_Debrecen169,UNKNOWN,5,AB_SMALL,2008,2012,17,7.11129426956,120.89200592,134.801239014,171.497314453,1.2722235918,958.61126709,1219.56787109,False
HUN,2025,4406,MFH_2008_2012_Debrecen169,UNKNOWN,5,AB_SMALL,2008,2012,17,5.12469577789,87.1198272705,134.801239014,172.783660889,1.28176617622,690.815368652,885.463684082,False
HUN,2025,4407,MFH_2008_2012_Debrecen169,UNKNOWN,5,AB_SMALL,2008,2012,17,1.08944511414,18.5205669403,134.801239014,171.497314453,1.2722235918,146.858551025,186.836914062,False
HUN,2025,4408,MFH_2008_2012_Debrecen169,UNKNOWN,5,AB_SMALL,2008,2012,17,2.58887577057,44.010887146,134.801239014,173.029998779,1.28359353542,348.983673096,447.953186035,False
HUN,2025,5117,MFH_2008_2012_Debrecen375,UNKNOWN,5,AB_SMALL,2008,2012,17,1.54122197628,26.2007732391,134.801239014,219.537139893,1.62859880924,207.758636475,338.35546875,False
HUN,2025,5118,MFH_2008_2012_Debrecen375,UNKNOWN,5,AB_SMALL,2008,2012,17,0.925702929497,15.7369499207,134.801239014,219.537139893,1.62859880924,124.785903931,203.22618103,False
HUN,2025,5119,MFH_2008_2012_Debrecen375,UNKNOWN,5,AB_SMALL,2008,2012,17,0.252734005451,4.29647827148,134.801239014,216.767669678,1.60805404186,34.0688552856,54.7845611572,False
HUN,2025,5120,MFH_2008_2012_Debrecen375,UNKNOWN,5,AB_SMALL,2008,2012,17,0.565958976746,9.62130260468,134.801239014,207.22694397,1.53727769852,76.2919692993,117.281951904,False
HUN,2025,597,MFH_1_MFH_2009_2013,UNKNOWN,5,AB_SMALL,2013,2019,17,3257.92480469,55384.7226562,134.801239014,171.497314453,1.2722235918,439172.3125,558725.375,False
HUN,2025,601,MFH_1_MFH_2009_2013,UNKNOWN,5,AB_SMALL,2013,2019,17,270.642456055,4600.921875,134.801239014,219.537139893,1.62859880924,36482.9375,59416.0703125,False
HUN,2025,5645,MFH_1_MFH_2009_2013,UNKNOWN,5,AB_SMALL,2013,2019,17,4.77988815308,81.258102417,134.801239014,171.497314453,1.2722235918,644.334838867,819.737976074,False
HUN,2025,5646,MFH_1_MFH_2009_2013,UNKNOWN,5,AB_SMALL,2013,2019,17,3.4375269413,58.4379577637,134.801239014,172.783660889,1.28176617622,463.382904053,593.948486328,False
HUN,2025,5647,MFH_1_MFH_2009_2013,UNKNOWN,5,AB_SMALL,2013,2019,17,0.731430947781,12.4343261719,134.801239014,171.497314453,1.2722235918,98.5978012085,125.438446045,False
HUN,2025,5648,MFH_1_MFH_2009_2013,UNKNOWN,5,AB_SMALL,2013,2019,17,1.72940599918,29.3999023438,134.801239014,173.029998779,1.28359353542,233.126068115,299.239105225,False
HUN,2025,614,New_MFH_1_MFH,UNKNOWN,5,AB_SMALL,2020,2020,7.54670906067,0,0,143.90687561,426.411682129,2.96310853958,0,0,False
HUN,2025,2076,New_MFH_1_MFH,UNKNOWN,5,AB_SMALL,2020,2020,7.54670906067,0,0,143.90687561,426.411682129,2.96310853958,0,0,False
HUN,2025,2077,New_MFH_1_MFH,UNKNOWN,5,AB_SMALL,2020,2020,7.54670906067,14.9439144135,112.777374268,143.90687561,193.907943726,1.34745430946,2150.53198242,2897.74365234,False
HUN,2025,2078,New_MFH_1_MFH,UNKNOWN,5,AB_SMALL,2020,2020,7.54670906067,13.6675777435,103.145233154,143.90687561,152.736557007,1.06135690212,1966.85839844,2087.53881836,True
HUN,2025,2079,New_MFH_1_MFH,UNKNOWN,5,AB_SMALL,2020,2020,7.54670906067,8.59944725037,64.8975296021,143.90687561,199.969833374,1.38957798481,1237.51953125,1719.63000488,False
HUN,2025,2100,New_MFH_1_MFH,UNKNOWN,5,AB_SMALL,2022,2022,7.54670906067,0,0,143.90687561,426.411682129,2.96310853958,0,0,False
HUN,2025,3763,New_MFH_1_MFH,UNKNOWN,5,AB_SMALL,2022,2022,7.54670906067,0,0,143.90687561,426.411682129,2.96310853958,0,0,False
HUN,2025,3764,New_MFH_1_MFH,UNKNOWN,5,AB_SMALL,2022,2022,7.54670906067,68.0586700439,513.61895752,143.90687561,193.907943726,1.34745430946,9794.11035156,13197.1171875,False
HUN,2025,3765,New_MFH_1_MFH,UNKNOWN,5,AB_SMALL,2022,2022,7.54670906067,62.8622093201,474.402801514,143.90687561,152.736557007,1.06135690212,9046.30371094,9601.35742188,True
HUN,2025,3766,New_MFH_1_MFH,UNKNOWN,5,AB_SMALL,2022,2022,7.54670906067,37.2666282654,281.240386963,143.90687561,199.969833374,1.38957798481,5362.92382812,7452.20166016,False
HUN,2025,3794,New_MFH_1_MFH,UNKNOWN,5,AB_SMALL,2025,2025,7.54670906067,0,0,143.90687561,426.411682129,2.96310853958,0,0,False
HUN,2025,5697,New_MFH_1_MFH,UNKNOWN,5,AB_SMALL,2025,2025,7.54670906067,0,0,143.90687561,426.411682129,2.96310853958,0,0,False
HUN,2025,5698,New_MFH_1_MFH,UNKNOWN,5,AB_SMALL,2025,2025,7.54670906067,171.411941528,1293.59606934,143.90687561,193.907943726,1.34745430946,24667.3574219,33238.1367188,False
HUN,2025,5699,New_MFH_1_MFH,UNKNOWN,5,AB_SMALL,2025,2025,7.54670906067,51.315246582,387.261230469,143.90687561,152.736557007,1.06135690212,7384.61669922,7837.71386719,True
HUN,2025,5700,New_MFH_1_MFH,UNKNOWN,5,AB_SMALL,2025,2025,7.54670906067,105.585296631,796.821533203,143.90687561,199.969833374,1.38957798481,15194.4501953,21113.875,False
HUN,2025,384,SFHdh_1960_1979_Debrecen_ren13_gen2,gen2,2,SFH,1960,1979,1,218322.15625,218322.15625,25.8602523804,131.689712524,5.09236001968,5645866,28750782,False
HUN,2025,385,SFHdh_1960_1979_Debrecen_ren14_gen2,gen2,2,SFH,1960,1979,1,164444.609375,164444.609375,25.8602523804,104.781654358,4.05184173584,4252579,17230778,False
HUN,2025,386,SFHdh_1960_1979_Debrecen_ren15_gen2,gen2,2,SFH,1960,1979,1,24269.75,24269.75,25.8602523804,131.689712524,5.09236001968,627621.875,3196076.5,False
HUN,2025,387,SFHdh_1960_1979_Debrecen_ren16_gen2,gen2,2,SFH,1960,1979,1,11029.0888672,11029.0888672,25.8602523804,104.781654358,4.05184173584,285215.03125,1155646.125,False
HUN,2025,388,SFHdh_1960_1979_Debrecen_ren17_gen2,gen2,2,SFH,1960,1979,1,28394.7519531,28394.7519531,25.8602523804,51.9926605225,2.0105240345,734295.4375,1476318.75,False
HUN,2025,389,SFHdh_1960_1979_Debrecen_ren18_gen2,gen2,2,SFH,1960,1979,1,8174.91210938,8174.91210938,25.8602523804,41.0041427612,1.58560490608,211405.296875,335205.25,False
HUN,2025,540,SFHdh_1960_1979_Debrecen_ren288_gen2,gen2,2,SFH,1960,1979,1,3801.640625,3801.640625,25.8602523804,55.2621765137,2.13695430756,98311.3828125,210086.9375,False
HUN,2025,541,SFHdh_1960_1979_Debrecen_ren289_gen2,gen2,2,SFH,1960,1979,1,1305.0892334,1305.0892334,25.8602523804,44.4866256714,1.72027039528,33749.9375,58059.015625,False
HUN,2025,1756,SFHdh_1960_1979_Debrecen_ren13_gen2,gen2,2,SFH,1960,1979,1,1203.95788574,1203.95788574,25.8602523804,131.689712524,5.09236001968,31134.6542969,158548.875,False
HUN,2025,1757,SFHdh_1960_1979_Debrecen_ren13_gen2,gen2,2,SFH,1960,1979,1,549.885131836,549.885131836,25.8602523804,51.9930152893,2.01053786278,14220.1679688,28590.1855469,False
HUN,2025,1758,SFHdh_1960_1979_Debrecen_ren13_gen2,gen2,2,SFH,1960,1979,1,360.242858887,360.242858887,25.8602523804,66.2250671387,2.56088256836,9315.97167969,23857.1074219,False
HUN,2025,1759,SFHdh_1960_1979_Debrecen_ren13_gen2,gen2,2,SFH,1960,1979,1,154.372680664,154.372680664,25.8602523804,44.2667694092,1.71176862717,3992.11645508,6833.58007812,False
HUN,2025,1760,SFHdh_1960_1979_Debrecen_ren14_gen2,gen2,2,SFH,1960,1979,1,1040.13354492,1040.13354492,25.8602523804,104.781654358,4.05184173584,26898.1152344,108986.914062,False
HUN,2025,1761,SFHdh_1960_1979_Debrecen_ren14_gen2,gen2,2,SFH,1960,1979,1,349.246551514,349.246551514,25.8602523804,41.810546875,1.61678802967,9031.60351562,14602.1894531,False
HUN,2025,1762,SFHdh_1960_1979_Debrecen_ren14_gen2,gen2,2,SFH,1960,1979,1,241.186630249,241.186630249,25.8602523804,59.7585487366,2.31082630157,6237.14697266,14412.9628906,False
HUN,2025,1763,SFHdh_1960_1979_Debrecen_ren14_gen2,gen2,2,SFH,1960,1979,1,69.521697998,69.521697998,25.8602523804,41.0527420044,1.58748424053,1797.84863281,2854.05639648,False
HUN,2025,1764,SFHdh_1960_1979_Debrecen_ren15_gen2,gen2,2,SFH,1960,1979,1,136.897842407,136.897842407,25.8602523804,131.689712524,5.09236001968,3540.21264648,18028.0371094,False
HUN,2025,1765,SFHdh_1960_1979_Debrecen_ren15_gen2,gen2,2,SFH,1960,1979,1,61.570148468,61.570148468,25.8602523804,51.9930152893,2.01053786278,1592.21960449,3201.21777344,False
HUN,2025,1766,SFHdh_1960_1979_Debrecen_ren15_gen2,gen2,2,SFH,1960,1979,1,40.4385681152,40.4385681152,25.8602523804,66.2250671387,2.56088256836,1045.75158691,2678.046875,False
HUN,2025,1767,SFHdh_1960_1979_Debrecen_ren15_gen2,gen2,2,SFH,1960,1979,1,16.9869346619,16.9869346619,25.8602523804,44.2667694092,1.71176862717,439.286407471,751.956726074,False
HUN,2025,1768,SFHdh_1960_1979_Debrecen_ren16_gen2,gen2,2,SFH,1960,1979,1,79.011505127,79.011505127,25.8602523804,104.781654358,4.05184173584,2043.25744629,8278.95605469,False
HUN,2025,1769,SFHdh_1960_1979_Debrecen_ren16_gen2,gen2,2,SFH,1960,1979,1,26.9402885437,26.9402885437,25.8602523804,41.810546875,1.61678802967,696.682678223,1126.38818359,False
HUN,2025,1770,SFHdh_1960_1979_Debrecen_ren16_gen2,gen2,2,SFH,1960,1979,1,18.571105957,18.571105957,25.8602523804,59.7585487366,2.31082630157,480.253479004,1109.78234863,False
HUN,2025,1771,SFHdh_1960_1979_Debrecen_ren16_gen2,gen2,2,SFH,1960,1979,1,5.41920757294,5.41920757294,25.8602523804,41.0527420044,1.58748424053,140.142074585,222.473327637,False
HUN,2025,1772,SFHdh_1960_1979_Debrecen_ren17_gen2,gen2,2,SFH,1960,1979,1,204.291732788,204.291732788,25.8602523804,51.9926605225,2.0105240345,5283.03564453,10621.6708984,False
HUN,2025,1773,SFHdh_1960_1979_Debrecen_ren17_gen2,gen2,2,SFH,1960,1979,1,38.6301956177,38.6301956177,25.8602523804,51.9881591797,2.01034998894,998.986633301,2008.31274414,False
HUN,2025,1774,SFHdh_1960_1979_Debrecen_ren17_gen2,gen2,2,SFH,1960,1979,1,31.975227356,31.975227356,25.8602523804,51.9906845093,2.01044774055,826.887451172,1662.41394043,False
HUN,2025,1775,SFHdh_1960_1979_Debrecen_ren17_gen2,gen2,2,SFH,1960,1979,1,8.63160133362,8.63160133362,25.8602523804,46.5518188477,1.80013012886,223.215393066,401.816741943,False
HUN,2025,1776,SFHdh_1960_1979_Debrecen_ren18_gen2,gen2,2,SFH,1960,1979,1,85.1536865234,85.1536865234,25.8602523804,41.0041427612,1.58560490608,2202.09570312,3491.65380859,False
HUN,2025,1777,SFHdh_1960_1979_Debrecen_ren18_gen2,gen2,2,SFH,1960,1979,1,13.58776474,13.58776474,25.8602523804,40.9762229919,1.58452522755,351.383026123,556.775268555,False
HUN,2025,1778,SFHdh_1960_1979_Debrecen_ren18_gen2,gen2,2,SFH,1960,1979,1,11.5702285767,11.5702285767,25.8602523804,40.9683914185,1.58422243595,299.20904541,474.013641357,False
HUN,2025,1779,SFHdh_1960_1979_Debrecen_ren18_gen2,gen2,2,SFH,1960,1979,1,2.18652248383,2.18652248383,25.8602523804,38.7537117004,1.49858212471,56.5440216064,84.7358627319,False
HUN,2025,2020,SFHdh_1960_1979_Debrecen_ren288_gen2,gen2,2,SFH,1960,1979,1,39.7887802124,39.7887802124,25.8602523804,55.2621765137,2.13695430756,1028.94787598,2198.81469727,False
HUN,2025,2021,SFHdh_1960_1979_Debrecen_ren288_gen2,gen2,2,SFH,1960,1979,1,7.82274198532,7.82274198532,25.8602523804,55.2415809631,2.13615775108,202.298080444,432.140625,False
HUN,2025,2022,SFHdh_1960_1979_Debrecen_ren288_gen2,gen2,2,SFH,1960,1979,1,6.66889715195,6.66889715195,25.8602523804,55.2134475708,2.13506984711,172.459365845,368.212799072,False
HUN,2025,2023,SFHdh_1960_1979_Debrecen_ren288_gen2,gen2,2,SFH,1960,1979,1,2.25749635696,2.25749635696,25.8602523804,50.5279388428,1.95388424397,58.3794250488,114.066635132,False
HUN,2025,2024,SFHdh_1960_1979_Debrecen_ren289_gen2,gen2,2,SFH,1960,1979,1,7.32810688019,7.32810688019,25.8602523804,44.4866256714,1.72027039528,189.506698608,326.002746582,False
HUN,2025,2025,SFHdh_1960_1979_Debrecen_ren289_gen2,gen2,2,SFH,1960,1979,1,1.15480864048,1.15480864048,25.8602523804,44.4272956848,1.71797609329,29.8636436462,51.3050231934,False
HUN,2025,2026,SFHdh_1960_1979_Debrecen_ren289_gen2,gen2,2,SFH,1960,1979,1,0.990111291409,0.990111291409,25.8602523804,44.3936691284,1.71667575836,25.6045284271,43.9546737671,False
HUN,2025,2027,SFHdh_1960_1979_Debrecen_ren289_gen2,gen2,2,SFH,1960,1979,1,0.148323997855,0.148323997855,25.8602523804,41.1222000122,1.59017014503,3.83569598198,6.09940910339,False
HUN,2025,3363,SFHdh_1960_1979_Debrecen_ren13_gen2,gen2,2,SFH,1960,1979,1,2481.36352539,2481.36352539,25.8602523804,131.689712524,5.09236001968,64168.6875,326770.0625,False
HUN,2025,3364,SFHdh_1960_1979_Debrecen_ren13_gen2,gen2,2,SFH,1960,1979,1,1145.89709473,1145.89709473,25.8602523804,51.9930152893,2.01053786278,29633.1875,59578.6445312,False
HUN,2025,3365,SFHdh_1960_1979_Debrecen_ren13_gen2,gen2,2,SFH,1960,1979,1,778.507324219,778.507324219,25.8602523804,66.2250671387,2.56088256836,20132.3964844,51556.6992188,False
HUN,2025,3366,SFHdh_1960_1979_Debrecen_ren13_gen2,gen2,2,SFH,1960,1979,1,308.039154053,308.039154053,25.8602523804,44.2667694092,1.71176862717,7965.97021484,13635.8984375,False
HUN,2025,3367,SFHdh_1960_1979_Debrecen_ren14_gen2,gen2,2,SFH,1960,1979,1,2141.35742188,2141.35742188,25.8602523804,104.781654358,4.05184173584,55376.0429688,224374.96875,False
HUN,2025,3368,SFHdh_1960_1979_Debrecen_ren14_gen2,gen2,2,SFH,1960,1979,1,723.190551758,723.190551758,25.8602523804,41.810546875,1.61678802967,18701.890625,30236.9921875,False
HUN,2025,3369,SFHdh_1960_1979_Debrecen_ren14_gen2,gen2,2,SFH,1960,1979,1,518.323730469,518.323730469,25.8602523804,59.7585487366,2.31082630157,13403.9824219,30974.2734375,False
HUN,2025,3370,SFHdh_1960_1979_Debrecen_ren14_gen2,gen2,2,SFH,1960,1979,1,149.968673706,149.968673706,25.8602523804,41.0527420044,1.58748424053,3878.2277832,6156.62548828,False
HUN,2025,3371,SFHdh_1960_1979_Debrecen_ren15_gen2,gen2,2,SFH,1960,1979,1,288.80267334,288.80267334,25.8602523804,131.689712524,5.09236001968,7468.51025391,38032.3398438,False
HUN,2025,3372,SFHdh_1960_1979_Debrecen_ren15_gen2,gen2,2,SFH,1960,1979,1,136.722045898,136.722045898,25.8602523804,51.9930152893,2.01053786278,3535.66650391,7108.59130859,False
HUN,2025,3373,SFHdh_1960_1979_Debrecen_ren15_gen2,gen2,2,SFH,1960,1979,1,91.4345169067,91.4345169067,25.8602523804,66.2250671387,2.56088256836,2364.51977539,6055.25683594,False
HUN,2025,3374,SFHdh_1960_1979_Debrecen_ren15_gen2,gen2,2,SFH,1960,1979,1,43.0212478638,43.0212478638,25.8602523804,44.2667694092,1.71176862717,1112.5402832,1904.41162109,False
HUN,2025,3375,SFHdh_1960_1979_Debrecen_ren16_gen2,gen2,2,SFH,1960,1979,1,150.590332031,150.590332031,25.8602523804,104.781654358,4.05184173584,3894.30395508,15779.1044922,False
HUN,2025,3376,SFHdh_1960_1979_Debrecen_ren16_gen2,gen2,2,SFH,1960,1979,1,48.0577430725,48.0577430725,25.8602523804,41.810546875,1.61678802967,1242.78540039,2009.32055664,False
HUN,2025,3377,SFHdh_1960_1979_Debrecen_ren16_gen2,gen2,2,SFH,1960,1979,1,35.1196594238,35.1196594238,25.8602523804,59.7585487366,2.31082630157,908.20324707,2098.69995117,False
HUN,2025,3378,SFHdh_1960_1979_Debrecen_ren16_gen2,gen2,2,SFH,1960,1979,1,7.86898231506,7.86898231506,25.8602523804,41.0527420044,1.58748424053,203.493865967,323.043304443,False
HUN,2025,3379,SFHdh_1960_1979_Debrecen_ren17_gen2,gen2,2,SFH,1960,1979,1,438.003051758,438.003051758,25.8602523804,51.9926605225,2.0105240345,11326.8691406,22772.9433594,False
HUN,2025,3380,SFHdh_1960_1979_Debrecen_ren17_gen2,gen2,2,SFH,1960,1979,1,81.2325363159,81.2325363159,25.8602523804,51.9926605225,2.0105240345,2100.69384766,4223.49560547,False
HUN,2025,3381,SFHdh_1960_1979_Debrecen_ren17_gen2,gen2,2,SFH,1960,1979,1,71.6870880127,71.6870880127,25.8602523804,51.9924736023,2.01051688194,1853.84619141,3727.18896484,False
HUN,2025,3382,SFHdh_1960_1979_Debrecen_ren17_gen2,gen2,2,SFH,1960,1979,1,21.7199268341,21.7199268341,25.8602523804,46.5518188477,1.80013012886,561.682800293,1011.10211182,False
HUN,2025,3383,SFHdh_1960_1979_Debrecen_ren18_gen2,gen2,2,SFH,1960,1979,1,120.474609375,120.474609375,25.8602523804,41.0041427612,1.58560490608,3115.50390625,4939.95800781,False
HUN,2025,3384,SFHdh_1960_1979_Debrecen_ren18_gen2,gen2,2,SFH,1960,1979,1,18.2456970215,18.2456970215,25.8602523804,41.0041427612,1.58560490608,471.838317871,748.149169922,False
HUN,2025,3385,SFHdh_1960_1979_Debrecen_ren18_gen2,gen2,2,SFH,1960,1979,1,16.5484657288,16.5484657288,25.8602523804,40.9790649414,1.58463513851,427.947509766,678.140625,False
HUN,2025,3386,SFHdh_1960_1979_Debrecen_ren18_gen2,gen2,2,SFH,1960,1979,1,2.26843976974,2.26843976974,25.8602523804,38.7537117004,1.49858212471,58.6624259949,87.9104614258,False
HUN,2025,3703,SFHdh_1960_1979_Debrecen_ren288_gen2,gen2,2,SFH,1960,1979,1,67.7112503052,67.7112503052,25.8602523804,55.2621765137,2.13695430756,1751.0300293,3741.87109375,False
HUN,2025,3704,SFHdh_1960_1979_Debrecen_ren288_gen2,gen2,2,SFH,1960,1979,1,12.8531541824,12.8531541824,25.8602523804,55.2621765137,2.13695430756,332.385803223,710.293273926,False
HUN,2025,3705,SFHdh_1960_1979_Debrecen_ren288_gen2,gen2,2,SFH,1960,1979,1,11.613193512,11.613193512,25.8602523804,55.221572876,2.13538408279,300.320129395,641.298828125,False
HUN,2025,3706,SFHdh_1960_1979_Debrecen_ren288_gen2,gen2,2,SFH,1960,1979,1,4.76474285126,4.76474285126,25.8602523804,50.5279388428,1.95388424397,123.217453003,240.752639771,False
HUN,2025,3707,SFHdh_1960_1979_Debrecen_ren289_gen2,gen2,2,SFH,1960,1979,1,34.1889076233,34.1889076233,25.8602523804,44.4866256714,1.72027039528,884.133789062,1520.94909668,False
HUN,2025,3708,SFHdh_1960_1979_Debrecen_ren289_gen2,gen2,2,SFH,1960,1979,1,5.48256874084,5.48256874084,25.8602523804,44.4866256714,1.72027039528,141.780609131,243.900985718,False
HUN,2025,3709,SFHdh_1960_1979_Debrecen_ren289_gen2,gen2,2,SFH,1960,1979,1,5.13281345367,5.13281345367,25.8602523804,44.4163970947,1.71755468845,132.735855103,227.981079102,False
HUN,2025,3710,SFHdh_1960_1979_Debrecen_ren289_gen2,gen2,2,SFH,1960,1979,1,0.939665555954,0.939665555954,25.8602523804,41.1222000122,1.59017014503,24.299987793,38.6411132812,False
HUN,2025,5145,SFHdh_1960_1979_Debrecen_ren13_gen2,gen2,2,SFH,1960,1979,1,3607.3137207,3607.3137207,25.8602523804,131.689712524,5.09236001968,93286.046875,475046.09375,False
HUN,2025,5146,SFHdh_1960_1979_Debrecen_ren13_gen2,gen2,2,SFH,1960,1979,1,3268.14892578,3268.14892578,25.8602523804,51.9930152893,2.01053786278,84515.15625,169920.921875,False
HUN,2025,5147,SFHdh_1960_1979_Debrecen_ren13_gen2,gen2,2,SFH,1960,1979,1,753.922119141,753.922119141,25.8602523804,66.2250671387,2.56088256836,19496.6171875,49928.5429688,False
HUN,2025,5148,SFHdh_1960_1979_Debrecen_ren13_gen2,gen2,2,SFH,1960,1979,1,1301.90637207,1301.90637207,25.8602523804,44.2667694092,1.71176862717,33667.6289062,57631.1875,False
HUN,2025,5149,SFHdh_1960_1979_Debrecen_ren14_gen2,gen2,2,SFH,1960,1979,1,3147.11791992,3147.11791992,25.8602523804,104.781654358,4.05184173584,81385.265625,329760.21875,False
HUN,2025,5150,SFHdh_1960_1979_Debrecen_ren14_gen2,gen2,2,SFH,1960,1979,1,2183.27783203,2183.27783203,25.8602523804,41.810546875,1.61678802967,56460.1171875,91284.0390625,False
HUN,2025,5151,SFHdh_1960_1979_Debrecen_ren14_gen2,gen2,2,SFH,1960,1979,1,478.620605469,478.620605469,25.8602523804,59.7585487366,2.31082630157,12377.25,28601.671875,False
HUN,2025,5152,SFHdh_1960_1979_Debrecen_ren14_gen2,gen2,2,SFH,1960,1979,1,652.226013184,652.226013184,25.8602523804,41.3224487305,1.59791362286,16866.7285156,26951.5761719,False
HUN,2025,5153,SFHdh_1960_1979_Debrecen_ren15_gen2,gen2,2,SFH,1960,1979,1,387.895965576,387.895965576,25.8602523804,131.689712524,5.09236001968,10031.0878906,51081.90625,False
HUN,2025,5154,SFHdh_1960_1979_Debrecen_ren15_gen2,gen2,2,SFH,1960,1979,1,337.444641113,337.444641113,25.8602523804,51.9930152893,2.01053786278,8726.40332031,17544.7636719,False
HUN,2025,5155,SFHdh_1960_1979_Debrecen_ren15_gen2,gen2,2,SFH,1960,1979,1,77.1233673096,77.1233673096,25.8602523804,66.2250671387,2.56088256836,1994.4296875,5107.5,False
HUN,2025,5156,SFHdh_1960_1979_Debrecen_ren15_gen2,gen2,2,SFH,1960,1979,1,120.658821106,120.658821106,25.8602523804,44.2667694092,1.71176862717,3120.26757812,5341.17626953,False
HUN,2025,5157,SFHdh_1960_1979_Debrecen_ren16_gen2,gen2,2,SFH,1960,1979,1,209.850326538,209.850326538,25.8602523804,104.781654358,4.05184173584,5426.78222656,21988.4648438,False
HUN,2025,5158,SFHdh_1960_1979_Debrecen_ren16_gen2,gen2,2,SFH,1960,1979,1,142.111526489,142.111526489,25.8602523804,41.810546875,1.61678802967,3675.04003906,5941.76074219,False
HUN,2025,5159,SFHdh_1960_1979_Debrecen_ren16_gen2,gen2,2,SFH,1960,1979,1,30.9391117096,30.9391117096,25.8602523804,59.7585487366,2.31082630157,800.093261719,1848.87646484,False
HUN,2025,5160,SFHdh_1960_1979_Debrecen_ren16_gen2,gen2,2,SFH,1960,1979,1,38.1660957336,38.1660957336,25.8602523804,41.3224487305,1.59791362286,986.984863281,1577.11657715,False
HUN,2025,5161,SFHdh_1960_1979_Debrecen_ren17_gen2,gen2,2,SFH,1960,1979,1,730.171569824,730.171569824,25.8602523804,51.9926605225,2.0105240345,18882.421875,37963.5625,False
HUN,2025,5162,SFHdh_1960_1979_Debrecen_ren17_gen2,gen2,2,SFH,1960,1979,1,269.969360352,269.969360352,25.8602523804,51.9926605225,2.0105240345,6981.47558594,14036.4257812,False
HUN,2025,5163,SFHdh_1960_1979_Debrecen_ren17_gen2,gen2,2,SFH,1960,1979,1,73.1072311401,73.1072311401,25.8602523804,51.9924736023,2.01051688194,1890.57141113,3801.02587891,False
HUN,2025,5164,SFHdh_1960_1979_Debrecen_ren17_gen2,gen2,2,SFH,1960,1979,1,92.1383895874,92.1383895874,25.8602523804,46.5518188477,1.80013012886,2382.72192383,4289.20947266,False
HUN,2025,5165,SFHdh_1960_1979_Debrecen_ren18_gen2,gen2,2,SFH,1960,1979,1,224.104995728,224.104995728,25.8602523804,41.0041427612,1.58560490608,5795.41162109,9189.23339844,False
HUN,2025,5166,SFHdh_1960_1979_Debrecen_ren18_gen2,gen2,2,SFH,1960,1979,1,75.3080444336,75.3080444336,25.8602523804,41.0041427612,1.58560490608,1947.48498535,3087.94189453,False
HUN,2025,5167,SFHdh_1960_1979_Debrecen_ren18_gen2,gen2,2,SFH,1960,1979,1,19.4386463165,19.4386463165,25.8602523804,40.9790649414,1.58463513851,502.688293457,796.577575684,False
HUN,2025,5168,SFHdh_1960_1979_Debrecen_ren18_gen2,gen2,2,SFH,1960,1979,1,24.4270076752,24.4270076752,25.8602523804,38.7537117004,1.49858212471,631.688598633,946.637207031,False
HUN,2025,5553,SFHdh_1960_1979_Debrecen_ren288_gen2,gen2,2,SFH,1960,1979,1,101.754257202,101.754257202,25.8602523804,55.2621765137,2.13695430756,2631.39086914,5623.16162109,False
HUN,2025,5554,SFHdh_1960_1979_Debrecen_ren288_gen2,gen2,2,SFH,1960,1979,1,37.8315505981,37.8315505981,25.8602523804,55.2621765137,2.13695430756,978.333435059,2090.65380859,False
HUN,2025,5555,SFHdh_1960_1979_Debrecen_ren288_gen2,gen2,2,SFH,1960,1979,1,9.65347671509,9.65347671509,25.8602523804,55.221572876,2.13538408279,249.641342163,533.08013916,False
HUN,2025,5556,SFHdh_1960_1979_Debrecen_ren288_gen2,gen2,2,SFH,1960,1979,1,10.3666448593,10.3666448593,25.8602523804,50.5279388428,1.95388424397,268.08404541,523.805175781,False
HUN,2025,5557,SFHdh_1960_1979_Debrecen_ren289_gen2,gen2,2,SFH,1960,1979,1,39.7890815735,39.7890815735,25.8602523804,44.4866256714,1.72027039528,1028.95568848,1770.08203125,False
HUN,2025,5558,SFHdh_1960_1979_Debrecen_ren289_gen2,gen2,2,SFH,1960,1979,1,13.5065860748,13.5065860748,25.8602523804,44.4866256714,1.72027039528,349.283721924,600.862426758,False
HUN,2025,5559,SFHdh_1960_1979_Debrecen_ren289_gen2,gen2,2,SFH,1960,1979,1,3.36089015007,3.36089015007,25.8602523804,44.4163970947,1.71755468845,86.9134674072,149.278625488,False
HUN,2025,5560,SFHdh_1960_1979_Debrecen_ren289_gen2,gen2,2,SFH,1960,1979,1,3.03710985184,3.03710985184,25.8602523804,41.1222000122,1.59017014503,78.5404281616,124.89263916,False
HUN,2025,390,SFHdh_1980_1989_Debrecen_ren19_gen2,gen2,2,SFH,1980,1989,1,77028.984375,77028.984375,25.8602523804,125.179962158,4.84063196182,1991989,9642485,False
HUN,2025,391,SFHdh_1980_1989_Debrecen_ren20_gen2,gen2,2,SFH,1980,1989,1,31062.71875,31062.71875,25.8602523804,101.286193848,3.91667461395,803289.75,3146224.5,False
HUN,2025,392,SFHdh_1980_1989_Debrecen_ren21_gen2,gen2,2,SFH,1980,1989,1,1512.74328613,1512.74328613,25.8602523804,125.179962158,4.84063196182,39119.921875,189365.140625,False
HUN,2025,393,SFHdh_1980_1989_Debrecen_ren22_gen2,gen2,2,SFH,1980,1989,1,420.852142334,420.852142334,25.8602523804,101.286193848,3.91667461395,10883.3427734,42626.5117188,False
HUN,2025,394,SFHdh_1980_1989_Debrecen_ren23_gen2,gen2,2,SFH,1980,1989,1,1495.39208984,1495.39208984,25.8602523804,45.2056808472,1.74807572365,38671.21875,67600.21875,False
HUN,2025,395,SFHdh_1980_1989_Debrecen_ren24_gen2,gen2,2,SFH,1980,1989,1,320.357910156,320.357910156,25.8602523804,39.682559967,1.53450012207,8284.53613281,12712.6220703,False
HUN,2025,542,SFHdh_1980_1989_Debrecen_ren290_gen2,gen2,2,SFH,1980,1989,1,218.704071045,218.704071045,25.8602523804,48.3981628418,1.87152707577,5655.74267578,10584.875,False
HUN,2025,543,SFHdh_1980_1989_Debrecen_ren291_gen2,gen2,2,SFH,1980,1989,1,49.6289901733,49.6289901733,25.8602523804,43.4058532715,1.67847752571,1283.41821289,2154.1887207,False
HUN,2025,1780,SFHdh_1980_1989_Debrecen_ren19_gen2,gen2,2,SFH,1980,1989,1,113.274810791,113.274810791,25.8602523804,125.179962158,4.84063196182,2929.31518555,14179.7363281,False
HUN,2025,1781,SFHdh_1980_1989_Debrecen_ren19_gen2,gen2,2,SFH,1980,1989,1,51.8858947754,51.8858947754,25.8602523804,46.9097061157,1.8139693737,1341.78234863,2433.95214844,False
HUN,2025,1782,SFHdh_1980_1989_Debrecen_ren19_gen2,gen2,2,SFH,1980,1989,1,30.8991909027,30.8991909027,25.8602523804,64.3683929443,2.4890859127,799.060852051,1988.93127441,False
HUN,2025,1783,SFHdh_1980_1989_Debrecen_ren19_gen2,gen2,2,SFH,1980,1989,1,14.0593776703,14.0593776703,25.8602523804,43.6598358154,1.68829894066,363.579040527,613.83013916,False
HUN,2025,1784,SFHdh_1980_1989_Debrecen_ren20_gen2,gen2,2,SFH,1980,1989,1,34.8299484253,34.8299484253,25.8602523804,101.286193848,3.91667461395,900.711242676,3527.79296875,False
HUN,2025,1785,SFHdh_1980_1989_Debrecen_ren20_gen2,gen2,2,SFH,1980,1989,1,10.7911167145,10.7911167145,25.8602523804,40.6356201172,1.57135438919,279.061004639,438.503723145,False
HUN,2025,1786,SFHdh_1980_1989_Debrecen_ren20_gen2,gen2,2,SFH,1980,1989,1,6.96830320358,6.96830320358,25.8602523804,58.9192733765,2.27837204933,180.202072144,410.567352295,False
HUN,2025,1787,SFHdh_1980_1989_Debrecen_ren20_gen2,gen2,2,SFH,1980,1989,1,1.79288291931,1.79288291931,25.8602523804,39.5077438354,1.52774012089,46.3644065857,70.8327560425,False
HUN,2025,1788,SFHdh_1980_1989_Debrecen_ren22_gen2,gen2,2,SFH,1980,1989,1,0.0766386091709,0.0766386091709,25.8602523804,101.286193848,3.91667461395,1.98189377785,7.76243305206,False
HUN,2025,1789,SFHdh_1980_1989_Debrecen_ren22_gen2,gen2,2,SFH,1980,1989,1,0.0316498018801,0.0316498018801,25.8602523804,40.6356201172,1.57135438919,0.818471848965,1.28610932827,False
HUN,2025,1790,SFHdh_1980_1989_Debrecen_ren22_gen2,gen2,2,SFH,1980,1989,1,0.0197487790138,0.0197487790138,25.8602523804,58.9192733765,2.27837204933,0.510708391666,1.16358375549,False
HUN,2025,1791,SFHdh_1980_1989_Debrecen_ren22_gen2,gen2,2,SFH,1980,1989,1,0.007414159365,0.007414159365,25.8602523804,39.5077438354,1.52774012089,0.191732034087,0.292916715145,False
HUN,2025,1792,SFHdh_1980_1989_Debrecen_ren23_gen2,gen2,2,SFH,1980,1989,1,0.12275300175,0.12275300175,25.8602523804,45.2056808472,1.74807572365,3.17442369461,5.54913282394,False
HUN,2025,1793,SFHdh_1980_1989_Debrecen_ren23_gen2,gen2,2,SFH,1980,1989,1,0.0242336429656,0.0242336429656,25.8602523804,45.1867179871,1.74734246731,0.626688122749,1.09503877163,False
HUN,2025,1794,SFHdh_1980_1989_Debrecen_ren23_gen2,gen2,2,SFH,1980,1989,1,0.0173070318997,0.0173070318997,25.8602523804,45.1867179871,1.74734246731,0.447564214468,0.782047986984,False
HUN,2025,1795,SFHdh_1980_1989_Debrecen_ren23_gen2,gen2,2,SFH,1980,1989,1,0.00328696728684,0.00328696728684,25.8602523804,40.9388427734,1.58307981491,0.0850018039346,0.134564638138,False
HUN,2025,2028,SFHdh_1980_1989_Debrecen_ren290_gen2,gen2,2,SFH,1980,1989,1,0.0281612128019,0.0281612128019,25.8602523804,48.3981628418,1.87152707577,0.728256046772,1.36295092106,False
HUN,2025,2029,SFHdh_1980_1989_Debrecen_ren290_gen2,gen2,2,SFH,1980,1989,1,0.00564379291609,0.00564379291609,25.8602523804,48.3596801758,1.87003898621,0.145949915051,0.27293202281,False
HUN,2025,2030,SFHdh_1980_1989_Debrecen_ren290_gen2,gen2,2,SFH,1980,1989,1,0.00412119785324,0.00412119785324,25.8602523804,48.3657569885,1.87027394772,0.106575213373,0.199324861169,False
HUN,2025,2031,SFHdh_1980_1989_Debrecen_ren290_gen2,gen2,2,SFH,1980,1989,1,0.000889179646038,0.000889179646038,25.8602523804,44.2619247437,1.71158134937,0.0229944102466,0.0393568016589,False
HUN,2025,3387,SFHdh_1980_1989_Debrecen_ren19_gen2,gen2,2,SFH,1980,1989,1,277.899353027,277.899353027,25.8602523804,125.179962158,4.84063196182,7186.54736328,34787.4296875,False
HUN,2025,3388,SFHdh_1980_1989_Debrecen_ren19_gen2,gen2,2,SFH,1980,1989,1,128.153015137,128.153015137,25.8602523804,46.9097061157,1.8139693737,3314.06933594,6011.62011719,False
HUN,2025,3389,SFHdh_1980_1989_Debrecen_ren19_gen2,gen2,2,SFH,1980,1989,1,79.4127044678,79.4127044678,25.8602523804,64.3683929443,2.4890859127,2053.63256836,5111.66796875,False
HUN,2025,3390,SFHdh_1980_1989_Debrecen_ren19_gen2,gen2,2,SFH,1980,1989,1,33.0952682495,33.0952682495,25.8602523804,43.6598358154,1.68829894066,855.851989746,1444.93395996,False
HUN,2025,3391,SFHdh_1980_1989_Debrecen_ren20_gen2,gen2,2,SFH,1980,1989,1,147.890808105,147.890808105,25.8602523804,101.286193848,3.91667461395,3824.49365234,14979.296875,False
HUN,2025,3392,SFHdh_1980_1989_Debrecen_ren20_gen2,gen2,2,SFH,1980,1989,1,48.2016983032,48.2016983032,25.8602523804,40.6356201172,1.57135438919,1246.50805664,1958.70593262,False
HUN,2025,3393,SFHdh_1980_1989_Debrecen_ren20_gen2,gen2,2,SFH,1980,1989,1,32.4123497009,32.4123497009,25.8602523804,58.9192733765,2.27837204933,838.19152832,1909.71203613,False
HUN,2025,3394,SFHdh_1980_1989_Debrecen_ren20_gen2,gen2,2,SFH,1980,1989,1,7.90049743652,7.90049743652,25.8602523804,39.5077438354,1.52774012089,204.308853149,312.130828857,False
HUN,2025,3395,SFHdh_1980_1989_Debrecen_ren21_gen2,gen2,2,SFH,1980,1989,1,10.7508573532,10.7508573532,25.8602523804,125.179962158,4.84063196182,278.019897461,1345.79187012,False
HUN,2025,3396,SFHdh_1980_1989_Debrecen_ren21_gen2,gen2,2,SFH,1980,1989,1,4.83249664307,4.83249664307,25.8602523804,46.9097061157,1.8139693737,124.969581604,226.690994263,False
HUN,2025,3397,SFHdh_1980_1989_Debrecen_ren21_gen2,gen2,2,SFH,1980,1989,1,3.03264260292,3.03264260292,25.8602523804,64.3683929443,2.4890859127,78.4249038696,195.206329346,False
HUN,2025,3398,SFHdh_1980_1989_Debrecen_ren21_gen2,gen2,2,SFH,1980,1989,1,1.08058059216,1.08058059216,25.8602523804,43.6598358154,1.68829894066,27.9440860748,47.1779708862,False
HUN,2025,3399,SFHdh_1980_1989_Debrecen_ren22_gen2,gen2,2,SFH,1980,1989,1,6.52406024933,6.52406024933,25.8602523804,101.286193848,3.91667461395,168.713851929,660.797241211,False
HUN,2025,3400,SFHdh_1980_1989_Debrecen_ren22_gen2,gen2,2,SFH,1980,1989,1,1.74171614647,1.74171614647,25.8602523804,40.6356201172,1.57135438919,45.041217804,70.775718689,False
HUN,2025,3401,SFHdh_1980_1989_Debrecen_ren22_gen2,gen2,2,SFH,1980,1989,1,1.2117638588,1.2117638588,25.8602523804,58.9192733765,2.27837204933,31.3365192413,71.3962478638,False
HUN,2025,3402,SFHdh_1980_1989_Debrecen_ren22_gen2,gen2,2,SFH,1980,1989,1,0.187600776553,0.187600776553,25.8602523804,39.5077438354,1.52774012089,4.85140323639,7.41168355942,False
HUN,2025,3403,SFHdh_1980_1989_Debrecen_ren23_gen2,gen2,2,SFH,1980,1989,1,14.1929702759,14.1929702759,25.8602523804,45.2056808472,1.74807572365,367.033782959,641.602905273,False
HUN,2025,3404,SFHdh_1980_1989_Debrecen_ren23_gen2,gen2,2,SFH,1980,1989,1,2.83881950378,2.83881950378,25.8602523804,45.2056808472,1.74807572365,73.4125900269,128.330764771,False
HUN,2025,3405,SFHdh_1980_1989_Debrecen_ren23_gen2,gen2,2,SFH,1980,1989,1,2.22857546806,2.22857546806,25.8602523804,45.2056808472,1.74807572365,57.6315231323,100.744270325,False
HUN,2025,3406,SFHdh_1980_1989_Debrecen_ren23_gen2,gen2,2,SFH,1980,1989,1,0.495793879032,0.495793879032,25.8602523804,40.9388427734,1.58307981491,12.821354866,20.2972278595,False
HUN,2025,5169,SFHdh_1980_1989_Debrecen_ren19_gen2,gen2,2,SFH,1980,1989,1,477.270477295,477.270477295,25.8602523804,125.179962158,4.84063196182,12342.3349609,59744.6992188,False
HUN,2025,5170,SFHdh_1980_1989_Debrecen_ren19_gen2,gen2,2,SFH,1980,1989,1,417.180450439,417.180450439,25.8602523804,46.9097061157,1.8139693737,10788.3916016,19569.8125,False
HUN,2025,5171,SFHdh_1980_1989_Debrecen_ren19_gen2,gen2,2,SFH,1980,1989,1,85.774559021,85.774559021,25.8602523804,64.3683929443,2.4890859127,2218.15185547,5521.17041016,False
HUN,2025,5172,SFHdh_1980_1989_Debrecen_ren19_gen2,gen2,2,SFH,1980,1989,1,137.254760742,137.254760742,25.8602523804,43.6598358154,1.68829894066,3549.44287109,5992.52050781,False
HUN,2025,5173,SFHdh_1980_1989_Debrecen_ren20_gen2,gen2,2,SFH,1980,1989,1,237.247787476,237.247787476,25.8602523804,101.286193848,3.91667461395,6135.28759766,24029.9257812,False
HUN,2025,5174,SFHdh_1980_1989_Debrecen_ren20_gen2,gen2,2,SFH,1980,1989,1,156.508453369,156.508453369,25.8602523804,40.6356201172,1.57135438919,4047.34814453,6359.81787109,False
HUN,2025,5175,SFHdh_1980_1989_Debrecen_ren20_gen2,gen2,2,SFH,1980,1989,1,30.4109191895,30.4109191895,25.8602523804,58.9192733765,2.27837204933,786.434020996,1791.78930664,False
HUN,2025,5176,SFHdh_1980_1989_Debrecen_ren20_gen2,gen2,2,SFH,1980,1989,1,36.860408783,36.860408783,25.8602523804,39.5077438354,1.52774012089,953.219482422,1456.27160645,False
HUN,2025,5177,SFHdh_1980_1989_Debrecen_ren21_gen2,gen2,2,SFH,1980,1989,1,24.6548576355,24.6548576355,25.8602523804,125.179962158,4.84063196182,637.580810547,3086.29418945,False
HUN,2025,5178,SFHdh_1980_1989_Debrecen_ren21_gen2,gen2,2,SFH,1980,1989,1,21.2134609222,21.2134609222,25.8602523804,46.9097061157,1.8139693737,548.585449219,995.1171875,False
HUN,2025,5179,SFHdh_1980_1989_Debrecen_ren21_gen2,gen2,2,SFH,1980,1989,1,4.33722305298,4.33722305298,25.8602523804,64.3683929443,2.4890859127,112.161682129,279.180084229,False
HUN,2025,5180,SFHdh_1980_1989_Debrecen_ren21_gen2,gen2,2,SFH,1980,1989,1,6.4668803215,6.4668803215,25.8602523804,43.6598358154,1.68829894066,167.235153198,282.342926025,False
HUN,2025,5181,SFHdh_1980_1989_Debrecen_ren22_gen2,gen2,2,SFH,1980,1989,1,19.7468566895,19.7468566895,25.8602523804,101.286193848,3.91667461395,510.658691406,2000.08398438,False
HUN,2025,5182,SFHdh_1980_1989_Debrecen_ren22_gen2,gen2,2,SFH,1980,1989,1,13.1973648071,13.1973648071,25.8602523804,40.6356201172,1.57135438919,341.28717041,536.283081055,False
HUN,2025,5183,SFHdh_1980_1989_Debrecen_ren22_gen2,gen2,2,SFH,1980,1989,1,2.57909822464,2.57909822464,25.8602523804,58.9192733765,2.27837204933,66.6961288452,151.958587646,False
HUN,2025,5184,SFHdh_1980_1989_Debrecen_ren22_gen2,gen2,2,SFH,1980,1989,1,2.98426604271,2.98426604271,25.8602523804,39.5077438354,1.52774012089,77.1738739014,117.901618958,False
HUN,2025,5185,SFHdh_1980_1989_Debrecen_ren23_gen2,gen2,2,SFH,1980,1989,1,24.231798172,24.231798172,25.8602523804,45.2056808472,1.74807572365,626.640441895,1095.41491699,False
HUN,2025,5186,SFHdh_1980_1989_Debrecen_ren23_gen2,gen2,2,SFH,1980,1989,1,9.80706310272,9.80706310272,25.8602523804,45.2056808472,1.74807572365,253.613128662,443.334960938,False
HUN,2025,5187,SFHdh_1980_1989_Debrecen_ren23_gen2,gen2,2,SFH,1980,1989,1,2.18668007851,2.18668007851,25.8602523804,45.2056808472,1.74807572365,56.5480995178,98.8503646851,False
HUN,2025,5188,SFHdh_1980_1989_Debrecen_ren23_gen2,gen2,2,SFH,1980,1989,1,2.49251890182,2.49251890182,25.8602523804,40.9388427734,1.58307981491,64.4571685791,102.040840149,False
HUN,2025,5189,SFHdh_1980_1989_Debrecen_ren24_gen2,gen2,2,SFH,1980,1989,1,6.69624567032,6.69624567032,25.8602523804,39.682559967,1.53450012207,173.166595459,265.724182129,False
HUN,2025,5190,SFHdh_1980_1989_Debrecen_ren24_gen2,gen2,2,SFH,1980,1989,1,2.42054200172,2.42054200172,25.8602523804,39.682559967,1.53450012207,62.5958251953,96.0533065796,False
HUN,2025,5191,SFHdh_1980_1989_Debrecen_ren24_gen2,gen2,2,SFH,1980,1989,1,0.421945989132,0.421945989132,25.8602523804,39.6690444946,1.53397750854,10.9116296768,16.738193512,False
HUN,2025,5192,SFHdh_1980_1989_Debrecen_ren24_gen2,gen2,2,SFH,1980,1989,1,0.334930986166,0.334930986166,25.8602523804,37.9763717651,1.4685229063,8.66139984131,12.7194633484,False
HUN,2025,5561,SFHdh_1980_1989_Debrecen_ren290_gen2,gen2,2,SFH,1980,1989,1,6.15476083755,6.15476083755,25.8602523804,48.3981628418,1.87152707577,159.163665771,297.879119873,False
HUN,2025,5562,SFHdh_1980_1989_Debrecen_ren290_gen2,gen2,2,SFH,1980,1989,1,2.52741789818,2.52741789818,25.8602523804,48.3981628418,1.87152707577,65.359664917,122.322380066,False
HUN,2025,5563,SFHdh_1980_1989_Debrecen_ren290_gen2,gen2,2,SFH,1980,1989,1,0.500052988529,0.500052988529,25.8602523804,48.3782653809,1.87075769901,12.9314966202,24.191696167,False
HUN,2025,5564,SFHdh_1980_1989_Debrecen_ren290_gen2,gen2,2,SFH,1980,1989,1,0.498110026121,0.498110026121,25.8602523804,44.2619247437,1.71158134937,12.8812513351,22.0473079681,False
HUN,2025,396,SFHdh_1990_2005_Debrecen_ren25_gen2,gen2,2,SFH,1990,2005,1,2919.83691406,2919.83691406,26.3061199188,127.179580688,4.83460044861,76809.578125,371343.625,False
HUN,2025,397,SFHdh_1990_2005_Debrecen_ren26_gen2,gen2,2,SFH,1990,2005,1,724.447509766,724.447509766,26.3061199188,102.903091431,3.91175484657,19057.4023438,74547.890625,False
HUN,2025,398,SFHdh_1990_2005_Debrecen_ren27_gen2,gen2,2,SFH,1990,2005,1,5.14966440201,5.14966440201,26.3061199188,127.179580688,4.83460044861,135.467681885,654.932128906,False
HUN,2025,399,SFHdh_1990_2005_Debrecen_ren28_gen2,gen2,2,SFH,1990,2005,1,0.908714771271,0.908714771271,26.3061199188,102.903091431,3.91175484657,23.9047603607,93.5095596313,False
HUN,2025,400,SFHdh_1990_2005_Debrecen_ren29_gen2,gen2,2,SFH,1990,2005,1,5.71312522888,5.71312522888,26.3061199188,46.8026733398,1.77915537357,150.290161133,267.389526367,False
HUN,2025,401,SFHdh_1990_2005_Debrecen_ren30_gen2,gen2,2,SFH,1990,2005,1,0.600153028965,0.600153028965,26.3061199188,41.0084533691,1.5588940382,15.7876977921,24.6113471985,False
HUN,2025,544,SFHdh_1990_2005_Debrecen_ren292_gen2,gen2,2,SFH,1990,2005,1,0.885014474392,0.885014474392,26.3061199188,50.0052185059,1.90089678764,23.2812976837,44.2553405762,False
HUN,2025,545,SFHdh_1990_2005_Debrecen_ren293_gen2,gen2,2,SFH,1990,2005,1,0.103424951434,0.103424951434,26.3061199188,44.7241973877,1.70014417171,2.72070908546,4.6255979538,False
HUN,2025,1796,SFHdh_1990_2005_Debrecen_ren26_gen2,gen2,2,SFH,1990,2005,1,0.0749630331993,0.0749630331993,26.3061199188,102.903091431,3.91175484657,1.97198653221,7.71392774582,False
HUN,2025,1797,SFHdh_1990_2005_Debrecen_ren26_gen2,gen2,2,SFH,1990,2005,1,0.0195290148258,0.0195290148258,26.3061199188,42.1287841797,1.60148227215,0.513732612133,0.822733640671,False
HUN,2025,1798,SFHdh_1990_2005_Debrecen_ren26_gen2,gen2,2,SFH,1990,2005,1,0.0127590894699,0.0127590894699,26.3061199188,60.8796920776,2.3142786026,0.335642129183,0.776769459248,False
HUN,2025,1799,SFHdh_1990_2005_Debrecen_ren26_gen2,gen2,2,SFH,1990,2005,1,0.002615198493,0.002615198493,26.3061199188,40.8073959351,1.55125105381,0.0687957257032,0.106719441712,False
HUN,2025,3407,SFHdh_1990_2005_Debrecen_ren25_gen2,gen2,2,SFH,1990,2005,1,5.93035984039,5.93035984039,26.3061199188,127.179580688,4.83460044861,156.004760742,754.220703125,False
HUN,2025,3408,SFHdh_1990_2005_Debrecen_ren25_gen2,gen2,2,SFH,1990,2005,1,2.03475689888,2.03475689888,26.3061199188,49.2130813599,1.8707845211,53.5265579224,100.136657715,False
HUN,2025,3409,SFHdh_1990_2005_Debrecen_ren25_gen2,gen2,2,SFH,1990,2005,1,1.33428299427,1.33428299427,26.3061199188,66.7811203003,2.53861546516,35.0998077393,89.1049118042,False
HUN,2025,3410,SFHdh_1990_2005_Debrecen_ren25_gen2,gen2,2,SFH,1990,2005,1,0.358449995518,0.358449995518,26.3061199188,45.2429466248,1.7198638916,9.42942810059,16.2173347473,False
HUN,2025,3411,SFHdh_1990_2005_Debrecen_ren26_gen2,gen2,2,SFH,1990,2005,1,5.90122795105,5.90122795105,26.3061199188,102.903091431,3.91175484657,155.23840332,607.254577637,False
HUN,2025,3412,SFHdh_1990_2005_Debrecen_ren26_gen2,gen2,2,SFH,1990,2005,1,2.26364707947,2.26364707947,26.3061199188,42.1287841797,1.60148227215,59.5477714539,95.3647003174,False
HUN,2025,3413,SFHdh_1990_2005_Debrecen_ren26_gen2,gen2,2,SFH,1990,2005,1,1.49321007729,1.49321007729,26.3061199188,60.8796920776,2.3142786026,39.2805633545,90.9061660767,False
HUN,2025,3414,SFHdh_1990_2005_Debrecen_ren26_gen2,gen2,2,SFH,1990,2005,1,0.473041981459,0.473041981459,26.3061199188,40.8073959351,1.55125105381,12.4438991547,19.3036117554,False
HUN,2025,5193,SFHdh_1990_2005_Debrecen_ren25_gen2,gen2,2,SFH,1990,2005,1,30.3629302979,30.3629302979,26.3061199188,127.179580688,4.83460044861,798.730895996,3861.54467773,False
HUN,2025,5194,SFHdh_1990_2005_Debrecen_ren25_gen2,gen2,2,SFH,1990,2005,1,24.4498996735,24.4498996735,26.3061199188,49.2130813599,1.8707845211,643.182006836,1203.25488281,False
HUN,2025,5195,SFHdh_1990_2005_Debrecen_ren25_gen2,gen2,2,SFH,1990,2005,1,4.94976520538,4.94976520538,26.3061199188,66.7811203003,2.53861546516,130.209121704,330.550872803,False
HUN,2025,5196,SFHdh_1990_2005_Debrecen_ren25_gen2,gen2,2,SFH,1990,2005,1,7.96935606003,7.96935606003,26.3061199188,45.2429466248,1.7198638916,209.642837524,360.557159424,False
HUN,2025,5197,SFHdh_1990_2005_Debrecen_ren26_gen2,gen2,2,SFH,1990,2005,1,10.3210010529,10.3210010529,26.3061199188,102.903091431,3.91175484657,271.505493164,1062.06286621,False
HUN,2025,5198,SFHdh_1990_2005_Debrecen_ren26_gen2,gen2,2,SFH,1990,2005,1,6.40364074707,6.40364074707,26.3061199188,42.1287841797,1.60148227215,168.454940796,269.777587891,False
HUN,2025,5199,SFHdh_1990_2005_Debrecen_ren26_gen2,gen2,2,SFH,1990,2005,1,1.21041893959,1.21041893959,26.3061199188,60.8796920776,2.3142786026,31.841424942,73.6899337769,False
HUN,2025,5200,SFHdh_1990_2005_Debrecen_ren26_gen2,gen2,2,SFH,1990,2005,1,1.42919909954,1.42919909954,26.3061199188,40.8073959351,1.55125105381,37.5966835022,58.3218917847,False
HUN,2025,5201,SFHdh_1990_2005_Debrecen_ren30_gen2,gen2,2,SFH,1990,2005,1,0.0528840012848,0.0528840012848,26.3061199188,41.0084533691,1.5588940382,1.39117288589,2.16869115829,False
HUN,2025,5202,SFHdh_1990_2005_Debrecen_ren30_gen2,gen2,2,SFH,1990,2005,1,0.018988000229,0.018988000229,26.3061199188,41.0084533691,1.5588940382,0.499500602484,0.778668522835,False
HUN,2025,5203,SFHdh_1990_2005_Debrecen_ren30_gen2,gen2,2,SFH,1990,2005,1,0.00403300020844,0.00403300020844,26.3061199188,40.9912185669,1.55823886395,0.106092587113,0.165317595005,False
HUN,2025,5204,SFHdh_1990_2005_Debrecen_ren30_gen2,gen2,2,SFH,1990,2005,1,0.00419399980456,0.00419399980456,26.3061199188,39.2239570618,1.4910582304,0.110327862203,0.164505273104,False
HUN,2025,480,MFH_1960_1979_Debrecen_ren182_gen2,gen2,5,AB_SMALL,1960,1979,17,2884.93896484,49043.9609375,141.984649658,677.330505371,4.77044868469,409617.0625,1954057.125,False
HUN,2025,481,MFH_1960_1979_Debrecen_ren183_gen2,gen2,5,AB_SMALL,1960,1979,17,3995.90429688,67930.375,141.984649658,545.944946289,3.84509849548,567357.0625,2181543.75,False
HUN,2025,482,MFH_1960_1979_Debrecen_ren184_gen2,gen2,5,AB_SMALL,1960,1979,17,433.985961914,7377.76123047,141.984649658,677.330505371,4.77044868469,61619.34375,293951.9375,False
HUN,2025,483,MFH_1960_1979_Debrecen_ren185_gen2,gen2,5,AB_SMALL,1960,1979,17,287.063903809,4880.08642578,141.984649658,545.944946289,3.84509849548,40758.6679688,156721.09375,False
HUN,2025,484,MFH_1960_1979_Debrecen_ren186_gen2,gen2,5,AB_SMALL,1960,1979,17,322.211212158,5477.59082031,141.984649658,237.54486084,1.67303204536,45749.046875,76539.6171875,False
HUN,2025,485,MFH_1960_1979_Debrecen_ren187_gen2,gen2,5,AB_SMALL,1960,1979,17,259.210113525,4406.57177734,141.984649658,206.691314697,1.4557299614,36803.8554688,53576.4804688,False
HUN,2025,590,MFH_1960_1979_Debrecen_ren380_gen2,gen2,5,AB_SMALL,1960,1979,17,13.4935874939,229.390991211,141.984649658,272.845703125,1.92165637016,1915.88232422,3681.66748047,False
HUN,2025,591,MFH_1960_1979_Debrecen_ren381_gen2,gen2,5,AB_SMALL,1960,1979,17,7.76102638245,131.937454224,141.984649658,250.794845581,1.76635181904,1101.94665527,1946.42541504,False
HUN,2025,1912,MFH_1960_1979_Debrecen_ren182_gen2,gen2,5,AB_SMALL,1960,1979,17,16.0949668884,273.614440918,141.984649658,677.330505371,4.77044868469,2285.23828125,10901.6123047,False
HUN,2025,1913,MFH_1960_1979_Debrecen_ren182_gen2,gen2,5,AB_SMALL,1960,1979,17,9.23375511169,156.973831177,141.984649658,242.725097656,1.70951652527,1311.05151367,2241.26416016,False
HUN,2025,1914,MFH_1960_1979_Debrecen_ren182_gen2,gen2,5,AB_SMALL,1960,1979,17,5.29452753067,90.0069656372,141.984649658,355.174255371,2.5014975071,751.741638184,1880.4798584,False
HUN,2025,1915,MFH_1960_1979_Debrecen_ren182_gen2,gen2,5,AB_SMALL,1960,1979,17,4.51209497452,76.7056121826,141.984649658,257.66796875,1.81475937366,640.648254395,1162.62231445,False
HUN,2025,1916,MFH_1960_1979_Debrecen_ren183_gen2,gen2,5,AB_SMALL,1960,1979,17,23.7919158936,404.462585449,141.984649658,545.944946289,3.84509849548,3378.08691406,12989.0761719,False
HUN,2025,1917,MFH_1960_1979_Debrecen_ren183_gen2,gen2,5,AB_SMALL,1960,1979,17,12.595205307,214.118484497,141.984649658,253.664428711,1.78656232357,1788.32580566,3194.95556641,False
HUN,2025,1918,MFH_1960_1979_Debrecen_ren183_gen2,gen2,5,AB_SMALL,1960,1979,17,8.66272068024,147.26625061,141.984649658,268.32421875,1.88981151581,1229.97338867,2324.41772461,False
HUN,2025,1919,MFH_1960_1979_Debrecen_ren183_gen2,gen2,5,AB_SMALL,1960,1979,17,0.361356079578,6.14305353165,141.984649658,225.764434814,1.59006226063,51.3070144653,81.5813522339,False
HUN,2025,1920,MFH_1960_1979_Debrecen_ren184_gen2,gen2,5,AB_SMALL,1960,1979,17,2.1548166275,36.6318817139,141.984649658,677.330505371,4.77044868469,305.950897217,1459.52307129,False
HUN,2025,1921,MFH_1960_1979_Debrecen_ren184_gen2,gen2,5,AB_SMALL,1960,1979,17,1.21227514744,20.6086769104,141.984649658,242.725097656,1.70951652527,172.124465942,294.249603271,False
HUN,2025,1922,MFH_1960_1979_Debrecen_ren184_gen2,gen2,5,AB_SMALL,1960,1979,17,0.697877645493,11.8639202118,141.984649658,355.174255371,2.5014975071,99.0879135132,247.868179321,False
HUN,2025,1923,MFH_1960_1979_Debrecen_ren184_gen2,gen2,5,AB_SMALL,1960,1979,17,0.579157412052,9.84567642212,141.984649658,257.66796875,1.81475937366,82.2314605713,149.230316162,False
HUN,2025,1924,MFH_1960_1979_Debrecen_ren185_gen2,gen2,5,AB_SMALL,1960,1979,17,1.11347448826,18.9290657043,141.984649658,545.944946289,3.84509849548,158.096282959,607.895751953,False
HUN,2025,1925,MFH_1960_1979_Debrecen_ren185_gen2,gen2,5,AB_SMALL,1960,1979,17,0.559055745602,9.503947258,141.984649658,253.664428711,1.78656232357,79.3773345947,141.812561035,False
HUN,2025,1926,MFH_1960_1979_Debrecen_ren185_gen2,gen2,5,AB_SMALL,1960,1979,17,0.389298021793,6.61806631088,141.984649658,268.32421875,1.88981151581,55.2743415833,104.458084106,False
HUN,2025,1927,MFH_1960_1979_Debrecen_ren185_gen2,gen2,5,AB_SMALL,1960,1979,17,0.0118367448449,0.201224654913,141.984649658,225.764434814,1.59006226063,1.68063604832,2.67231607437,False
HUN,2025,1928,MFH_1960_1979_Debrecen_ren186_gen2,gen2,5,AB_SMALL,1960,1979,17,2.86856174469,48.7655487061,141.984649658,237.54486084,1.67303204536,407.291748047,681.412109375,False
HUN,2025,1929,MFH_1960_1979_Debrecen_ren186_gen2,gen2,5,AB_SMALL,1960,1979,17,0.848634958267,14.4267940521,141.984649658,237.426116943,1.67219567299,120.493133545,201.488098145,False
HUN,2025,1930,MFH_1960_1979_Debrecen_ren186_gen2,gen2,5,AB_SMALL,1960,1979,17,0.585782766342,9.95830726624,141.984649658,237.426116943,1.67219567299,83.1721572876,139.080123901,False
HUN,2025,1931,MFH_1960_1979_Debrecen_ren186_gen2,gen2,5,AB_SMALL,1960,1979,17,0.419199347496,7.12638902664,141.984649658,229.92300415,1.61935114861,59.5198707581,96.3835754395,False
HUN,2025,1932,MFH_1960_1979_Debrecen_ren187_gen2,gen2,5,AB_SMALL,1960,1979,17,2.5135102272,42.729675293,141.984649658,206.691314697,1.4557299614,356.879882812,519.520751953,False
HUN,2025,1933,MFH_1960_1979_Debrecen_ren187_gen2,gen2,5,AB_SMALL,1960,1979,17,0.940574288368,15.9897632599,141.984649658,207.919082642,1.46437716484,133.547103882,195.563339233,False
HUN,2025,1934,MFH_1960_1979_Debrecen_ren187_gen2,gen2,5,AB_SMALL,1960,1979,17,0.61558252573,10.4649028778,141.984649658,206.691314697,1.4557299614,87.4032669067,127.235565186,False
HUN,2025,1935,MFH_1960_1979_Debrecen_ren187_gen2,gen2,5,AB_SMALL,1960,1979,17,0.00546341948211,0.0928781330585,141.984649658,208.104614258,1.46568393707,0.775721728802,1.13696277142,False
HUN,2025,2072,MFH_1960_1979_Debrecen_ren381_gen2,gen2,5,AB_SMALL,1960,1979,17,0.521299421787,8.86209011078,141.984649658,250.794845581,1.76635181904,74.0165176392,130.739212036,False
HUN,2025,2073,MFH_1960_1979_Debrecen_ren381_gen2,gen2,5,AB_SMALL,1960,1979,17,0.160898804665,2.73527956009,141.984649658,250.56036377,1.76470041275,22.8451595306,40.3148612976,False
HUN,2025,2074,MFH_1960_1979_Debrecen_ren381_gen2,gen2,5,AB_SMALL,1960,1979,17,0.132813319564,2.25782632828,141.984649658,250.56036377,1.76470041275,18.8574523926,33.2777519226,False
HUN,2025,2075,MFH_1960_1979_Debrecen_ren381_gen2,gen2,5,AB_SMALL,1960,1979,17,0,0,141.984649658,224.699523926,1.58256208897,0,0,False
HUN,2025,3567,MFH_1960_1979_Debrecen_ren182_gen2,gen2,5,AB_SMALL,1960,1979,17,33.1770133972,564.009216309,141.984649658,677.330505371,4.77044868469,4710.62646484,22471.8027344,False
HUN,2025,3568,MFH_1960_1979_Debrecen_ren182_gen2,gen2,5,AB_SMALL,1960,1979,17,19.5159721375,331.771514893,141.984649658,242.725097656,1.70951652527,2770.96850586,4737.01611328,False
HUN,2025,3569,MFH_1960_1979_Debrecen_ren182_gen2,gen2,5,AB_SMALL,1960,1979,17,11.3670520782,193.239883423,141.984649658,355.174255371,2.5014975071,1613.94689941,4037.28417969,False
HUN,2025,3570,MFH_1960_1979_Debrecen_ren182_gen2,gen2,5,AB_SMALL,1960,1979,17,9.23996257782,157.079360962,141.984649658,257.66796875,1.81475937366,1311.93286133,2380.84228516,False
HUN,2025,3571,MFH_1960_1979_Debrecen_ren183_gen2,gen2,5,AB_SMALL,1960,1979,17,54.5355987549,927.105163574,141.984649658,545.944946289,3.84509849548,7743.21777344,29773.4335938,False
HUN,2025,3572,MFH_1960_1979_Debrecen_ren183_gen2,gen2,5,AB_SMALL,1960,1979,17,28.8068084717,489.715759277,141.984649658,253.664428711,1.78656232357,4090.12451172,7307.26269531,False
HUN,2025,3573,MFH_1960_1979_Debrecen_ren183_gen2,gen2,5,AB_SMALL,1960,1979,17,20.1343421936,342.283813477,141.984649658,268.32421875,1.88981151581,2858.76757812,5402.53173828,False
HUN,2025,3574,MFH_1960_1979_Debrecen_ren183_gen2,gen2,5,AB_SMALL,1960,1979,17,0.662795007229,11.2675151825,141.984649658,225.764434814,1.59006226063,94.1067199707,149.635543823,False
HUN,2025,3575,MFH_1960_1979_Debrecen_ren184_gen2,gen2,5,AB_SMALL,1960,1979,17,4.7571849823,80.8721466064,141.984649658,677.330505371,4.77044868469,675.447265625,3222.18652344,False
HUN,2025,3576,MFH_1960_1979_Debrecen_ren184_gen2,gen2,5,AB_SMALL,1960,1979,17,2.74557685852,46.6748046875,141.984649658,242.725097656,1.70951652527,389.829772949,666.420410156,False
HUN,2025,3577,MFH_1960_1979_Debrecen_ren184_gen2,gen2,5,AB_SMALL,1960,1979,17,1.60700559616,27.3190956116,141.984649658,355.174255371,2.5014975071,228.170120239,570.767028809,False
HUN,2025,3578,MFH_1960_1979_Debrecen_ren184_gen2,gen2,5,AB_SMALL,1960,1979,17,1.2660702467,21.5231933594,141.984649658,257.66796875,1.81475937366,179.762542725,326.225738525,False
HUN,2025,3579,MFH_1960_1979_Debrecen_ren185_gen2,gen2,5,AB_SMALL,1960,1979,17,4.54497241974,77.2645339966,141.984649658,545.944946289,3.84509849548,645.316345215,2481.3046875,False
HUN,2025,3580,MFH_1960_1979_Debrecen_ren185_gen2,gen2,5,AB_SMALL,1960,1979,17,2.3583779335,40.0924263,141.984649658,253.664428711,1.78656232357,334.85345459,598.236572266,False
HUN,2025,3581,MFH_1960_1979_Debrecen_ren185_gen2,gen2,5,AB_SMALL,1960,1979,17,1.65663123131,28.1627311707,141.984649658,268.32421875,1.88981151581,235.216201782,444.514282227,False
HUN,2025,3582,MFH_1960_1979_Debrecen_ren185_gen2,gen2,5,AB_SMALL,1960,1979,17,0.0441659800708,0.750821650028,141.984649658,225.764434814,1.59006226063,6.27089118958,9.97110748291,False
HUN,2025,3583,MFH_1960_1979_Debrecen_ren186_gen2,gen2,5,AB_SMALL,1960,1979,17,3.95461368561,67.2284317017,141.984649658,237.54486084,1.67303204536,561.494445801,939.398132324,False
HUN,2025,3584,MFH_1960_1979_Debrecen_ren186_gen2,gen2,5,AB_SMALL,1960,1979,17,1.16022801399,19.7238769531,141.984649658,237.54486084,1.67303204536,164.734573364,275.606201172,False
HUN,2025,3585,MFH_1960_1979_Debrecen_ren186_gen2,gen2,5,AB_SMALL,1960,1979,17,0.818385720253,13.9125576019,141.984649658,237.54486084,1.67303204536,116.19821167,194.403320312,False
HUN,2025,3586,MFH_1960_1979_Debrecen_ren186_gen2,gen2,5,AB_SMALL,1960,1979,17,0.506432056427,8.60934448242,141.984649658,229.92300415,1.61935114861,71.9055786133,116.440376282,False
HUN,2025,3587,MFH_1960_1979_Debrecen_ren187_gen2,gen2,5,AB_SMALL,1960,1979,17,4.69671726227,79.8441925049,141.984649658,206.691314697,1.4557299614,666.861755371,970.770690918,False
HUN,2025,3588,MFH_1960_1979_Debrecen_ren187_gen2,gen2,5,AB_SMALL,1960,1979,17,1.76172208786,29.9492759705,141.984649658,207.919082642,1.46437716484,250.137496948,366.295654297,False
HUN,2025,3589,MFH_1960_1979_Debrecen_ren187_gen2,gen2,5,AB_SMALL,1960,1979,17,1.15795111656,19.68516922,141.984649658,206.691314697,1.4557299614,164.4112854,239.338439941,False
HUN,2025,3590,MFH_1960_1979_Debrecen_ren187_gen2,gen2,5,AB_SMALL,1960,1979,17,0.0123545806855,0.210027873516,141.984649658,208.104614258,1.46568393707,1.75416076183,2.57104516029,False
HUN,2025,3755,MFH_1960_1979_Debrecen_ren380_gen2,gen2,5,AB_SMALL,1960,1979,17,0.494709461927,8.41006088257,141.984649658,272.845703125,1.92165637016,70.2411499023,134.979354858,False
HUN,2025,3756,MFH_1960_1979_Debrecen_ren380_gen2,gen2,5,AB_SMALL,1960,1979,17,0.146267384291,2.48654556274,141.984649658,272.845703125,1.92165637016,20.7677230835,39.9084281921,False
HUN,2025,3757,MFH_1960_1979_Debrecen_ren380_gen2,gen2,5,AB_SMALL,1960,1979,17,0.106413833797,1.809035182,141.984649658,272.793640137,1.92128968239,15.1091308594,29.0290164948,False
HUN,2025,3758,MFH_1960_1979_Debrecen_ren380_gen2,gen2,5,AB_SMALL,1960,1979,17,0.069009847939,1.17316746712,141.984649658,252.458786011,1.77807092667,9.79833889008,17.4221420288,False
HUN,2025,3759,MFH_1960_1979_Debrecen_ren381_gen2,gen2,5,AB_SMALL,1960,1979,17,0.000411919609178,0.00700263353065,141.984649658,250.794845581,1.76635181904,0.0584862604737,0.103307314217,False
HUN,2025,3760,MFH_1960_1979_Debrecen_ren381_gen2,gen2,5,AB_SMALL,1960,1979,17,0.000118736483273,0.00201852014288,141.984649658,250.794845581,1.76635181904,0.0168587584049,0.0297784972936,False
HUN,2025,3761,MFH_1960_1979_Debrecen_ren381_gen2,gen2,5,AB_SMALL,1960,1979,17,9.87807725323e-05,0.00167927308939,141.984649658,250.794845581,1.76635181904,0.0140253538266,0.024773709476,False
HUN,2025,3762,MFH_1960_1979_Debrecen_ren381_gen2,gen2,5,AB_SMALL,1960,1979,17,0,0,141.984649658,224.699523926,1.58256208897,0,0,False
HUN,2025,5393,MFH_1960_1979_Debrecen_ren182_gen2,gen2,5,AB_SMALL,1960,1979,17,40.1742591858,682.962402344,141.984649658,677.330505371,4.77044868469,5704.12792969,27211.2519531,False
HUN,2025,5394,MFH_1960_1979_Debrecen_ren182_gen2,gen2,5,AB_SMALL,1960,1979,17,44.1188926697,750.021179199,141.984649658,242.725097656,1.70951652527,6264.20556641,10708.7626953,False
HUN,2025,5395,MFH_1960_1979_Debrecen_ren182_gen2,gen2,5,AB_SMALL,1960,1979,17,7.89050769806,134.138626099,141.984649658,355.174255371,2.5014975071,1120.33093262,2802.50512695,False
HUN,2025,5396,MFH_1960_1979_Debrecen_ren182_gen2,gen2,5,AB_SMALL,1960,1979,17,23.1803417206,394.065795898,141.984649658,262.204864502,1.84671270847,3291.25268555,6077.99853516,False
HUN,2025,5397,MFH_1960_1979_Debrecen_ren183_gen2,gen2,5,AB_SMALL,1960,1979,17,66.9360656738,1137.91308594,141.984649658,545.944946289,3.84509849548,9503.89355469,36543.40625,False
HUN,2025,5398,MFH_1960_1979_Debrecen_ren183_gen2,gen2,5,AB_SMALL,1960,1979,17,72.7942733765,1237.50268555,141.984649658,253.664428711,1.78656232357,10335.6689453,18465.3183594,False
HUN,2025,5399,MFH_1960_1979_Debrecen_ren183_gen2,gen2,5,AB_SMALL,1960,1979,17,15.3931741714,261.683959961,141.984649658,268.32421875,1.88981151581,2185.59448242,4130.36132812,False
HUN,2025,5400,MFH_1960_1979_Debrecen_ren183_gen2,gen2,5,AB_SMALL,1960,1979,17,3.48542308807,59.2521934509,141.984649658,225.764434814,1.59006226063,494.876586914,786.88458252,False
HUN,2025,5401,MFH_1960_1979_Debrecen_ren184_gen2,gen2,5,AB_SMALL,1960,1979,17,5.74110174179,97.5987319946,141.984649658,677.330505371,4.77044868469,815.14831543,3888.62329102,False
HUN,2025,5402,MFH_1960_1979_Debrecen_ren184_gen2,gen2,5,AB_SMALL,1960,1979,17,6.32088088989,107.454971313,141.984649658,242.725097656,1.70951652527,897.468078613,1534.2364502,False
HUN,2025,5403,MFH_1960_1979_Debrecen_ren184_gen2,gen2,5,AB_SMALL,1960,1979,17,1.13201093674,19.2441864014,141.984649658,355.174255371,2.5014975071,160.728179932,402.061126709,False
HUN,2025,5404,MFH_1960_1979_Debrecen_ren184_gen2,gen2,5,AB_SMALL,1960,1979,17,3.31688427925,56.3870315552,141.984649658,262.204864502,1.84671270847,470.946655273,869.703186035,False
HUN,2025,5405,MFH_1960_1979_Debrecen_ren185_gen2,gen2,5,AB_SMALL,1960,1979,17,5.06727695465,86.1437072754,141.984649658,545.944946289,3.84509849548,719.475524902,2766.4543457,False
HUN,2025,5406,MFH_1960_1979_Debrecen_ren185_gen2,gen2,5,AB_SMALL,1960,1979,17,5.63694810867,95.8281173706,141.984649658,253.664428711,1.78656232357,800.360107422,1429.89318848,False
HUN,2025,5407,MFH_1960_1979_Debrecen_ren185_gen2,gen2,5,AB_SMALL,1960,1979,17,1.20475113392,20.4807701111,141.984649658,268.32421875,1.88981151581,171.056167603,323.263916016,False
HUN,2025,5408,MFH_1960_1979_Debrecen_ren185_gen2,gen2,5,AB_SMALL,1960,1979,17,0.278472989798,4.73404073715,141.984649658,225.764434814,1.59006226063,39.5388908386,62.8692970276,False
HUN,2025,5409,MFH_1960_1979_Debrecen_ren186_gen2,gen2,5,AB_SMALL,1960,1979,17,6.18091773987,105.07559967,141.984649658,237.54486084,1.67303204536,877.595458984,1468.24523926,False
HUN,2025,5410,MFH_1960_1979_Debrecen_ren186_gen2,gen2,5,AB_SMALL,1960,1979,17,3.5930378437,61.0816421509,141.984649658,237.54486084,1.67303204536,510.156219482,853.50769043,False
HUN,2025,5411,MFH_1960_1979_Debrecen_ren186_gen2,gen2,5,AB_SMALL,1960,1979,17,0.721258044243,12.2613868713,141.984649658,237.54486084,1.67303204536,102.407569885,171.33114624,False
HUN,2025,5412,MFH_1960_1979_Debrecen_ren186_gen2,gen2,5,AB_SMALL,1960,1979,17,1.89747405052,32.2570571899,141.984649658,229.92300415,1.61935114861,269.412200928,436.272949219,False
HUN,2025,5413,MFH_1960_1979_Debrecen_ren187_gen2,gen2,5,AB_SMALL,1960,1979,17,5.6805973053,96.5701522827,141.984649658,206.691314697,1.4557299614,806.557617188,1174.13012695,False
HUN,2025,5414,MFH_1960_1979_Debrecen_ren187_gen2,gen2,5,AB_SMALL,1960,1979,17,4.55315256119,77.4035949707,141.984649658,207.919082642,1.46437716484,646.477783203,946.687316895,False
HUN,2025,5415,MFH_1960_1979_Debrecen_ren187_gen2,gen2,5,AB_SMALL,1960,1979,17,0.848518073559,14.4248075485,141.984649658,206.691314697,1.4557299614,120.476539612,175.381317139,False
HUN,2025,5416,MFH_1960_1979_Debrecen_ren187_gen2,gen2,5,AB_SMALL,1960,1979,17,0.17594499886,2.99106502533,141.984649658,208.104614258,1.46568393707,24.9814891815,36.6149673462,False
HUN,2025,5629,MFH_1960_1979_Debrecen_ren380_gen2,gen2,5,AB_SMALL,1960,1979,17,0.471219003201,8.01072311401,141.984649658,272.845703125,1.92165637016,66.9058685303,128.570083618,False
HUN,2025,5630,MFH_1960_1979_Debrecen_ren380_gen2,gen2,5,AB_SMALL,1960,1979,17,0.279765993357,4.75602197647,141.984649658,272.845703125,1.92165637016,39.7224769592,76.3329467773,False
HUN,2025,5631,MFH_1960_1979_Debrecen_ren380_gen2,gen2,5,AB_SMALL,1960,1979,17,0.0554219968617,0.942173957825,141.984649658,272.793640137,1.92128968239,7.86907291412,15.118768692,False
HUN,2025,5632,MFH_1960_1979_Debrecen_ren380_gen2,gen2,5,AB_SMALL,1960,1979,17,0.132997006178,2.26094913483,141.984649658,252.458786011,1.77807092667,18.8835334778,33.5762634277,False
HUN,2025,5633,MFH_1960_1979_Debrecen_ren381_gen2,gen2,5,AB_SMALL,1960,1979,17,0.806922972202,13.7176904678,141.984649658,250.794845581,1.76635181904,114.570678711,202.372116089,False
HUN,2025,5634,MFH_1960_1979_Debrecen_ren381_gen2,gen2,5,AB_SMALL,1960,1979,17,0.533783972263,9.07432746887,141.984649658,250.794845581,1.76635181904,75.7891311646,133.870269775,False
HUN,2025,5635,MFH_1960_1979_Debrecen_ren381_gen2,gen2,5,AB_SMALL,1960,1979,17,0.125577002764,2.13480901718,141.984649658,250.794845581,1.76635181904,17.8300075531,31.4940643311,False
HUN,2025,5636,MFH_1960_1979_Debrecen_ren381_gen2,gen2,5,AB_SMALL,1960,1979,17,0.0175039991736,0.297567993402,141.984649658,224.699523926,1.58256208897,2.48529911041,3.93314027786,False
HUN,2025,486,MFH_1980_1989_Debrecen_ren188_gen2,gen2,5,AB_SMALL,1980,1989,17,180.927993774,3075.77587891,141.984649658,593.612426758,4.18082094193,25688.9980469,107401.101562,False
HUN,2025,487,MFH_1980_1989_Debrecen_ren189_gen2,gen2,5,AB_SMALL,1980,1989,17,231.899612427,3942.29345703,141.984649658,507.724090576,3.57590842247,32926.1835938,117741.023438,False
HUN,2025,488,MFH_1980_1989_Debrecen_ren190_gen2,gen2,5,AB_SMALL,1980,1989,17,4.81413841248,81.8403549194,141.984649658,593.612426758,4.18082094193,683.533752441,2857.73242188,False
HUN,2025,489,MFH_1980_1989_Debrecen_ren191_gen2,gen2,5,AB_SMALL,1980,1989,17,3.29229927063,55.9690856934,141.984649658,507.724090576,3.57590842247,467.455963135,1671.57971191,False
HUN,2025,490,MFH_1980_1989_Debrecen_ren192_gen2,gen2,5,AB_SMALL,1980,1989,17,3.25319433212,55.3043022156,141.984649658,227.067276001,1.59923815727,461.903656006,738.693969727,False
HUN,2025,491,MFH_1980_1989_Debrecen_ren193_gen2,gen2,5,AB_SMALL,1980,1989,17,2.15717220306,36.6719284058,141.984649658,201.425125122,1.41864013672,306.285339355,434.508666992,False
HUN,2025,592,MFH_1980_1989_Debrecen_ren382_gen2,gen2,5,AB_SMALL,1980,1989,17,0.142535254359,2.4230992794,141.984649658,268.409057617,1.89040899277,20.2378177643,38.2577514648,False
HUN,2025,593,MFH_1980_1989_Debrecen_ren383_gen2,gen2,5,AB_SMALL,1980,1989,17,0.0993777066469,1.6894210577,141.984649658,249.483459473,1.7571157217,14.1101093292,24.793094635,False
HUN,2025,3591,MFH_1980_1989_Debrecen_ren188_gen2,gen2,5,AB_SMALL,1980,1989,17,1.7443625927,29.6541633606,141.984649658,593.612426758,4.18082094193,247.672714233,1035.4753418,False
HUN,2025,3592,MFH_1980_1989_Debrecen_ren188_gen2,gen2,5,AB_SMALL,1980,1989,17,0.724955499172,12.3242435455,141.984649658,236.057342529,1.66255533695,102.932556152,171.131072998,False
HUN,2025,3593,MFH_1980_1989_Debrecen_ren188_gen2,gen2,5,AB_SMALL,1980,1989,17,0.482869207859,8.208776474,141.984649658,289.234039307,2.03707957268,68.5600128174,139.662216187,False
HUN,2025,3594,MFH_1980_1989_Debrecen_ren188_gen2,gen2,5,AB_SMALL,1980,1989,17,0.34073933959,5.79256868362,141.984649658,241.497070312,1.70086741447,48.3797569275,82.2875518799,False
HUN,2025,3595,MFH_1980_1989_Debrecen_ren189_gen2,gen2,5,AB_SMALL,1980,1989,17,2.37023115158,40.2939300537,141.984649658,507.724090576,3.57590842247,336.536437988,1203.42346191,False
HUN,2025,3596,MFH_1980_1989_Debrecen_ren189_gen2,gen2,5,AB_SMALL,1980,1989,17,0.814810872078,13.8517847061,141.984649658,259.618560791,1.82849740982,115.690635681,211.540023804,False
HUN,2025,3597,MFH_1980_1989_Debrecen_ren189_gen2,gen2,5,AB_SMALL,1980,1989,17,0.57234865427,9.72992706299,141.984649658,228.245788574,1.60753846169,81.2647247314,130.636169434,False
HUN,2025,3598,MFH_1980_1989_Debrecen_ren189_gen2,gen2,5,AB_SMALL,1980,1989,17,0.414886176586,7.05306482315,141.984649658,226.737945557,1.59691870213,58.9074668884,94.0704421997,False
HUN,2025,5417,MFH_1980_1989_Debrecen_ren188_gen2,gen2,5,AB_SMALL,1980,1989,17,2.77077198029,47.1031227112,141.984649658,593.612426758,4.18082094193,393.407073975,1644.76464844,False
HUN,2025,5418,MFH_1980_1989_Debrecen_ren188_gen2,gen2,5,AB_SMALL,1980,1989,17,2.42411398888,41.2099380493,141.984649658,236.057342529,1.66255533695,344.186981201,572.229919434,False
HUN,2025,5419,MFH_1980_1989_Debrecen_ren188_gen2,gen2,5,AB_SMALL,1980,1989,17,0.464641988277,7.89891386032,141.984649658,289.234039307,2.03707957268,65.9720306396,134.390274048,False
HUN,2025,5420,MFH_1980_1989_Debrecen_ren188_gen2,gen2,5,AB_SMALL,1980,1989,17,1.39037406445,23.6363582611,141.984649658,241.497070312,1.70086741447,197.411773682,335.771270752,False
HUN,2025,5421,MFH_1980_1989_Debrecen_ren189_gen2,gen2,5,AB_SMALL,1980,1989,17,1.55805897713,26.4870033264,141.984649658,507.724090576,3.57590842247,221.220458984,791.064086914,False
HUN,2025,5422,MFH_1980_1989_Debrecen_ren189_gen2,gen2,5,AB_SMALL,1980,1989,17,1.14240205288,19.420835495,141.984649658,259.618560791,1.82849740982,162.203552246,296.588775635,False
HUN,2025,5423,MFH_1980_1989_Debrecen_ren189_gen2,gen2,5,AB_SMALL,1980,1989,17,0.221033006907,3.75756120682,141.984649658,228.245788574,1.60753846169,31.3832931519,50.4498519897,False
HUN,2025,5424,MFH_1980_1989_Debrecen_ren189_gen2,gen2,5,AB_SMALL,1980,1989,17,0.703155040741,11.9536361694,141.984649658,226.737945557,1.59691870213,99.8372192383,159.431930542,False
HUN,2025,5425,MFH_1980_1989_Debrecen_ren193_gen2,gen2,5,AB_SMALL,1980,1989,17,0.00987999979407,0.167960003018,141.984649658,201.425125122,1.41864013672,1.4028083086,1.99008023739,False
HUN,2025,5426,MFH_1980_1989_Debrecen_ren193_gen2,gen2,5,AB_SMALL,1980,1989,17,0.00529700005427,0.0900489985943,141.984649658,203.014709473,1.42983567715,0.752092719078,1.07536888123,False
HUN,2025,5427,MFH_1980_1989_Debrecen_ren193_gen2,gen2,5,AB_SMALL,1980,1989,17,0.000818000000436,0.013906000182,141.984649658,201.425125122,1.41864013672,0.11614344269,0.164765745401,False
HUN,2025,5428,MFH_1980_1989_Debrecen_ren193_gen2,gen2,5,AB_SMALL,1980,1989,17,0.00238099996932,0.0404770001769,141.984649658,203.192733765,1.43108940125,0.338065445423,0.48380190134,False
HUN,2025,474,MFH_1990_2005_Debrecen_ren176_gen2,gen2,5,AB_SMALL,1990,2005,17,101.990394592,1733.83666992,129.184524536,553.723022461,4.28629541397,13175.5810547,56474.4296875,False
HUN,2025,475,MFH_1990_2005_Debrecen_ren177_gen2,gen2,5,AB_SMALL,1990,2005,17,5.49945640564,93.4907608032,129.184524536,473.066223145,3.66194200516,710.444641113,2601.60717773,False
HUN,2025,476,MFH_1990_2005_Debrecen_ren178_gen2,gen2,5,AB_SMALL,1990,2005,17,0.135682806373,2.30660772324,129.184524536,553.723022461,4.28629541397,17.5281181335,75.1306915283,False
HUN,2025,477,MFH_1990_2005_Debrecen_ren179_gen2,gen2,5,AB_SMALL,1990,2005,17,0.0137565862387,0.233861967921,129.184524536,473.066223145,3.66194200516,1.77713799477,6.50777626038,False
HUN,2025,478,MFH_1990_2005_Debrecen_ren180_gen2,gen2,5,AB_SMALL,1990,2005,17,0.0907708257437,1.54310405254,129.184524536,215.343994141,1.66694879532,11.7261857986,19.5469512939,False
HUN,2025,479,MFH_1990_2005_Debrecen_ren181_gen2,gen2,5,AB_SMALL,1990,2005,17,0.00903998874128,0.153679803014,129.184524536,190.564224243,1.47513198853,1.16782665253,1.72269845009,False
HUN,2025,588,MFH_1990_2005_Debrecen_ren378_gen2,gen2,5,AB_SMALL,1990,2005,17,0.00418209470809,0.0710956081748,129.184524536,254.569152832,1.97058546543,0.540261924267,1.06463229656,False
HUN,2025,589,MFH_1990_2005_Debrecen_ren379_gen2,gen2,5,AB_SMALL,1990,2005,17,0.000423450925155,0.00719866575673,129.184524536,235.389678955,1.82211983204,0.0547033064067,0.09967597574,False
HUN,2025,5389,MFH_1990_2005_Debrecen_ren176_gen2,gen2,5,AB_SMALL,1990,2005,17,1.11913204193,19.0252456665,129.184524536,553.723022461,4.28629541397,144.574539185,619.689147949,False
HUN,2025,5390,MFH_1990_2005_Debrecen_ren176_gen2,gen2,5,AB_SMALL,1990,2005,17,0.748609006405,12.7263526917,129.184524536,268.033172607,2.07480859756,96.7087020874,200.652053833,False
HUN,2025,5391,MFH_1990_2005_Debrecen_ren176_gen2,gen2,5,AB_SMALL,1990,2005,17,0.159617990255,2.71350574493,129.184524536,240.273468018,1.85992455482,20.620174408,38.3519668579,False
HUN,2025,5392,MFH_1990_2005_Debrecen_ren176_gen2,gen2,5,AB_SMALL,1990,2005,17,0.436852991581,7.42650079727,129.184524536,224.304382324,1.73631000519,56.4346466064,97.9880371094,False
HUN,2025,5625,MFH_1990_2005_Debrecen_ren379_gen2,gen2,5,AB_SMALL,1990,2005,17,1.49999996211e-05,0.000254999991739,129.184524536,235.389678955,1.82211983204,0.00193776783999,0.00353084504604,False
HUN,2025,5626,MFH_1990_2005_Debrecen_ren379_gen2,gen2,5,AB_SMALL,1990,2005,17,7.00000009601e-06,0.000119000003906,129.184524536,235.389678955,1.82211983204,0.000904291693587,0.00164772779681,False
HUN,2025,5627,MFH_1990_2005_Debrecen_ren379_gen2,gen2,5,AB_SMALL,1990,2005,17,9.99999997475e-07,1.70000002981e-05,129.184524536,228.890258789,1.77180862427,0.000129184525576,0.000228890261496,False
HUN,2025,5628,MFH_1990_2005_Debrecen_ren379_gen2,gen2,5,AB_SMALL,1990,2005,17,3.00000010611e-06,5.10000027134e-05,129.184524536,221.626739502,1.71558272839,0.000387553591281,0.000664880266413,False
